timestamp,location-long,location-lat,bas:compensated-latitute,tag-local-identifier
04/09/2014 04:37:00,-69.59,76.5,76.5,V1282_002
04/09/2014 15:58:00,-59.88,74.22,76.2,V1282_002
05/09/2014 04:22:00,-65.79,72.25,73.01,V1282_002
05/09/2014 15:46:00,-56.83,67.01,71.07,V1282_002
06/09/2014 03:44:00,-56.25,67.92,67.73,V1282_002
06/09/2014 15:40:00,-55.42,67.63,68.03,V1282_002
07/09/2014 03:50:00,-57.96,65.78,66.75,V1282_002
07/09/2014 15:43:00,-56.13,64.21,65.6,V1282_002
08/09/2014 03:43:00,-56.17,64.7,64.7,V1282_002
08/09/2014 15:43:00,-56.21,65.2,65.2,V1282_002
09/09/2014 03:41:00,-55.88,66.12,65.85,V1282_002
09/09/2014 15:36:00,-54.67,65.2,66.07,V1282_002
10/09/2014 03:47:00,-57.59,61.77,63.64,V1282_002
10/09/2014 15:45:00,-57.14,61.55,61.96,V1282_002
11/09/2014 03:43:00,-56.56,63.16,62.77,V1282_002
11/09/2014 15:44:00,-56.72,63.96,63.96,V1282_002
12/09/2014 03:47:00,-57.64,63.23,64.02,V1282_002
12/09/2014 15:45:00,-57.31,63.26,63.67,V1282_002
13/09/2014 03:44:00,-56.98,64.52,64.13,V1282_002
13/09/2014 15:40:00,-55.9,63.33,64.59,V1282_002
14/09/2014 03:45:00,-57.32,61.42,62.43,V1282_002
14/09/2014 15:45:00,-57.49,62.44,62.44,V1282_002
15/09/2014 03:37:00,-55.41,66.82,65.25,V1282_002
15/09/2014 15:34:00,-54.58,66.18,66.95,V1282_002
16/09/2014 03:46:00,-57.75,60.69,63.55,V1282_002
16/09/2014 15:37:00,-55.67,55.11,59.23,V1282_002
17/09/2014 03:32:00,-54.34,60.54,59.09,V1282_002
17/09/2014 15:31:00,-54.26,61.17,61.17,V1282_002
18/09/2014 03:34:00,-54.93,60.38,61.12,V1282_002
18/09/2014 15:41:00,-56.6,65.56,-82.67,V1282_002
19/09/2014 03:36:00,-55.52,68.63,67.73,V1282_002
19/09/2014 15:33:00,-54.69,67.94,68.86,V1282_002
20/09/2014 03:35:00,-55.48,-79.81,67.92,V1282_002
20/09/2014 15:34:00,-55.28,67.89,67.89,V1282_002
21/09/2014 03:41:00,-56.94,-74.93,66.99,V1282_002
21/09/2014 15:40:00,-56.61,-72.86,-73.38,V1282_002
22/09/2014 03:37:00,-56.16,67.79,67.12,V1282_002
22/09/2014 15:34:00,-55.33,66.64,-70.47,V1282_002
23/09/2014 03:39:00,-56.62,63.72,-65.35,V1282_002
23/09/2014 15:30:00,-54.41,50.91,-56.43,V1282_002
24/09/2014 03:31:00,-54.83,-37.98,52.22,V1282_002
24/09/2014 15:31:00,-54.75,-33.55,-33.55,V1282_002
25/09/2014 03:28:00,-54.17,-40.47,-37.23,V1282_002
25/09/2014 15:32:00,-55.09,-47.26,65.13,V1282_002
26/09/2014 03:34:00,-55.63,-40.88,-43.34,V1282_002
26/09/2014 15:31:00,-54.92,-29.79,-33.3,V1282_002
27/09/2014 03:32:00,-55.22,67.22,-28.17,V1282_002
27/09/2014 15:28:00,-54.26,61.02,66.88,V1282_002
28/09/2014 03:32:00,-55.3,90,57.47,V1282_002
28/09/2014 15:30:00,-54.84,90,90,V1282_002
29/09/2014 03:27:00,-54.26,66.71,55.43,V1282_002
29/09/2014 15:24:00,-53.43,90,41.78,V1282_002
30/09/2014 03:32:00,-55.34,90,90,V1282_002
30/09/2014 15:32:00,-55.51,90,90,V1282_002
01/10/2014 03:35:00,-56.3,84.64,82.22,V1282_002
01/10/2014 15:38:00,-57.09,71.71,76.51,V1282_002
02/10/2014 03:45:00,-58.88,78.47,72.97,V1282_002
02/10/2014 15:36:00,-56.55,81.63,79.64,V1282_002
03/10/2014 03:41:00,-57.83,81.53,80.42,V1282_002
03/10/2014 15:41:00,-58,79.63,79.63,V1282_002
04/10/2014 03:33:00,-55.91,72.46,75.52,V1282_002
04/10/2014 15:39:00,-57.45,62.54,66.92,V1282_002
05/10/2014 03:40:00,-57.86,62.56,60.99,V1282_002
05/10/2014 15:37:00,-57.28,63.9,62.58,V1282_002
06/10/2014 03:37:00,-57.19,61.29,61.29,V1282_002
06/10/2014 15:26:00,-54.6,69.88,65.81,V1282_002
07/10/2014 03:30:00,-55.64,71.02,69.8,V1282_002
07/10/2014 15:34:00,-56.55,67.4,68.79,V1282_002
08/10/2014 03:45:00,-59.33,72.4,69.37,V1282_002
08/10/2014 15:35:00,-56.87,75.06,73.76,V1282_002
09/10/2014 03:35:00,-56.9,74.19,74.19,V1282_002
09/10/2014 15:28:00,-55.19,75.36,74.55,V1282_002
10/10/2014 03:31:00,-55.97,75.36,74.86,V1282_002
10/10/2014 15:34:00,-56.63,73.98,74.25,V1282_002
11/10/2014 03:24:00,-54.41,70.28,72.04,V1282_002
11/10/2014 15:15:00,-51.94,72.82,71.61,V1282_002
12/10/2014 03:18:00,-52.73,72.95,72.4,V1282_002
12/10/2014 15:27:00,-55.13,69.22,70.61,V1282_002
13/10/2014 03:22:00,-53.91,66.39,67.68,V1282_002
13/10/2014 15:21:00,-53.69,66.05,66.05,V1282_002
14/10/2014 03:30:00,-55.97,68.84,66.99,V1282_002
14/10/2014 15:22:00,-54,70.67,69.8,V1282_002
15/10/2014 03:22:00,-54.15,70.2,70.2,V1282_002
15/10/2014 15:22:00,-53.93,69.88,69.88,V1282_002
16/10/2014 03:27:00,-55.46,70.87,69.84,V1282_002
16/10/2014 15:27:00,-55.49,70.32,70.32,V1282_002
17/10/2014 03:24:00,-54.64,68.85,69.39,V1282_002
17/10/2014 15:25:00,-55.04,67.86,68.15,V1282_002
18/10/2014 03:26:00,-55.19,67.45,67.45,V1282_002
18/10/2014 15:28:00,-55.71,66.29,66.6,V1282_002
19/10/2014 03:42:00,-59.24,69.55,67.53,V1282_002
19/10/2014 15:44:00,-59.63,68.72,68.96,V1282_002
20/10/2014 03:37:00,-58.03,66.51,67.6,V1282_002
20/10/2014 15:33:00,-56.93,67.25,66.71,V1282_002
21/10/2014 03:28:00,-55.82,65.51,66.37,V1282_002
21/10/2014 15:25:00,-55.22,65.75,65.46,V1282_002
22/10/2014 03:33:00,-56.99,67.13,66.1,V1282_002
22/10/2014 15:21:00,-54.13,69.25,68.42,V1282_002
23/10/2014 03:18:00,-53.28,68.12,68.54,V1282_002
23/10/2014 15:10:00,-51.29,69.32,68.75,V1282_002
24/10/2014 03:21:00,-54.06,70.82,69.66,V1282_002
24/10/2014 15:39:00,-58.58,67.11,68.54,V1282_002
25/10/2014 03:27:00,-55.84,63.99,65.79,V1282_002
25/10/2014 15:25:00,-55.23,64.25,63.98,V1282_002
26/10/2014 03:37:00,-58.37,66.81,64.99,V1282_002
26/10/2014 15:34:00,-57.51,67.16,66.95,V1282_002
27/10/2014 03:33:00,-57.27,66.59,66.79,V1282_002
27/10/2014 15:25:00,-55.41,67.7,67.13,V1282_002
28/10/2014 03:23:00,-54.92,66.98,67.17,V1282_002
28/10/2014 15:26:00,-55.68,66.04,66.24,V1282_002
29/10/2014 03:33:00,-57.31,66.96,66.2,V1282_002
29/10/2014 15:31:00,-56.82,67,66.81,V1282_002
30/10/2014 03:33:00,-57.2,66.94,66.76,V1282_002
30/10/2014 15:26:00,-55.71,67.65,67.32,V1282_002
31/10/2014 03:28:00,-56.09,67.59,67.43,V1282_002
31/10/2014 15:32:00,-57.09,66.62,66.8,V1282_002
01/11/2014 03:41:00,-59.22,67.71,66.75,V1282_002
01/11/2014 15:32:00,-56.98,68.72,68.31,V1282_002
02/11/2014 03:23:00,-54.85,67.22,68.11,V1282_002
02/11/2014 15:26:00,-55.73,66.38,66.54,V1282_002
03/11/2014 03:34:00,-57.73,67.35,66.58,V1282_002
03/11/2014 15:28:00,-56.23,67.93,67.66,V1282_002
04/11/2014 03:23:00,-54.86,66.89,67.47,V1282_002
04/11/2014 15:25:00,-55.48,66.25,66.4,V1282_002
05/11/2014 03:34:00,-57.48,67.16,66.44,V1282_002
05/11/2014 15:28:00,-56.1,67.66,67.4,V1282_002
06/11/2014 03:26:00,-55.72,67.22,67.35,V1282_002
06/11/2014 15:27:00,-55.96,66.84,66.84,V1282_002
07/11/2014 03:29:00,-56.46,66.87,66.74,V1282_002
07/11/2014 15:29:00,-56.33,66.71,66.71,V1282_002
08/11/2014 03:25:00,-55.32,65.92,66.34,V1282_002
08/11/2014 15:28:00,-56.06,65.24,65.39,V1282_002
09/11/2014 03:35:00,-57.8,66.01,65.3,V1282_002
09/11/2014 15:32:00,-56.91,66.26,66.13,V1282_002
10/11/2014 03:37:00,-58.28,66.75,66.24,V1282_002
10/11/2014 15:39:00,-58.64,66.35,66.35,V1282_002
11/11/2014 03:40:00,-59,66.32,66.2,V1282_002
11/11/2014 15:36:00,-58.11,66.55,66.43,V1282_002
12/11/2014 03:26:00,-55.6,65.05,65.98,V1282_002
12/11/2014 15:25:00,-55.21,65.05,65.05,V1282_002
13/11/2014 03:33:00,-57.07,65.82,65.18,V1282_002
13/11/2014 15:37:00,-58.05,65.11,65.24,V1282_002
14/11/2014 03:34:00,-57.53,64.65,64.78,V1282_002
14/11/2014 15:32:00,-56.89,64.79,64.66,V1282_002
15/11/2014 03:34:00,-57.37,64.86,64.73,V1282_002
15/11/2014 15:36:00,-57.72,64.47,64.47,V1282_002
16/11/2014 03:38:00,-58.2,64.55,64.42,V1282_002
16/11/2014 15:26:00,-55.43,65.71,65.36,V1282_002
17/11/2014 03:30:00,-56.15,65.88,65.65,V1282_002
17/11/2014 15:35:00,-57.38,65.13,65.25,V1282_002
18/11/2014 03:32:00,-56.73,64.66,64.9,V1282_002
18/11/2014 15:34:00,-57.08,64.31,64.31,V1282_002
19/11/2014 03:48:00,-60.67,65.81,64.68,V1282_002
19/11/2014 15:40:00,-58.52,66.51,66.32,V1282_002
20/11/2014 03:22:00,-54.24,64.54,65.97,V1282_002
20/11/2014 15:26:00,-55.09,63.96,64.08,V1282_002
21/11/2014 03:32:00,-56.56,64.52,64.05,V1282_002
21/11/2014 15:18:00,-53.03,65.87,65.47,V1282_002
22/11/2014 03:19:00,-53.24,65.82,65.73,V1282_002
22/11/2014 15:41:00,-58.59,63.28,64.01,V1282_002
23/11/2014 03:53:00,-61.8,64.66,63.63,V1282_002
23/11/2014 15:36:00,-57.52,66.21,65.84,V1282_002
24/11/2014 03:25:00,-54.61,64.97,65.85,V1282_002
24/11/2014 15:29:00,-55.7,64.36,64.47,V1282_002
25/11/2014 03:40:00,-58.28,65.3,64.49,V1282_002
25/11/2014 15:38:00,-57.75,65.37,65.27,V1282_002
26/11/2014 03:34:00,-56.71,64.86,65.15,V1282_002
26/11/2014 15:36:00,-57.29,64.48,64.58,V1282_002
27/11/2014 03:57:00,-62.38,66.24,64.9,V1282_002
27/11/2014 15:59:00,-62.84,65.96,65.96,V1282_002
28/11/2014 03:45:00,-59.17,64.53,65.55,V1282_002
28/11/2014 15:40:00,-57.88,64.9,64.8,V1282_002
29/11/2014 03:50:00,-60.46,65.72,65.02,V1282_002
29/11/2014 15:41:00,-58.17,66.34,66.19,V1282_002
30/11/2014 03:34:00,-56.25,65.64,66.13,V1282_002
30/11/2014 15:44:00,-58.7,64.66,64.85,V1282_002
01/12/2014 03:43:00,-58.53,64.51,64.61,V1282_002
01/12/2014 15:25:00,-53.98,65.96,65.64,V1282_002
02/12/2014 03:23:00,-53.56,65.75,65.82,V1282_002
02/12/2014 15:41:00,-57.89,64.13,64.51,V1282_002
03/12/2014 03:39:00,-57.34,63.85,64.04,V1282_002
03/12/2014 15:39:00,-57.29,63.76,63.76,V1282_002
04/12/2014 03:45:00,-58.61,64.2,63.82,V1282_002
04/12/2014 15:31:00,-55.19,65.28,65.04,V1282_002
05/12/2014 03:34:00,-56.01,65.48,65.24,V1282_002
05/12/2014 15:46:00,-58.84,64.45,64.71,V1282_002
06/12/2014 03:40:00,-57.16,63.78,64.24,V1282_002
06/12/2014 15:41:00,-57.48,63.57,63.57,V1282_002
07/12/2014 03:45:00,-58.43,63.87,63.59,V1282_002
07/12/2014 15:45:00,-58.37,63.8,63.8,V1282_002
08/12/2014 03:54:00,-60.57,64.53,63.92,V1282_002
08/12/2014 15:56:00,-61.01,64.29,64.29,V1282_002
09/12/2014 03:48:00,-58.96,63.51,64.06,V1282_002
09/12/2014 15:46:00,-58.53,63.59,63.59,V1282_002
10/12/2014 03:40:00,-56.72,62.86,63.35,V1282_002
10/12/2014 15:35:00,-55.54,63.25,63.15,V1282_002
11/12/2014 03:39:00,-56.48,63.57,63.29,V1282_002
11/12/2014 15:40:00,-56.68,63.42,63.42,V1282_002
12/12/2014 03:57:00,-60.87,64.81,63.74,V1282_002
12/12/2014 16:09:00,-63.93,63.73,63.99,V1282_002
13/12/2014 03:56:00,-60.5,62.41,63.38,V1282_002
13/12/2014 15:42:00,-56.82,63.74,63.38,V1282_002
14/12/2014 03:50:00,-59.01,64.45,63.88,V1282_002
14/12/2014 15:54:00,-59.82,64.13,64.22,V1282_002
15/12/2014 03:52:00,-59.26,63.93,64.1,V1282_002
15/12/2014 15:50:00,-58.7,64.07,63.99,V1282_002
16/12/2014 03:38:00,-55.64,62.98,63.79,V1282_002
16/12/2014 15:39:00,-55.83,62.86,62.86,V1282_002
17/12/2014 03:45:00,-57.15,63.34,62.98,V1282_002
17/12/2014 15:45:00,-57.34,63.23,63.23,V1282_002
18/12/2014 03:49:00,-58.27,63.57,63.3,V1282_002
18/12/2014 15:49:00,-58.09,63.6,63.6,V1282_002
19/12/2014 03:45:00,-57.03,63.23,63.49,V1282_002
19/12/2014 15:36:00,-54.59,64.03,63.87,V1282_002
20/12/2014 03:34:00,-54.15,63.9,63.98,V1282_002
20/12/2014 15:48:00,-57.59,62.64,62.92,V1282_002
21/12/2014 03:56:00,-59.53,63.37,62.82,V1282_002
21/12/2014 15:51:00,-58.34,63.76,63.67,V1282_002
22/12/2014 03:34:00,-54.03,62.18,63.41,V1282_002
22/12/2014 15:34:00,-53.84,62.23,62.23,V1282_002
23/12/2014 03:45:00,-56.66,63.33,62.59,V1282_002
23/12/2014 15:45:00,-56.59,63.34,63.34,V1282_002
24/12/2014 03:44:00,-56.16,63.21,63.3,V1282_002
24/12/2014 15:44:00,-55.97,63.27,63.27,V1282_002
25/12/2014 03:42:00,-55.41,63.1,63.28,V1282_002
25/12/2014 15:45:00,-56.22,62.79,62.89,V1282_002
26/12/2014 04:02:00,-60.28,64.25,63.23,V1282_002
26/12/2014 15:57:00,-59.22,64.59,64.51,V1282_002
27/12/2014 03:35:00,-53.66,62.71,64.22,V1282_002
27/12/2014 15:44:00,-55.6,61.93,62.14,V1282_002
28/12/2014 03:43:00,-55.29,61.85,61.96,V1282_002
28/12/2014 15:42:00,-54.98,61.99,61.99,V1282_002
29/12/2014 03:43:00,-55.29,62.18,62.08,V1282_002
29/12/2014 15:36:00,-53.48,62.91,62.72,V1282_002
30/12/2014 03:28:00,-51.42,62.15,62.76,V1282_002
30/12/2014 15:35:00,-53.23,61.37,61.6,V1282_002
31/12/2014 03:36:00,-53.3,61.48,61.48,V1282_002
31/12/2014 15:38:00,-53.74,61.3,61.3,V1282_002
01/01/2015 03:39:00,-53.93,61.46,61.35,V1282_002
01/01/2015 15:37:00,-53.37,61.74,61.63,V1282_002
02/01/2015 03:35:00,-52.94,61.62,61.74,V1282_002
02/01/2015 15:42:00,-54.38,60.98,61.22,V1282_002
03/01/2015 03:44:00,-54.95,61.34,61.1,V1282_002
03/01/2015 15:44:00,-54.89,61.4,61.4,V1282_002
04/01/2015 03:42:00,-54.33,61.23,61.47,V1282_002
04/01/2015 15:43:00,-54.52,61.18,61.18,V1282_002
05/01/2015 03:36:00,-52.72,60.37,61.01,V1282_002
05/01/2015 15:27:00,-50.54,61.5,61.26,V1282_002
06/01/2015 03:34:00,-52.11,62.32,61.75,V1282_002
06/01/2015 15:43:00,-54.18,61.42,61.66,V1282_002
07/01/2015 03:38:00,-53,60.94,61.32,V1282_002
07/01/2015 15:40:00,-53.32,60.84,60.84,V1282_002
08/01/2015 03:32:00,-51.39,59.92,60.6,V1282_002
08/01/2015 15:35:00,-52.09,59.58,59.73,V1282_002
09/01/2015 03:41:00,-53.53,60.52,59.96,V1282_002
09/01/2015 15:40:00,-53.11,60.81,60.81,V1282_002
10/01/2015 03:34:00,-51.68,60.16,60.71,V1282_002
10/01/2015 15:33:00,-51.38,60.4,60.4,V1282_002
11/01/2015 03:35:00,-51.83,60.78,60.64,V1282_002
11/01/2015 15:39:00,-52.65,60.41,60.55,V1282_002
12/01/2015 03:32:00,-50.98,59.57,60.3,V1282_002
12/01/2015 15:30:00,-50.43,59.98,59.83,V1282_002
13/01/2015 03:35:00,-51.63,60.81,60.39,V1282_002
13/01/2015 15:36:00,-51.96,60.72,60.72,V1282_002
14/01/2015 03:34:00,-51.42,60.56,60.84,V1282_002
14/01/2015 15:32:00,-50.62,61.11,60.97,V1282_002
15/01/2015 03:29:00,-49.95,60.88,61.16,V1282_002
15/01/2015 15:31:00,-50.53,60.65,60.8,V1282_002
16/01/2015 03:32:00,-50.61,60.86,60.86,V1282_002
16/01/2015 15:30:00,-50.19,61.21,61.06,V1282_002
17/01/2015 03:26:00,-49.15,60.76,61.2,V1282_002
17/01/2015 15:26:00,-48.99,60.98,60.98,V1282_002
18/01/2015 03:30:00,-49.95,61.7,61.27,V1282_002
18/01/2015 15:40:00,-52.28,60.44,60.9,V1282_002
19/01/2015 03:30:00,-49.74,58.93,60.11,V1282_002
19/01/2015 15:21:00,-47.45,60.58,60.1,V1282_002
20/01/2015 03:18:00,-46.67,60.26,60.58,V1282_002
20/01/2015 15:05:00,-43.5,62.3,61.73,V1282_002
21/01/2015 03:05:00,-43.47,62.46,62.46,V1282_002
21/01/2015 15:19:00,-46.81,60.59,61.23,V1282_002
22/01/2015 03:13:00,-45.4,59.83,60.51,V1282_002
22/01/2015 15:12:00,-45.11,60.18,60.18,V1282_002
23/01/2015 02:58:00,-41.58,57.72,59.47,V1282_002
23/01/2015 14:48:00,-39.05,59.83,59.28,V1282_002
24/01/2015 03:00:00,-42.14,62.09,60.81,V1282_002
24/01/2015 15:07:00,-43.74,61.24,61.57,V1282_002
25/01/2015 02:57:00,-41.21,59.67,60.93,V1282_002
25/01/2015 14:56:00,-40.8,60.15,59.96,V1282_002
26/01/2015 02:59:00,-41.65,60.97,60.62,V1282_002
26/01/2015 15:00:00,-42,60.91,60.91,V1282_002
27/01/2015 02:51:00,-39.6,59.32,60.48,V1282_002
27/01/2015 14:50:00,-39.32,59.73,59.73,V1282_002
28/01/2015 02:49:00,-39.05,59.75,59.95,V1282_002
28/01/2015 14:45:00,-38.02,60.74,60.55,V1282_002
29/01/2015 02:42:00,-37.25,60.39,60.77,V1282_002
29/01/2015 14:48:00,-38.6,59.51,59.92,V1282_002
30/01/2015 02:39:00,-36.58,57.97,59.1,V1282_002
30/01/2015 14:33:00,-34.81,59.76,59.12,V1282_002
31/01/2015 02:46:00,-38.17,62.59,60.92,V1282_002
31/01/2015 14:38:00,-36.27,64.04,63.57,V1282_002
01/02/2015 02:27:00,-33.5,62.43,63.63,V1282_002
01/02/2015 14:37:00,-35.86,60.85,61.45,V1282_002
02/02/2015 02:39:00,-36.47,61.6,61.2,V1282_002
02/02/2015 14:36:00,-35.58,62.52,62.34,V1282_002
03/02/2015 02:41:00,-36.81,63.67,63.14,V1282_002
03/02/2015 14:44:00,-37.43,63.49,63.66,V1282_002
04/02/2015 02:42:00,-37.04,63.48,63.65,V1282_002
04/02/2015 14:38:00,-36.03,64.43,64.26,V1282_002
05/02/2015 02:49:00,-38.64,66.33,65.27,V1282_002
05/02/2015 14:49:00,-38.63,66.58,66.58,V1282_002
06/02/2015 02:35:00,-35.12,64.62,66.09,V1282_002
06/02/2015 14:35:00,-35.24,64.81,64.81,V1282_002
07/02/2015 02:34:00,-34.98,64.91,65.08,V1282_002
07/02/2015 14:34:00,-34.85,65.27,65.27,V1282_002
08/02/2015 02:41:00,-36.71,66.78,65.98,V1282_002
08/02/2015 14:41:00,-36.71,67.05,67.05,V1282_002
09/02/2015 02:26:00,-32.96,64.78,66.54,V1282_002
09/02/2015 14:10:00,-28.83,67.82,66.9,V1282_002
10/02/2015 02:09:00,-28.7,68.03,68.03,V1282_002
10/02/2015 14:21:00,-31.82,66.33,67.01,V1282_002
11/02/2015 02:22:00,-32.07,66.81,66.64,V1282_002
11/02/2015 14:27:00,-33.19,66.33,66.69,V1282_002
12/02/2015 02:37:00,-35.69,68.31,67.35,V1282_002
12/02/2015 14:47:00,-38.2,66.98,67.67,V1282_002
13/02/2015 02:38:00,-35.82,65.49,66.67,V1282_002
13/02/2015 14:35:00,-35.08,66.43,66.23,V1282_002
14/02/2015 02:36:00,-35.33,66.97,66.78,V1282_002
14/02/2015 14:44:00,-37.46,65.6,66.24,V1282_002
15/02/2015 02:34:00,-34.96,63.61,65.07,V1282_002
15/02/2015 14:46:00,-37.84,60.7,62.23,V1282_002
16/02/2015 02:55:00,-40.1,63.76,62.36,V1282_002
16/02/2015 14:59:00,-41.11,63.08,63.64,V1282_002
17/02/2015 02:55:00,-40.24,62.48,63.07,V1282_002
17/02/2015 14:51:00,-39.12,64.21,63.65,V1282_002
18/02/2015 02:49:00,-38.76,64.23,64.51,V1282_002
18/02/2015 14:52:00,-39.64,63.67,63.97,V1282_002
19/02/2015 02:44:00,-37.65,61.55,63.22,V1282_002
19/02/2015 14:56:00,-40.54,57.43,59.6,V1282_002
20/02/2015 03:02:00,-42.05,60.53,59.3,V1282_002
20/02/2015 14:55:00,-40.19,63.73,62.72,V1282_002
21/02/2015 02:48:00,-38.58,61.97,63.41,V1282_002
21/02/2015 14:40:00,-36.59,65.22,64.26,V1282_002
22/02/2015 02:43:00,-37.36,66.61,66.03,V1282_002
22/02/2015 14:45:00,-37.87,66.55,66.84,V1282_002
23/02/2015 02:41:00,-37.02,66.03,66.64,V1282_002
23/02/2015 14:46:00,-38.16,65.11,65.78,V1282_002
24/02/2015 02:39:00,-36.55,63.28,64.81,V1282_002
24/02/2015 14:42:00,-37.32,62.66,63.08,V1282_002
25/02/2015 02:58:00,-41.21,68.7,65.86,V1282_002
25/02/2015 14:57:00,-40.98,69.54,69.54,V1282_002
26/02/2015 02:50:00,-39.38,68.24,69.42,V1282_002
26/02/2015 14:49:00,-39.02,69.3,69.01,V1282_002
27/02/2015 02:47:00,-38.54,69.32,69.62,V1282_002
27/02/2015 14:47:00,-38.44,70.1,70.1,V1282_002
28/02/2015 02:39:00,-36.59,68.35,69.69,V1282_002
28/02/2015 14:39:00,-36.73,68.88,68.88,V1282_002
01/03/2015 02:51:00,-39.63,72.93,71.05,V1282_002
01/03/2015 14:59:00,-41.53,71.6,72.44,V1282_002
02/03/2015 02:46:00,-38.43,67.88,70.58,V1282_002
02/03/2015 14:41:00,-37.21,70.65,69.92,V1282_002
03/03/2015 02:38:00,-36.48,70.36,71.1,V1282_002
03/03/2015 14:49:00,-39.13,66.45,68.97,V1282_002
04/03/2015 02:59:00,-41.79,72.09,69.69,V1282_002
04/03/2015 14:56:00,-41.06,73.92,73.61,V1282_002
05/03/2015 02:46:00,-38.59,71.19,73.49,V1282_002
05/03/2015 14:56:00,-40.99,67.25,69.61,V1282_002
06/03/2015 03:05:00,-43.4,73.26,71.02,V1282_002
06/03/2015 14:55:00,-40.92,77.35,76.28,V1282_002
07/03/2015 02:42:00,-37.83,74.39,76.79,V1282_002
07/03/2015 14:52:00,-40.23,70.9,73.16,V1282_002
08/03/2015 02:55:00,-41.01,74,72.94,V1282_002
08/03/2015 14:56:00,-41.29,74.91,75.38,V1282_002
09/03/2015 02:46:00,-38.95,70.29,73.97,V1282_002
09/03/2015 14:52:00,-40.36,66.51,70,V1282_002
10/03/2015 02:51:00,-40.14,67.67,67.67,V1282_002
10/03/2015 14:31:00,-35.17,82.01,78.96,V1282_002
11/03/2015 02:31:00,-35.08,83.31,83.31,V1282_002
11/03/2015 14:45:00,-38.73,80.31,83.13,V1282_002
12/03/2015 02:50:00,-40.14,84.73,83.89,V1282_002
12/03/2015 14:56:00,-41.55,85.75,86.42,V1282_002
13/03/2015 03:07:00,-44.46,89.25,89.03,V1282_002
13/03/2015 15:10:00,-44.99,88.96,89,V1282_002
14/03/2015 02:44:00,-38.65,90,83.95,V1282_002
14/03/2015 14:45:00,-39.06,90,90,V1282_002
15/03/2015 02:47:00,-39.47,90,90,V1282_002
15/03/2015 14:55:00,-41.51,56.2,90,V1282_002
16/03/2015 02:47:00,-39.54,74.09,67.67,V1282_002
16/03/2015 14:44:00,-38.83,-13.53,67.83,V1282_002
17/03/2015 02:49:00,-40.24,90,50.32,V1282_002
17/03/2015 14:51:00,-40.65,90,90,V1282_002
18/03/2015 03:04:00,-43.93,90,90,V1282_002
18/03/2015 14:56:00,-41.85,23.97,90,V1282_002
19/03/2015 02:38:00,-37.63,90,90,V1282_002
19/03/2015 14:37:00,-37.17,90,90,V1282_002
20/03/2015 02:54:00,-41.46,33.28,90,V1282_002
20/03/2015 15:10:00,-45.49,90,90,V1282_002
21/03/2015 02:50:00,-40.65,-57.62,-23.85,V1282_002
21/03/2015 14:51:00,-41.07,-61.89,-60.49,V1282_002
22/03/2015 02:48:00,-40.23,59.69,57.11,V1282_002
22/03/2015 14:52:00,-41.14,-71.83,59.84,V1282_002
23/03/2015 02:49:00,-40.43,-74.92,62.34,V1282_002
23/03/2015 14:40:00,-38.34,-71.28,-74.62,V1282_002
24/03/2015 02:45:00,-39.63,40.3,44.99,V1282_002
24/03/2015 14:58:00,-42.79,58.45,49.78,V1282_002
25/03/2015 02:51:00,-41.08,62.96,60.77,V1282_002
25/03/2015 14:51:00,-41.12,61.91,61.91,V1282_002
26/03/2015 02:49:00,-40.65,62.24,61.58,V1282_002
26/03/2015 14:48:00,-40.57,60.92,60.92,V1282_002
27/03/2015 02:46:00,-40.1,61.29,60.63,V1282_002
27/03/2015 14:49:00,-41.02,62.49,61.31,V1282_002
28/03/2015 02:46:00,-40.3,63.26,62.74,V1282_002
28/03/2015 14:48:00,-40.72,63.21,62.7,V1282_002
29/03/2015 02:49:00,-41.13,61.63,62.16,V1282_002
29/03/2015 14:56:00,-42.79,64.01,62.14,V1282_002
30/03/2015 02:51:00,-41.58,65.36,64.57,V1282_002
30/03/2015 14:50:00,-41.37,64.29,64.29,V1282_002
31/03/2015 02:47:00,-40.78,64.61,64.23,V1282_002
31/03/2015 14:44:00,-39.94,62.54,63.38,V1282_002
01/04/2015 02:41:00,-39.36,62.93,62.52,V1282_002
01/04/2015 14:32:00,-36.89,57.46,60.55,V1282_002
02/04/2015 02:43:00,-39.93,48.1,52.17,V1282_002
02/04/2015 14:52:00,-42.09,53.87,50.26,V1282_002
03/04/2015 02:46:00,-40.63,56.77,55.06,V1282_002
03/04/2015 14:53:00,-42.29,59.35,57.43,V1282_002
04/04/2015 02:53:00,-42.33,58.74,58.74,V1282_002
04/04/2015 14:54:00,-42.61,58.6,58.14,V1282_002
05/04/2015 02:54:00,-42.77,57.78,57.78,V1282_002
05/04/2015 14:56:00,-43.19,57.88,57.42,V1282_002
06/04/2015 02:53:00,-42.6,58.41,57.98,V1282_002
06/04/2015 14:50:00,-41.76,56.28,57.2,V1282_002
07/04/2015 02:42:00,-39.92,58.97,57.75,V1282_002
07/04/2015 14:49:00,-41.58,60.82,59.4,V1282_002
08/04/2015 02:54:00,-42.86,58.51,59.26,V1282_002
08/04/2015 14:53:00,-42.65,57.61,58.01,V1282_002
09/04/2015 02:45:00,-40.81,59.89,58.84,V1282_002
09/04/2015 14:48:00,-41.59,60.4,59.75,V1282_002
10/04/2015 02:48:00,-41.5,60.11,60.11,V1282_002
10/04/2015 14:51:00,-42.41,60.75,60.14,V1282_002
11/04/2015 02:50:00,-42.19,60.62,60.62,V1282_002
11/04/2015 14:41:00,-40.1,57.41,59.11,V1282_002
12/04/2015 02:46:00,-41.38,55.05,55.84,V1282_002
12/04/2015 14:52:00,-42.92,56.88,55.39,V1282_002
13/04/2015 02:49:00,-41.95,57.82,57.15,V1282_002
13/04/2015 14:50:00,-42.35,57.89,57.57,V1282_002
14/04/2015 02:57:00,-44.01,55.22,56.3,V1282_002
14/04/2015 14:53:00,-43.04,53.23,54.03,V1282_002
15/04/2015 02:42:00,-40.57,56.51,55.12,V1282_002
15/04/2015 14:44:00,-41.1,56.77,56.44,V1282_002
16/04/2015 02:44:00,-41.13,56.38,56.38,V1282_002
16/04/2015 14:57:00,-44.16,59.5,57.25,V1282_002
17/04/2015 02:53:00,-43.32,60.04,59.79,V1282_002
17/04/2015 14:35:00,-38.72,54.22,57.98,V1282_002
18/04/2015 02:40:00,-40.25,51.59,52.37,V1282_002
18/04/2015 14:55:00,-43.9,56.23,53.27,V1282_002
19/04/2015 02:46:00,-41.68,58.41,57.61,V1282_002
19/04/2015 14:47:00,-41.83,58.2,58.2,V1282_002
20/04/2015 02:52:00,-43.23,56.36,56.93,V1282_002
20/04/2015 14:56:00,-44.26,57.14,56.31,V1282_002
21/04/2015 02:39:00,-40.04,60.82,59.53,V1282_002
21/04/2015 14:36:00,-39.19,59.78,60.21,V1282_002
22/04/2015 02:42:00,-40.96,57.85,58.33,V1282_002
22/04/2015 14:34:00,-38.86,55.29,56.65,V1282_002
23/04/2015 02:29:00,-37.64,56.35,55.81,V1282_002
23/04/2015 14:41:00,-40.78,59.03,57.18,V1282_002
24/04/2015 02:36:00,-39.43,59.89,59.48,V1282_002
24/04/2015 14:34:00,-38.83,59.1,59.51,V1282_002
25/04/2015 02:43:00,-41.35,56.54,57.49,V1282_002
25/04/2015 14:41:00,-40.87,55.75,56,V1282_002
26/04/2015 02:37:00,-39.65,56.69,56.21,V1282_002
26/04/2015 14:39:00,-40.29,56.99,56.53,V1282_002
27/04/2015 02:41:00,-40.81,56.25,56.48,V1282_002
27/04/2015 14:47:00,-42.21,57.23,56.33,V1282_002
28/04/2015 02:32:00,-38.6,59.86,58.93,V1282_002
28/04/2015 14:38:00,-39.99,60.56,59.88,V1282_002
29/04/2015 02:36:00,-39.64,60.57,60.57,V1282_002
29/04/2015 14:33:00,-38.78,59.74,60.08,V1282_002
30/04/2015 02:34:00,-39.17,59.24,59.24,V1282_002
30/04/2015 14:37:00,-39.94,59.53,59.18,V1282_002
01/05/2015 02:35:00,-39.33,59.72,59.55,V1282_002
01/05/2015 14:26:00,-37.22,57.98,59.07,V1282_002
02/05/2015 02:28:00,-37.86,57.27,57.46,V1282_002
02/05/2015 14:41:00,-41.12,59.37,57.79,V1282_002
03/05/2015 02:42:00,-41.39,58.98,58.98,V1282_002
03/05/2015 14:46:00,-42.27,59.34,59.01,V1282_002
04/05/2015 02:44:00,-41.79,59.45,59.29,V1282_002
04/05/2015 14:49:00,-43.05,60,59.39,V1282_002
05/05/2015 02:39:00,-40.69,61.14,60.74,V1282_002
05/05/2015 14:43:00,-41.7,61.47,61.08,V1282_002
06/05/2015 02:47:00,-42.58,60.82,60.95,V1282_002
06/05/2015 14:41:00,-41.22,59.86,60.42,V1282_002
07/05/2015 02:38:00,-40.35,60.16,60.02,V1282_002
07/05/2015 14:43:00,-41.61,60.64,60.11,V1282_002
08/05/2015 02:49:00,-43.12,59.64,59.92,V1282_002
08/05/2015 14:46:00,-42.37,59.02,59.31,V1282_002
09/05/2015 02:39:00,-40.63,59.82,59.55,V1282_002
09/05/2015 14:46:00,-42.39,60.55,59.91,V1282_002
10/05/2015 02:43:00,-41.64,60.75,60.63,V1282_002
10/05/2015 14:51:00,-43.65,61.5,60.81,V1282_002
11/05/2015 02:41:00,-41.15,62.39,62.19,V1282_002
11/05/2015 14:36:00,-39.78,61.66,62.08,V1282_002
12/05/2015 02:27:00,-37.78,62.32,62.12,V1282_002
12/05/2015 14:40:00,-40.91,63.3,62.4,V1282_002
13/05/2015 02:47:00,-42.66,62.53,62.71,V1282_002
13/05/2015 14:39:00,-40.66,61.6,62.19,V1282_002
14/05/2015 02:24:00,-36.91,62.86,62.59,V1282_002
14/05/2015 14:33:00,-39.04,63.41,62.84,V1282_002
15/05/2015 02:31:00,-38.66,63.38,63.38,V1282_002
15/05/2015 14:22:00,-36.41,62.51,63.09,V1282_002
16/05/2015 02:22:00,-36.41,62.37,62.37,V1282_002
16/05/2015 14:30:00,-38.53,62.93,62.36,V1282_002
17/05/2015 02:33:00,-39.16,62.6,62.68,V1282_002
17/05/2015 14:41:00,-41.28,63.12,62.59,V1282_002
18/05/2015 02:08:00,-32.77,65.08,64.83,V1282_002
18/05/2015 13:59:00,-30.77,64.55,64.91,V1282_002
19/05/2015 02:21:00,-36.14,63.07,63.35,V1282_002
19/05/2015 14:29:00,-38.13,63.49,63.09,V1282_002
20/05/2015 02:27:00,-37.63,63.5,63.5,V1282_002
20/05/2015 14:41:00,-41.12,64.21,63.51,V1282_002
21/05/2015 02:32:00,-38.74,64.58,64.53,V1282_002
21/05/2015 14:18:00,-35.48,63.79,64.38,V1282_002
22/05/2015 02:49:00,-43.1,61.59,62.06,V1282_002
22/05/2015 14:26:00,-37.21,59.31,61.11,V1282_002
23/05/2015 02:42:00,-41.45,57.22,57.71,V1282_002
23/05/2015 14:50:00,-43.44,58.07,57.35,V1282_002
24/05/2015 02:57:00,-45.06,57.16,57.41,V1282_002
24/05/2015 15:14:00,-49.42,59.05,57.6,V1282_002
25/05/2015 03:09:00,-48.03,59.49,59.39,V1282_002
03/09/2013 19:01:00,-105.45,42.93,42.93,V1282_003
04/09/2013 04:42:00,-70.73,75.94,72.65,V1282_003
04/09/2013 16:46:00,-71.77,76.42,76.25,V1282_003
05/09/2013 04:28:00,-67.19,77.55,77.37,V1282_003
05/09/2013 16:19:00,-64.98,77.38,77.7,V1282_003
06/09/2013 04:08:00,-62.27,78.09,78.01,V1282_003
06/09/2013 16:03:00,-61.06,78.12,78.29,V1282_003
07/09/2013 04:25:00,-66.61,77.33,77.59,V1282_003
07/09/2013 16:41:00,-70.78,78.39,77.78,V1282_003
08/09/2013 04:59:00,-75.32,77.79,77.99,V1282_003
08/09/2013 16:41:00,-70.99,77.02,77.8,V1282_003
09/09/2013 04:45:00,-72.03,77.04,77.11,V1282_003
09/09/2013 16:35:00,-69.57,76.62,77.13,V1282_003
10/09/2013 04:17:00,-64.87,78.17,77.87,V1282_003
10/09/2013 16:18:00,-65.28,78.53,78.48,V1282_003
11/09/2013 04:32:00,-68.95,77.96,78.21,V1282_003
11/09/2013 16:08:00,-62.75,76.31,77.71,V1282_003
12/09/2013 04:30:00,-68.29,74.22,75.23,V1282_003
12/09/2013 16:43:00,-71.71,76.21,75.21,V1282_003
13/09/2013 04:40:00,-71.01,76.88,76.78,V1282_003
13/09/2013 16:54:00,-74.68,78.45,77.65,V1282_003
14/09/2013 05:02:00,-76.6,78.22,78.38,V1282_003
14/09/2013 16:49:00,-73.27,77.39,78.2,V1282_003
15/09/2013 04:50:00,-73.56,77.68,77.68,V1282_003
15/09/2013 16:38:00,-70.73,76.86,77.62,V1282_003
16/09/2013 04:38:00,-70.77,-89.05,-89.05,V1282_003
16/09/2013 15:56:00,-60.44,-87.78,75.7,V1282_003
17/09/2013 04:08:00,-63.49,66.35,68.42,V1282_003
17/09/2013 15:59:00,-61.03,61.69,65.25,V1282_003
18/09/2013 03:48:00,-58.57,67.99,66.14,V1282_003
18/09/2013 15:42:00,-56.87,65.48,-83.3,V1282_003
19/09/2013 03:39:00,-56.29,67.71,67.22,V1282_003
19/09/2013 15:34:00,-54.96,65.74,67.41,V1282_003
20/09/2013 03:38:00,-56.13,-77.29,65.27,V1282_003
20/09/2013 15:35:00,-55.42,62.76,-75.61,V1282_003
21/09/2013 03:41:00,-56.97,58.06,61.39,V1282_003
21/09/2013 15:46:00,-58.26,-71.31,61.85,V1282_003
22/09/2013 03:47:00,-58.68,-68.84,-69.55,V1282_003
22/09/2013 15:36:00,-55.85,49.82,-62.02,V1282_003
23/09/2013 03:49:00,-59.14,90,4.44,V1282_003
23/09/2013 15:51:00,-59.69,90,90,V1282_003
24/09/2013 03:36:00,-56.1,62.98,-32.43,V1282_003
24/09/2013 15:41:00,-57.27,69.63,67.85,V1282_003
25/09/2013 03:47:00,-58.82,65.36,68.81,V1282_003
25/09/2013 15:34:00,-55.48,90,54.21,V1282_003
26/09/2013 03:34:00,-55.65,90,90,V1282_003
26/09/2013 15:40:00,-57.07,55.06,90,V1282_003
27/09/2013 03:37:00,-56.49,67.05,-13.76,V1282_003
27/09/2013 15:30:00,-54.9,90,61.83,V1282_003
28/09/2013 03:38:00,-56.82,90,90,V1282_003
28/09/2013 15:41:00,-57.49,90,90,V1282_003
29/09/2013 03:48:00,-59.41,90,90,V1282_003
29/09/2013 15:48:00,-59.57,90,90,V1282_003
30/09/2013 03:45:00,-58.61,90,90,V1282_003
30/09/2013 15:40:00,-57.53,88.24,86.84,V1282_003
01/10/2013 03:36:00,-56.69,70.58,76.92,V1282_003
01/10/2013 15:36:00,-56.61,65.26,65.26,V1282_003
02/10/2013 04:04:00,-63.53,85.1,80.88,V1282_003
02/10/2013 16:02:00,-63.06,84.02,83.83,V1282_003
03/10/2013 03:38:00,-57.23,67.03,78.77,V1282_003
03/10/2013 15:38:00,-57.14,64.87,64.87,V1282_003
04/10/2013 03:36:00,-56.8,59.22,61.2,V1282_003
04/10/2013 15:35:00,-56.59,58.66,58.66,V1282_003
05/10/2013 03:43:00,-58.63,67.76,62.94,V1282_003
05/10/2013 15:42:00,-58.29,67.4,66.4,V1282_003
06/10/2013 03:37:00,-57.33,61.05,63.52,V1282_003
06/10/2013 15:31:00,-55.74,66.39,63.48,V1282_003
07/10/2013 03:34:00,-56.53,67.36,65.75,V1282_003
07/10/2013 15:36:00,-57.06,64.3,65.16,V1282_003
08/10/2013 03:48:00,-60.1,70.95,66.86,V1282_003
08/10/2013 15:45:00,-59.38,71.29,70.84,V1282_003
09/10/2013 03:40:00,-58.04,67.42,69.07,V1282_003
09/10/2013 15:38:00,-57.7,67.22,66.64,V1282_003
10/10/2013 03:33:00,-56.36,62.54,64.65,V1282_003
10/10/2013 15:31:00,-56.02,62.56,61.83,V1282_003
11/10/2013 03:34:00,-56.93,63.88,62.57,V1282_003
11/10/2013 15:33:00,-56.58,63.85,63.23,V1282_003
12/10/2013 03:42:00,-58.87,67.59,65.18,V1282_003
12/10/2013 15:39:00,-58.15,68.06,67.64,V1282_003
13/10/2013 03:29:00,-55.68,62.35,65.04,V1282_003
13/10/2013 15:26:00,-55.08,62.93,62.38,V1282_003
14/10/2013 03:24:00,-54.49,60.67,61.27,V1282_003
14/10/2013 15:27:00,-55.39,57.56,58.91,V1282_003
15/10/2013 03:29:00,-55.79,57.77,57.09,V1282_003
15/10/2013 15:32:00,-56.57,54.85,55.58,V1282_003
16/10/2013 03:45:00,-59.72,61.73,57.81,V1282_003
16/10/2013 15:35:00,-57.37,65.23,63.61,V1282_003
17/10/2013 03:36:00,-57.52,64.79,64.79,V1282_003
17/10/2013 15:34:00,-57.05,64.93,64.56,V1282_003
18/10/2013 03:34:00,-57.32,64.71,64.34,V1282_003
18/10/2013 15:24:00,-54.85,67.38,66.18,V1282_003
19/10/2013 03:24:00,-54.87,66.86,66.86,V1282_003
19/10/2013 15:22:00,-54.27,67.06,66.78,V1282_003
20/10/2013 03:18:00,-53.17,65.22,66.13,V1282_003
20/10/2013 15:21:00,-53.94,63.71,64.05,V1282_003
21/10/2013 03:23:00,-54.71,64.19,63.53,V1282_003
21/10/2013 15:19:00,-53.48,65.23,64.64,V1282_003
22/10/2013 03:33:00,-57,68.31,66.41,V1282_003
22/10/2013 15:27:00,-55.76,68.95,68.54,V1282_003
23/10/2013 03:32:00,-56.91,69.42,68.84,V1282_003
23/10/2013 15:27:00,-55.67,69.94,69.59,V1282_003
24/10/2013 03:23:00,-54.69,68.84,69.21,V1282_003
24/10/2013 15:24:00,-54.96,68.27,68.27,V1282_003
25/10/2013 03:30:00,-56.47,69.01,68.28,V1282_003
25/10/2013 15:31:00,-56.74,68.47,68.47,V1282_003
26/10/2013 03:29:00,-56.25,67.74,67.93,V1282_003
26/10/2013 15:23:00,-54.89,68.4,68.04,V1282_003
27/10/2013 03:28:00,-56.02,68.82,68.32,V1282_003
27/10/2013 15:24:00,-55.03,69.14,68.98,V1282_003
28/10/2013 03:24:00,-55.04,68.82,68.82,V1282_003
28/10/2013 15:34:00,-57.68,66.66,67.4,V1282_003
29/10/2013 03:32:00,-57.19,65.93,66.13,V1282_003
29/10/2013 15:29:00,-56.32,66.28,66.09,V1282_003
30/10/2013 03:34:00,-57.45,66.79,66.24,V1282_003
30/10/2013 15:33:00,-57.21,66.65,66.65,V1282_003
31/10/2013 03:33:00,-57.21,66.34,66.34,V1282_003
31/10/2013 15:30:00,-56.72,66.39,66.21,V1282_003
01/11/2013 03:35:00,-57.85,66.85,66.35,V1282_003
01/11/2013 15:25:00,-55.35,68.11,67.67,V1282_003
02/11/2013 03:31:00,-56.98,68.72,68.18,V1282_003
02/11/2013 15:38:00,-58.48,67.63,67.91,V1282_003
03/11/2013 03:28:00,-56.11,65.88,66.84,V1282_003
03/11/2013 15:29:00,-56.35,65.43,65.43,V1282_003
04/11/2013 03:28:00,-56.23,65.07,65.07,V1282_003
04/11/2013 15:25:00,-55.35,65.39,65.23,V1282_003
05/11/2013 03:24:00,-55.22,65.04,65.04,V1282_003
05/11/2013 15:25:00,-55.47,64.61,64.61,V1282_003
06/11/2013 03:25:00,-55.34,64.26,64.26,V1282_003
06/11/2013 15:25:00,-55.46,63.91,63.91,V1282_003
07/11/2013 03:38:00,-58.58,65.69,64.42,V1282_003
07/11/2013 15:34:00,-57.57,66.04,65.89,V1282_003
08/11/2013 03:25:00,-55.31,64.43,65.36,V1282_003
08/11/2013 15:26:00,-55.55,64.02,64.02,V1282_003
09/11/2013 03:35:00,-57.92,65.26,64.35,V1282_003
09/11/2013 15:29:00,-56.41,65.89,65.61,V1282_003
10/11/2013 03:32:00,-57.02,66,65.74,V1282_003
10/11/2013 15:37:00,-58.13,65.17,65.31,V1282_003
11/11/2013 03:33:00,-57.24,64.44,64.74,V1282_003
11/11/2013 15:24:00,-55.11,65.43,65.02,V1282_003
12/11/2013 03:31:00,-56.72,66.06,65.56,V1282_003
12/11/2013 15:35:00,-57.7,65.35,65.48,V1282_003
13/11/2013 03:31:00,-56.56,64.54,64.95,V1282_003
13/11/2013 15:27:00,-55.66,64.82,64.68,V1282_003
14/11/2013 03:42:00,-59.27,66.41,65.21,V1282_003
14/11/2013 15:40:00,-58.75,66.45,66.34,V1282_003
15/11/2013 03:26:00,-55.48,64.7,65.82,V1282_003
15/11/2013 15:20:00,-53.83,65.34,65.09,V1282_003
16/11/2013 03:25:00,-55.19,65.8,65.34,V1282_003
16/11/2013 15:15:00,-52.54,66.76,66.45,V1282_003
17/11/2013 03:18:00,-53.14,66.84,66.64,V1282_003
17/11/2013 15:22:00,-54.24,66.22,66.32,V1282_003
18/11/2013 03:31:00,-56.34,66.9,66.31,V1282_003
18/11/2013 15:31:00,-56.31,66.75,66.75,V1282_003
19/11/2013 03:53:00,-61.78,68.45,67.14,V1282_003
19/11/2013 15:43:00,-59.38,68.98,68.85,V1282_003
20/11/2013 03:35:00,-57.48,68.32,68.74,V1282_003
20/11/2013 15:38:00,-58.2,67.95,68.03,V1282_003
21/11/2013 03:34:00,-57.17,67.5,67.74,V1282_003
21/11/2013 15:31:00,-56.13,67.68,67.6,V1282_003
22/11/2013 03:26:00,-55.1,67.23,67.47,V1282_003
22/11/2013 15:35:00,-57.32,66.32,66.5,V1282_003
23/11/2013 03:38:00,-57.91,66.41,66.23,V1282_003
23/11/2013 15:40:00,-58.25,66.14,66.14,V1282_003
24/11/2013 03:30:00,-55.71,65.06,65.83,V1282_003
24/11/2013 15:34:00,-56.8,64.45,64.56,V1282_003
25/11/2013 03:36:00,-57.26,64.54,64.43,V1282_003
25/11/2013 15:25:00,-54.6,65.45,65.17,V1282_003
26/11/2013 03:32:00,-56.31,65.96,65.51,V1282_003
26/11/2013 15:44:00,-59.02,64.82,65.11,V1282_003
27/11/2013 03:40:00,-57.98,64.3,64.6,V1282_003
27/11/2013 15:37:00,-57.19,64.49,64.39,V1282_003
28/11/2013 03:38:00,-57.4,64.47,64.37,V1282_003
28/11/2013 15:26:00,-54.61,65.39,65.12,V1282_003
29/11/2013 03:36:00,-56.94,66.08,65.5,V1282_003
29/11/2013 15:44:00,-58.77,65.35,65.53,V1282_003
30/11/2013 03:34:00,-56.35,64.38,65.03,V1282_003
30/11/2013 15:39:00,-57.43,63.83,63.93,V1282_003
01/12/2013 03:39:00,-57.38,63.73,63.73,V1282_003
01/12/2013 15:34:00,-56.08,64.13,64.03,V1282_003
02/12/2013 03:42:00,-58.16,64.82,64.28,V1282_003
02/12/2013 15:47:00,-59.36,64.28,64.37,V1282_003
03/12/2013 03:41:00,-57.69,63.56,64.05,V1282_003
03/12/2013 15:38:00,-56.89,63.77,63.67,V1282_003
04/12/2013 03:36:00,-56.34,63.48,63.68,V1282_003
04/12/2013 15:39:00,-57.16,63.04,63.14,V1282_003
05/12/2013 03:45:00,-58.49,63.51,63.11,V1282_003
05/12/2013 15:42:00,-57.81,63.68,63.58,V1282_003
06/12/2013 03:38:00,-56.76,63.21,63.51,V1282_003
06/12/2013 15:27:00,-54.08,64.13,63.86,V1282_003
07/12/2013 03:38:00,-56.53,64.91,64.33,V1282_003
07/12/2013 15:47:00,-58.97,63.99,64.17,V1282_003
08/12/2013 03:50:00,-59.54,64.15,63.97,V1282_003
08/12/2013 15:43:00,-57.61,64.72,64.56,V1282_003
09/12/2013 03:41:00,-57.18,64.54,64.62,V1282_003
09/12/2013 15:44:00,-57.75,64.27,64.36,V1282_003
10/12/2013 03:40:00,-56.69,63.87,64.13,V1282_003
10/12/2013 15:42:00,-57.26,63.59,63.68,V1282_003
11/12/2013 03:46:00,-58.2,63.9,63.63,V1282_003
11/12/2013 15:37:00,-55.77,64.64,64.48,V1282_003
12/12/2013 03:34:00,-55.09,64.39,64.56,V1282_003
12/12/2013 15:39:00,-56.16,63.98,64.06,V1282_003
13/12/2013 03:41:00,-56.72,64.14,63.98,V1282_003
13/12/2013 15:44:00,-57.41,63.85,63.94,V1282_003
14/12/2013 03:44:00,-57.35,63.81,63.81,V1282_003
14/12/2013 15:41:00,-56.54,64.04,63.95,V1282_003
15/12/2013 03:40:00,-56.23,63.92,64,V1282_003
15/12/2013 15:36:00,-55.17,64.22,64.14,V1282_003
16/12/2013 03:39:00,-55.86,64.43,64.27,V1282_003
16/12/2013 15:36:00,-55.05,64.64,64.56,V1282_003
17/12/2013 03:36:00,-55.12,64.66,64.66,V1282_003
17/12/2013 15:43:00,-56.68,64.13,64.21,V1282_003
18/12/2013 03:49:00,-58.12,64.58,64.27,V1282_003
18/12/2013 15:50:00,-58.31,64.49,64.49,V1282_003
19/12/2013 03:46:00,-57.37,64.2,64.44,V1282_003
19/12/2013 15:45:00,-56.93,64.31,64.31,V1282_003
20/12/2013 03:49:00,-57.87,64.61,64.38,V1282_003
20/12/2013 15:55:00,-59.18,64.17,64.25,V1282_003
21/12/2013 03:51:00,-58.37,63.93,64.17,V1282_003
21/12/2013 15:49:00,-57.68,64.13,64.05,V1282_003
22/12/2013 03:49:00,-57.75,64.17,64.17,V1282_003
22/12/2013 15:48:00,-57.44,64.25,64.25,V1282_003
23/12/2013 03:45:00,-56.37,63.94,64.18,V1282_003
23/12/2013 15:50:00,-57.69,63.48,63.56,V1282_003
24/12/2013 03:58:00,-59.75,64.2,63.7,V1282_003
24/12/2013 15:52:00,-58.19,64.67,64.6,V1282_003
25/12/2013 03:44:00,-55.88,63.98,64.54,V1282_003
25/12/2013 15:49:00,-57.19,63.53,63.62,V1282_003
26/12/2013 03:52:00,-57.88,63.81,63.64,V1282_003
26/12/2013 15:54:00,-58.19,63.7,63.7,V1282_003
27/12/2013 03:54:00,-58.25,63.77,63.77,V1282_003
27/12/2013 15:56:00,-58.57,63.67,63.67,V1282_003
28/12/2013 03:47:00,-56.38,62.92,63.57,V1282_003
28/12/2013 15:45:00,-55.82,63.15,63.05,V1282_003
29/12/2013 03:46:00,-56.13,63.32,63.23,V1282_003
29/12/2013 15:43:00,-55.07,63.71,63.63,V1282_003
30/12/2013 03:52:00,-57.39,64.54,63.97,V1282_003
30/12/2013 15:37:00,-53.58,65.67,65.47,V1282_003
31/12/2013 03:29:00,-51.52,65.15,65.65,V1282_003
31/12/2013 15:49:00,-56.58,63.53,63.97,V1282_003
01/01/2014 03:46:00,-55.65,63.25,63.53,V1282_003
01/01/2014 15:45:00,-55.21,63.44,63.44,V1282_003
02/01/2014 03:46:00,-55.66,63.68,63.59,V1282_003
02/01/2014 15:44:00,-54.85,64,63.92,V1282_003
03/01/2014 03:50:00,-56.54,64.65,64.24,V1282_003
03/01/2014 15:50:00,-56.48,64.71,64.71,V1282_003
04/01/2014 03:51:00,-56.68,64.85,64.77,V1282_003
04/01/2014 15:59:00,-58.49,64.29,64.47,V1282_003
05/01/2014 03:57:00,-58.06,64.23,64.32,V1282_003
05/01/2014 15:56:00,-57.51,64.47,64.39,V1282_003
06/01/2014 03:48:00,-55.7,63.92,64.46,V1282_003
06/01/2014 15:52:00,-56.52,63.67,63.76,V1282_003
07/01/2014 03:58:00,-57.84,64.26,63.89,V1282_003
07/01/2014 15:50:00,-55.91,64.98,64.82,V1282_003
08/01/2014 03:56:00,-57.23,65.51,65.19,V1282_003
08/01/2014 15:59:00,-57.93,65.35,65.43,V1282_003
09/01/2014 03:42:00,-53.76,63.99,65.15,V1282_003
09/01/2014 15:52:00,-56.2,63.06,63.38,V1282_003
10/01/2014 03:58:00,-57.53,63.73,63.32,V1282_003
10/01/2014 16:00:00,-57.98,63.62,63.62,V1282_003
11/01/2014 03:58:00,-57.55,63.57,63.67,V1282_003
11/01/2014 15:54:00,-56.5,64.07,63.97,V1282_003
12/01/2014 03:53:00,-56.33,64.13,64.23,V1282_003
12/01/2014 16:02:00,-58.41,63.35,63.56,V1282_003
13/01/2014 03:57:00,-57.23,62.96,63.29,V1282_003
13/01/2014 15:54:00,-56.44,63.41,63.29,V1282_003
14/01/2014 03:49:00,-55.14,62.95,63.41,V1282_003
14/01/2014 15:56:00,-56.85,62.23,62.48,V1282_003
15/01/2014 04:02:00,-58.18,63.02,62.54,V1282_003
15/01/2014 16:00:00,-57.51,63.44,63.32,V1282_003
16/01/2014 03:59:00,-57.34,63.51,63.51,V1282_003
16/01/2014 16:00:00,-57.67,63.46,63.46,V1282_003
17/01/2014 04:02:00,-57.88,63.71,63.59,V1282_003
17/01/2014 16:11:00,-60.21,62.7,63.08,V1282_003
18/01/2014 04:09:00,-59.67,62.58,62.84,V1282_003
18/01/2014 16:02:00,-57.88,63.6,63.35,V1282_003
19/01/2014 04:03:00,-58.09,63.86,63.74,V1282_003
19/01/2014 16:14:00,-60.93,62.56,62.96,V1282_003
20/01/2014 04:10:00,-59.77,62.09,62.51,V1282_003
20/01/2014 16:06:00,-58.73,62.8,62.67,V1282_003
21/01/2014 03:59:00,-56.95,61.98,62.69,V1282_003
21/01/2014 15:53:00,-55.41,62.98,62.71,V1282_003
22/01/2014 04:02:00,-57.5,64.23,63.48,V1282_003
22/01/2014 16:12:00,-60.09,63.05,63.45,V1282_003
23/01/2014 04:07:00,-58.69,62.44,63.01,V1282_003
23/01/2014 16:03:00,-57.78,63.11,62.97,V1282_003
24/01/2014 04:02:00,-57.5,63.15,63.29,V1282_003
24/01/2014 16:06:00,-58.34,62.83,62.97,V1282_003
25/01/2014 04:02:00,-57.44,62.49,62.79,V1282_003
25/01/2014 15:57:00,-56.29,63.34,63.19,V1282_003
26/01/2014 04:04:00,-57.76,64.35,63.81,V1282_003
26/01/2014 16:11:00,-59.61,63.51,63.79,V1282_003
27/01/2014 04:13:00,-60.08,63.99,63.84,V1282_003
27/01/2014 16:13:00,-60.05,64.18,64.18,V1282_003
28/01/2014 04:04:00,-57.78,63.05,63.95,V1282_003
28/01/2014 16:09:00,-59.01,62.46,62.79,V1282_003
29/01/2014 04:03:00,-57.36,61.55,62.25,V1282_003
29/01/2014 15:59:00,-56.46,62.39,62.21,V1282_003
30/01/2014 04:01:00,-56.82,62.86,62.69,V1282_003
30/01/2014 16:04:00,-57.55,62.58,62.75,V1282_003
31/01/2014 03:58:00,-56.15,61.83,62.55,V1282_003
31/01/2014 15:57:00,-56.01,62.15,62.15,V1282_003
01/02/2014 03:52:00,-54.74,61.45,62.02,V1282_003
01/02/2014 15:45:00,-52.97,62.99,62.63,V1282_003
02/02/2014 03:46:00,-53.08,63.32,63.32,V1282_003
02/02/2014 15:47:00,-53.44,63.31,63.31,V1282_003
03/02/2014 03:40:00,-51.55,62.16,63.11,V1282_003
03/02/2014 15:42:00,-52.04,62.03,62.23,V1282_003
04/02/2014 03:25:00,-47.78,58.42,61.04,V1282_003
04/02/2014 15:21:00,-46.64,59.83,59.34,V1282_003
05/02/2014 03:19:00,-46.26,59.75,60,V1282_003
05/02/2014 15:22:00,-47,59.3,59.56,V1282_003
06/02/2014 03:20:00,-46.36,58.95,59.48,V1282_003
06/02/2014 15:15:00,-45.23,60.41,59.91,V1282_003
07/02/2014 03:12:00,-44.47,59.96,60.47,V1282_003
07/02/2014 15:14:00,-44.97,59.76,60.02,V1282_003
08/02/2014 03:26:00,-47.96,62.94,61.35,V1282_003
08/02/2014 15:24:00,-47.46,63.66,63.46,V1282_003
09/02/2014 03:04:00,-42.45,59.1,62.45,V1282_003
09/02/2014 15:03:00,-42.32,59.59,59.59,V1282_003
10/02/2014 03:14:00,-44.95,62.64,61.16,V1282_003
10/02/2014 15:11:00,-44.19,63.66,63.43,V1282_003
11/02/2014 02:56:00,-40.44,60.23,62.6,V1282_003
11/02/2014 14:59:00,-41.19,59.72,60.02,V1282_003
12/02/2014 03:00:00,-41.32,60.24,60.24,V1282_003
12/02/2014 15:01:00,-41.82,60.03,60.33,V1282_003
13/02/2014 02:56:00,-40.32,58.49,59.8,V1282_003
13/02/2014 14:54:00,-39.82,59.56,59.23,V1282_003
14/02/2014 02:48:00,-38.45,58.09,59.14,V1282_003
14/02/2014 14:44:00,-37.33,60.05,59.39,V1282_003
15/02/2014 02:41:00,-36.84,59.81,60.15,V1282_003
15/02/2014 14:36:00,-35.47,61.99,61.37,V1282_003
16/02/2014 02:33:00,-34.6,61.33,61.96,V1282_003
16/02/2014 14:33:00,-34.73,61.61,61.61,V1282_003
17/02/2014 02:32:00,-34.37,61.58,61.9,V1282_003
17/02/2014 14:26:00,-32.88,63.85,63.27,V1282_003
18/02/2014 02:26:00,-33.14,64.57,64.3,V1282_003
18/02/2014 14:30:00,-34.15,63.89,64.47,V1282_003
19/02/2014 02:26:00,-33.03,62.96,63.9,V1282_003
19/02/2014 14:23:00,-32.17,64.52,64.22,V1282_003
20/02/2014 02:20:00,-31.56,64.25,64.55,V1282_003
20/02/2014 14:24:00,-32.7,63.29,63.96,V1282_003
21/02/2014 02:17:00,-30.96,61.24,62.76,V1282_003
21/02/2014 14:15:00,-30.22,62.94,62.57,V1282_003
22/02/2014 02:10:00,-29.11,61.76,62.94,V1282_003
22/02/2014 14:12:00,-29.63,61.52,61.94,V1282_003
23/02/2014 02:16:00,-30.65,63.71,62.94,V1282_003
23/02/2014 14:15:00,-30.54,64.49,64.49,V1282_003
24/02/2014 02:20:00,-31.68,66.61,65.61,V1282_003
24/02/2014 14:25:00,-32.95,65.51,66.21,V1282_003
25/02/2014 02:17:00,-30.97,62.95,65.02,V1282_003
25/02/2014 14:20:00,-31.74,62.26,62.73,V1282_003
26/02/2014 02:26:00,-33.13,65.36,64.11,V1282_003
26/02/2014 14:20:00,-31.78,68.02,67.34,V1282_003
27/02/2014 02:14:00,-30.18,66.33,67.82,V1282_003
27/02/2014 14:26:00,-33.32,61.05,64.24,V1282_003
28/02/2014 02:31:00,-34.6,64.55,63.01,V1282_003
28/02/2014 14:32:00,-34.74,65.11,65.11,V1282_003
01/03/2014 02:21:00,-32.27,60.16,63.31,V1282_003
01/03/2014 14:26:00,-33.42,57.75,59.32,V1282_003
02/03/2014 02:34:00,-35.32,63.99,61.41,V1282_003
02/03/2014 14:32:00,-34.97,65.78,65.23,V1282_003
03/03/2014 02:34:00,-35.37,67.52,67.01,V1282_003
03/03/2014 14:31:00,-34.77,69.62,69.17,V1282_003
04/03/2014 02:28:00,-34.17,69.44,69.9,V1282_003
04/03/2014 14:42:00,-37.7,61.54,66.73,V1282_003
05/03/2014 02:49:00,-39.23,67.26,65.22,V1282_003
05/03/2014 14:46:00,-38.75,69.61,69.05,V1282_003
06/03/2014 02:38:00,-36.66,65.1,68.1,V1282_003
06/03/2014 14:39:00,-37.06,65.27,66.13,V1282_003
07/03/2014 02:42:00,-37.84,69.14,67.63,V1282_003
07/03/2014 14:41:00,-37.62,71.27,71.27,V1282_003
08/03/2014 02:37:00,-36.4,69.22,71.48,V1282_003
08/03/2014 14:41:00,-37.68,66.22,68.35,V1282_003
09/03/2014 02:43:00,-38.09,69.87,68.86,V1282_003
09/03/2014 14:44:00,-38.37,71.05,71.99,V1282_003
10/03/2014 02:42:00,-38.03,71.9,72.89,V1282_003
10/03/2014 14:41:00,-37.68,75.78,74.93,V1282_003
11/03/2014 02:32:00,-35.46,67.05,74.81,V1282_003
11/03/2014 14:37:00,-36.75,56.72,66.71,V1282_003
12/03/2014 02:36:00,-36.53,57.66,57.66,V1282_003
12/03/2014 14:29:00,-34.69,83.68,78.07,V1282_003
13/03/2014 02:14:00,-30.97,19.39,74.99,V1282_003
13/03/2014 13:57:00,-26.88,84.22,90,V1282_003
14/03/2014 01:50:00,-25.04,90,90,V1282_003
14/03/2014 13:49:00,-24.82,90,90,V1282_003
15/03/2014 01:59:00,-27.36,72.01,90,V1282_003
15/03/2014 14:09:00,-29.89,90,90,V1282_003
16/03/2014 01:58:00,-27.3,90,90,V1282_003
16/03/2014 14:03:00,-28.46,62.53,54.25,V1282_003
17/03/2014 01:54:00,-26.38,-43.48,68.19,V1282_003
17/03/2014 13:50:00,-25.41,-34.59,68.23,V1282_003
18/03/2014 01:54:00,-26.57,48.87,56.55,V1282_003
18/03/2014 13:47:00,-24.73,90,90,V1282_003
19/03/2014 01:45:00,-24.14,90,90,V1282_003
19/03/2014 13:49:00,-25.18,26.21,90,V1282_003
20/03/2014 01:41:00,-23.34,-50.29,45.08,V1282_003
20/03/2014 13:42:00,-23.75,56.58,54.71,V1282_003
21/03/2014 01:45:00,-24.29,50.28,-55.8,V1282_003
21/03/2014 13:52:00,-26.33,61.21,55.92,V1282_003
22/03/2014 01:49:00,-25.37,63.64,61.78,V1282_003
22/03/2014 13:50:00,-25.65,-73.59,-73.04,V1282_003
23/03/2014 01:52:00,-26.32,59.4,-74.26,V1282_003
23/03/2014 13:50:00,-25.73,55.04,56.29,V1282_003
24/03/2014 01:52:00,-26.39,49.89,51.45,V1282_003
24/03/2014 14:02:00,-28.93,60.21,-78.45,V1282_003
25/03/2014 01:55:00,-27.22,64.14,62.18,V1282_003
25/03/2014 13:46:00,-25,56.03,60.4,V1282_003
26/03/2014 01:52:00,-26.67,46.6,50.84,V1282_003
26/03/2014 14:02:00,-29.08,56.58,51.45,V1282_003
27/03/2014 01:48:00,-25.62,64.83,61.54,V1282_003
27/03/2014 13:45:00,-24.91,62.42,63.5,V1282_003
28/03/2014 01:49:00,-25.94,59.07,60.37,V1282_003
28/03/2014 13:53:00,-26.98,60.71,59.49,V1282_003
29/03/2014 01:46:00,-25.14,63.8,62.36,V1282_003
29/03/2014 13:47:00,-25.56,63.73,63.28,V1282_003
30/03/2014 01:48:00,-25.84,62.56,62.56,V1282_003
30/03/2014 13:42:00,-24.38,58.68,60.34,V1282_003
31/03/2014 01:38:00,-23.54,59.88,59.34,V1282_003
31/03/2014 13:43:00,-24.83,61.61,60.18,V1282_003
01/04/2014 01:52:00,-26.87,56.7,58.42,V1282_003
01/04/2014 13:50:00,-26.41,54.71,55.35,V1282_003
02/04/2014 01:47:00,-25.69,55.87,55.26,V1282_003
02/04/2014 13:54:00,-27.61,59.19,57.17,V1282_003
03/04/2014 01:52:00,-27.27,59.27,58.8,V1282_003
03/04/2014 13:51:00,-26.93,57.93,58.41,V1282_003
04/04/2014 01:48:00,-26.09,58.96,58.5,V1282_003
04/04/2014 13:49:00,-26.38,58.81,58.36,V1282_003
05/04/2014 01:41:00,-24.54,61.26,60.12,V1282_003
05/04/2014 13:47:00,-25.95,62.62,61.62,V1282_003
06/04/2014 01:46:00,-25.73,62.44,62.44,V1282_003
06/04/2014 13:49:00,-26.52,62.88,62.26,V1282_003
07/04/2014 01:47:00,-26.18,62.85,62.55,V1282_003
07/04/2014 13:44:00,-25.59,61.61,61.92,V1282_003
08/04/2014 01:42:00,-25.12,61.76,61.45,V1282_003
08/04/2014 13:47:00,-26.28,62.63,61.75,V1282_003
09/04/2014 01:44:00,-25.57,63.01,62.74,V1282_003
09/04/2014 13:47:00,-26.23,63.24,62.71,V1282_003
10/04/2014 01:51:00,-27.39,61.59,62.15,V1282_003
10/04/2014 13:39:00,-24.42,57.23,59.65,V1282_003
11/04/2014 01:36:00,-23.83,57.68,57.32,V1282_003
11/04/2014 13:52:00,-27.86,62.11,59.25,V1282_003
12/04/2014 01:41:00,-25.14,64.3,63.42,V1282_003
12/04/2014 13:41:00,-24.93,63.72,63.94,V1282_003
13/04/2014 01:47:00,-26.46,61.95,62.43,V1282_003
13/04/2014 13:51:00,-27.62,62.64,61.93,V1282_003
14/04/2014 01:50:00,-27.4,62.5,62.5,V1282_003
14/04/2014 13:49:00,-27.05,61.79,62.03,V1282_003
15/04/2014 01:44:00,-25.96,62.47,62.02,V1282_003
15/04/2014 13:44:00,-25.99,62.12,62.12,V1282_003
16/04/2014 01:41:00,-25.39,62.32,62.1,V1282_003
16/04/2014 13:44:00,-26.05,62.51,62.09,V1282_003
17/04/2014 01:47:00,-26.83,61.53,61.75,V1282_003
17/04/2014 13:47:00,-26.73,61.09,61.09,V1282_003
18/04/2014 01:42:00,-25.63,61.74,61.31,V1282_003
18/04/2014 13:52:00,-28.04,63.27,62.13,V1282_003
19/04/2014 01:42:00,-25.69,64.6,64.11,V1282_003
19/04/2014 13:39:00,-24.84,63.73,64.07,V1282_003
20/04/2014 01:37:00,-24.49,63.7,63.7,V1282_003
20/04/2014 13:36:00,-24.39,63.33,63.33,V1282_003
21/04/2014 01:38:00,-24.8,62.78,62.96,V1282_003
21/04/2014 13:47:00,-26.95,63.9,62.93,V1282_003
22/04/2014 02:01:00,-30.72,61,61.94,V1282_003
22/04/2014 14:09:00,-32.62,62.1,61.19,V1282_003
23/04/2014 01:51:00,-28.02,64.71,63.86,V1282_003
23/04/2014 13:50:00,-27.79,64.32,64.46,V1282_003
24/04/2014 01:51:00,-28.07,63.92,63.92,V1282_003
24/04/2014 13:45:00,-26.71,62.86,63.46,V1282_003
25/04/2014 01:41:00,-25.74,63.21,63.06,V1282_003
25/04/2014 13:55:00,-29.38,64.91,63.6,V1282_003
26/04/2014 02:01:00,-30.9,63.9,64.17,V1282_003
26/04/2014 13:59:00,-30.42,63.4,63.53,V1282_003
27/04/2014 01:55:00,-29.44,63.7,63.57,V1282_003
27/04/2014 13:57:00,-29.96,63.73,63.6,V1282_003
28/04/2014 01:56:00,-29.73,63.63,63.63,V1282_003
28/04/2014 14:01:00,-30.75,63.91,63.53,V1282_003
29/04/2014 02:10:00,-33.02,62.51,62.92,V1282_003
29/04/2014 14:09:00,-32.91,62.21,62.21,V1282_003
30/04/2014 02:03:00,-31.3,62.87,62.61,V1282_003
30/04/2014 14:10:00,-33.07,63.53,62.91,V1282_003
01/05/2014 02:11:00,-33.33,63.2,63.2,V1282_003
01/05/2014 14:14:00,-34.22,63.41,63.05,V1282_003
02/05/2014 02:12:00,-33.74,63.44,63.32,V1282_003
02/05/2014 14:09:00,-32.88,62.82,63.18,V1282_003
03/05/2014 02:13:00,-34.02,62.05,62.18,V1282_003
03/05/2014 14:08:00,-32.78,61.19,61.72,V1282_003
04/05/2014 02:11:00,-33.54,60.56,60.7,V1282_003
04/05/2014 14:26:00,-37.43,62.38,60.98,V1282_003
05/05/2014 02:10:00,-33.19,64.03,63.63,V1282_003
05/05/2014 14:06:00,-32.32,63.5,63.8,V1282_003
06/05/2014 02:15:00,-34.46,62.4,62.62,V1282_003
06/05/2014 14:15:00,-34.47,62.21,62.21,V1282_003
07/05/2014 02:15:00,-34.73,61.91,61.91,V1282_003
07/05/2014 14:19:00,-35.61,62.13,61.79,V1282_003
08/05/2014 02:20:00,-35.87,61.84,61.84,V1282_003
08/05/2014 14:18:00,-35.38,61.43,61.55,V1282_003
09/05/2014 02:24:00,-36.76,60.59,60.71,V1282_003
09/05/2014 14:34:00,-39.39,61.65,60.72,V1282_003
10/05/2014 02:35:00,-39.52,61.42,61.42,V1282_003
10/05/2014 14:35:00,-39.52,61.26,61.26,V1282_003
11/05/2014 02:33:00,-39.15,61.26,61.26,V1282_003
11/05/2014 14:38:00,-40.28,61.58,61.26,V1282_003
12/05/2014 02:36:00,-39.78,61.64,61.64,V1282_003
12/05/2014 14:27:00,-37.66,60.55,61.21,V1282_003
13/05/2014 02:25:00,-37.16,60.62,60.5,V1282_003
13/05/2014 14:24:00,-36.91,60.34,60.46,V1282_003
14/05/2014 02:28:00,-37.79,59.78,59.9,V1282_003
14/05/2014 14:38:00,-40.41,60.81,59.92,V1282_003
15/05/2014 02:31:00,-38.66,61.38,61.18,V1282_003
15/05/2014 14:28:00,-38.04,60.99,61.19,V1282_003
16/05/2014 02:33:00,-39.03,60.42,60.53,V1282_003
16/05/2014 14:42:00,-41.41,61.25,60.54,V1282_003
17/05/2014 02:36:00,-39.78,61.72,61.63,V1282_003
17/05/2014 14:38:00,-40.4,61.81,61.63,V1282_003
18/05/2014 02:29:00,-38.27,62.39,62.23,V1282_003
18/05/2014 14:31:00,-38.76,62.42,62.27,V1282_003
19/05/2014 02:27:00,-37.76,62.61,62.53,V1282_003
19/05/2014 14:04:00,-32,60.5,62.1,V1282_003
20/05/2014 01:58:00,-30.37,60.99,60.9,V1282_003
20/05/2014 14:17:00,-35.24,62.47,61.27,V1282_003
21/05/2014 02:33:00,-39.11,61.1,61.36,V1282_003
21/05/2014 14:31:00,-38.6,60.8,60.98,V1282_003
22/05/2014 02:52:00,-43.84,58.54,59.1,V1282_003
22/05/2014 14:58:00,-45.33,59.08,58.65,V1282_003
23/05/2014 02:51:00,-43.45,59.74,59.54,V1282_003
23/05/2014 14:58:00,-45.18,60.29,59.82,V1282_003
24/05/2014 03:05:00,-47.17,59.41,59.61,V1282_003
24/05/2014 15:18:00,-50.16,60.43,59.59,V1282_003
25/05/2014 03:04:00,-46.78,61.43,61.2,V1282_003
03/09/2014 16:44:00,-71.17,77.11,77.11,V1282_003
04/09/2014 04:31:00,-68.09,77.8,77.73,V1282_003
04/09/2014 16:33:00,-68.5,78.06,78.03,V1282_003
05/09/2014 04:38:00,-69.67,78.13,78.17,V1282_003
05/09/2014 16:41:00,-70.46,78.46,78.36,V1282_003
06/09/2014 04:33:00,-68.75,78.89,78.86,V1282_003
06/09/2014 16:22:00,-65.92,78.75,79.03,V1282_003
07/09/2014 04:47:00,-72.09,78.05,78.26,V1282_003
07/09/2014 16:47:00,-72.13,78.29,78.29,V1282_003
08/09/2014 04:42:00,-71.05,78.72,78.68,V1282_003
08/09/2014 16:07:00,-62.21,77.19,78.6,V1282_003
09/09/2014 04:29:00,-67.88,75.87,76.43,V1282_003
09/09/2014 15:57:00,-59.93,72.77,75.29,V1282_003
10/09/2014 04:11:00,-63.47,71.01,71.85,V1282_003
10/09/2014 16:01:00,-60.89,69.41,70.81,V1282_003
11/09/2014 04:02:00,-61.31,69.57,69.78,V1282_003
11/09/2014 15:53:00,-59.1,67.9,69.15,V1282_003
12/09/2014 03:49:00,-58.14,69.42,69.18,V1282_003
12/09/2014 15:43:00,-56.56,68.31,69.34,V1282_003
13/09/2014 03:41:00,-56.11,69.38,69.12,V1282_003
13/09/2014 15:32:00,-53.9,67.42,68.88,V1282_003
14/09/2014 03:36:00,-54.95,66.73,67.4,V1282_003
14/09/2014 15:31:00,-53.74,65.55,66.68,V1282_003
15/09/2014 03:31:00,-53.91,66.05,66.05,V1282_003
15/09/2014 15:23:00,-51.95,63.22,65.55,V1282_003
16/09/2014 03:35:00,-55,56.3,60.03,V1282_003
16/09/2014 15:40:00,-56.17,-87.28,58.49,V1282_003
17/09/2014 03:37:00,-55.71,62.78,62.18,V1282_003
17/09/2014 15:37:00,-55.63,63.41,63.41,V1282_003
18/09/2014 03:43:00,-57.05,60.77,-83.94,V1282_003
18/09/2014 15:46:00,-58.1,64.44,63.2,V1282_003
19/09/2014 03:44:00,-57.39,67.02,66.51,V1282_003
19/09/2014 15:40:00,-56.44,-80.65,66.94,V1282_003
20/09/2014 03:46:00,-58.23,62.16,64.4,V1282_003
20/09/2014 15:39:00,-56.4,55.78,-74.38,V1282_003
21/09/2014 03:35:00,-55.57,61.18,59.09,V1282_003
21/09/2014 15:35:00,-55.61,62.58,62.58,V1282_003
22/09/2014 03:39:00,-56.53,-66.75,-68.46,V1282_003
22/09/2014 15:41:00,-57.08,-66.89,63.14,V1282_003
23/09/2014 03:40:00,-56.87,66.51,66.51,V1282_003
23/09/2014 15:35:00,-55.66,63.24,66.32,V1282_003
24/09/2014 03:35:00,-55.83,-56.88,-56.88,V1282_003
24/09/2014 15:35:00,-55.88,66.4,66.4,V1282_003
25/09/2014 03:34:00,-55.55,69.68,-54.24,V1282_003
25/09/2014 15:35:00,-55.84,-55.48,-54.11,V1282_003
26/09/2014 03:41:00,-57.38,-43.32,71.8,V1282_003
26/09/2014 15:32:00,-55.17,49.4,-29.79,V1282_003
27/09/2014 03:36:00,-56.22,90,90,V1282_003
27/09/2014 15:37:00,-56.51,90,90,V1282_003
28/09/2014 03:33:00,-55.43,-9.55,3.89,V1282_003
28/09/2014 15:28:00,-54.34,59.54,68.98,V1282_003
29/09/2014 03:31:00,-55.14,90,63.31,V1282_003
29/09/2014 15:36:00,-56.43,6.03,74.03,V1282_003
30/09/2014 03:40:00,-57.47,80.26,18.43,V1282_003
30/09/2014 15:34:00,-56.13,90,51.64,V1282_003
01/10/2014 03:40:00,-57.55,83.57,77.3,V1282_003
01/10/2014 15:33:00,-55.72,83.91,81.26,V1282_003
02/10/2014 03:32:00,-55.51,79.86,79.86,V1282_003
02/10/2014 15:28:00,-54.67,79.36,77.92,V1282_003
03/10/2014 03:31:00,-55.46,78.74,77.49,V1282_003
03/10/2014 15:34:00,-56.37,73.87,75.52,V1282_003
04/10/2014 03:33:00,-55.91,69.33,70.47,V1282_003
04/10/2014 15:37:00,-56.95,60.8,64.14,V1282_003
05/10/2014 03:41:00,-58.11,65.33,62.55,V1282_003
05/10/2014 15:41:00,-58.03,63.9,63.9,V1282_003
06/10/2014 03:45:00,-59.31,67.43,64.37,V1282_003
06/10/2014 15:41:00,-58.1,69.85,68.37,V1282_003
07/10/2014 03:36:00,-57.01,64.67,66.46,V1282_003
07/10/2014 15:34:00,-56.55,65,64.1,V1282_003
08/10/2014 03:42:00,-58.46,69.08,66.42,V1282_003
08/10/2014 15:38:00,-57.49,70.15,69.08,V1282_003
09/10/2014 03:41:00,-58.4,70.78,69.83,V1282_003
09/10/2014 15:36:00,-57.06,72.1,71.32,V1282_003
10/10/2014 03:33:00,-56.47,70.19,70.61,V1282_003
10/10/2014 15:37:00,-57.63,67.07,68.1,V1282_003
11/10/2014 03:40:00,-58.29,67.41,66.91,V1282_003
11/10/2014 15:28:00,-55.32,71.44,69.64,V1282_003
12/10/2014 03:21:00,-53.48,67.79,69.43,V1282_003
12/10/2014 15:30:00,-55.88,61.82,64.21,V1282_003
13/10/2014 03:34:00,-57.04,63.62,61.86,V1282_003
13/10/2014 15:27:00,-55.32,66.27,64.88,V1282_003
14/10/2014 03:28:00,-55.47,65.73,65.73,V1282_003
14/10/2014 15:24:00,-54.63,66.48,66.07,V1282_003
15/10/2014 03:33:00,-56.66,68.68,66.94,V1282_003
15/10/2014 15:24:00,-54.56,70.55,69.45,V1282_003
16/10/2014 03:25:00,-54.96,70.37,70.11,V1282_003
16/10/2014 15:32:00,-56.61,67.95,68.84,V1282_003
17/10/2014 03:32:00,-56.51,67.2,67.2,V1282_003
17/10/2014 15:34:00,-57.29,65.59,65.94,V1282_003
18/10/2014 03:32:00,-56.69,64.06,64.44,V1282_003
18/10/2014 15:29:00,-55.96,64.59,64.23,V1282_003
19/10/2014 03:32:00,-56.74,65.07,64.38,V1282_003
19/10/2014 15:30:00,-56.26,65.19,64.86,V1282_003
20/10/2014 03:34:00,-57.16,65.77,65.14,V1282_003
20/10/2014 15:32:00,-56.8,65.71,65.41,V1282_003
21/10/2014 03:35:00,-57.57,66.09,65.51,V1282_003
21/10/2014 15:31:00,-56.72,66.57,66.3,V1282_003
22/10/2014 03:28:00,-55.99,65.27,65.83,V1282_003
22/10/2014 15:24:00,-55.01,65.92,65.37,V1282_003
23/10/2014 03:27:00,-55.78,66.25,65.73,V1282_003
23/10/2014 15:31:00,-56.79,64.74,65.29,V1282_003
24/10/2014 03:35:00,-57.81,65.38,64.85,V1282_003
24/10/2014 15:35:00,-57.83,64.95,64.95,V1282_003
25/10/2014 03:35:00,-57.72,64.39,64.39,V1282_003
25/10/2014 15:35:00,-57.73,63.98,63.98,V1282_003
26/10/2014 03:38:00,-58.49,64.36,63.83,V1282_003
26/10/2014 15:37:00,-58.38,64.09,64.09,V1282_003
27/10/2014 03:39:00,-58.77,64.08,63.82,V1282_003
27/10/2014 15:35:00,-57.78,64.67,64.19,V1282_003
28/10/2014 03:38:00,-58.42,64.88,64.42,V1282_003
28/10/2014 15:30:00,-56.68,66.04,65.41,V1282_003
29/10/2014 03:26:00,-55.56,64.74,65.39,V1282_003
29/10/2014 15:32:00,-57.07,62.96,63.45,V1282_003
30/10/2014 03:46:00,-60.58,65.72,63.8,V1282_003
30/10/2014 15:38:00,-58.58,66.89,66.35,V1282_003
31/10/2014 03:31:00,-56.84,65.27,66.04,V1282_003
31/10/2014 15:41:00,-59.34,62.78,63.69,V1282_003
01/11/2014 03:45:00,-60.35,63.36,62.68,V1282_003
01/11/2014 15:35:00,-57.85,65.11,64.33,V1282_003
02/11/2014 03:33:00,-57.35,64.42,64.62,V1282_003
02/11/2014 15:29:00,-56.48,64.8,64.61,V1282_003
03/11/2014 03:31:00,-56.98,64.88,64.69,V1282_003
03/11/2014 15:36:00,-58.11,63.72,64.11,V1282_003
04/11/2014 03:34:00,-57.48,62.92,63.33,V1282_003
04/11/2014 15:34:00,-57.6,62.52,62.52,V1282_003
05/11/2014 03:41:00,-59.35,63.64,62.85,V1282_003
05/11/2014 15:35:00,-57.97,64.38,64.02,V1282_003
06/11/2014 03:34:00,-57.59,63.85,64.03,V1282_003
06/11/2014 15:34:00,-57.46,63.67,63.67,V1282_003
07/11/2014 03:35:00,-57.83,63.68,63.5,V1282_003
07/11/2014 15:39:00,-58.83,62.68,62.87,V1282_003
08/11/2014 03:46:00,-60.57,63.7,62.8,V1282_003
08/11/2014 15:35:00,-57.93,65.16,64.54,V1282_003
09/11/2014 03:28:00,-56.17,63.81,64.62,V1282_003
09/11/2014 15:28:00,-56.16,63.58,63.58,V1282_003
10/11/2014 03:49:00,-61.28,66.37,64.39,V1282_003
10/11/2014 15:47:00,-60.89,66.34,66.34,V1282_003
11/11/2014 03:32:00,-57,63.94,65.54,V1282_003
11/11/2014 15:34:00,-57.61,63.32,63.48,V1282_003
12/11/2014 03:34:00,-57.35,62.93,63.09,V1282_003
12/11/2014 15:32:00,-56.83,63.04,62.88,V1282_003
13/11/2014 03:41:00,-59.07,64.21,63.3,V1282_003
13/11/2014 15:45:00,-60.05,63.4,63.56,V1282_003
14/11/2014 03:43:00,-59.66,62.96,63.12,V1282_003
14/11/2014 15:35:00,-57.76,63.89,63.6,V1282_003
15/11/2014 03:37:00,-58.12,63.91,63.77,V1282_003
15/11/2014 15:41:00,-59.1,63.13,63.28,V1282_003
16/11/2014 03:40:00,-58.7,62.71,62.86,V1282_003
16/11/2014 15:34:00,-57.18,63.41,63.12,V1282_003
17/11/2014 03:37:00,-58.03,63.72,63.44,V1282_003
17/11/2014 15:32:00,-56.63,64.27,64.01,V1282_003
18/11/2014 03:38:00,-58.1,64.84,64.35,V1282_003
18/11/2014 15:37:00,-57.95,64.73,64.73,V1282_003
19/11/2014 03:44:00,-59.67,65.37,64.8,V1282_003
19/11/2014 15:43:00,-59.27,65.38,65.38,V1282_003
20/11/2014 03:27:00,-55.49,63.42,64.78,V1282_003
20/11/2014 15:29:00,-55.96,62.99,63.13,V1282_003
21/11/2014 03:43:00,-59.18,64.46,63.36,V1282_003
21/11/2014 15:42:00,-58.9,64.43,64.43,V1282_003
22/11/2014 03:34:00,-56.99,63.37,63.98,V1282_003
22/11/2014 15:29:00,-55.84,63.78,63.66,V1282_003
23/11/2014 03:43:00,-59.18,65.14,64.04,V1282_003
23/11/2014 15:37:00,-57.64,65.6,65.4,V1282_003
24/11/2014 03:28:00,-55.48,64.6,65.22,V1282_003
24/11/2014 15:31:00,-56.07,64.19,64.3,V1282_003
25/11/2014 03:26:00,-54.91,63.55,63.89,V1282_003
25/11/2014 15:32:00,-56.37,62.69,62.93,V1282_003
26/11/2014 03:42:00,-58.71,63.69,62.86,V1282_003
26/11/2014 15:43:00,-58.92,63.45,63.45,V1282_003
27/11/2014 03:39:00,-57.75,62.79,63.15,V1282_003
27/11/2014 15:37:00,-57.46,62.79,62.79,V1282_003
28/11/2014 03:44:00,-59.04,63.42,62.84,V1282_003
28/11/2014 15:43:00,-58.63,63.47,63.47,V1282_003
29/11/2014 03:48:00,-59.96,63.95,63.52,V1282_003
29/11/2014 15:47:00,-59.66,63.94,63.94,V1282_003
30/11/2014 03:35:00,-56.62,62.51,63.52,V1282_003
30/11/2014 15:36:00,-56.83,62.28,62.28,V1282_003
01/12/2014 03:46:00,-59.4,63.36,62.58,V1282_003
01/12/2014 15:47:00,-59.48,63.21,63.21,V1282_003
02/12/2014 03:39:00,-57.31,62.15,62.84,V1282_003
02/12/2014 15:36:00,-56.51,62.4,62.29,V1282_003
03/12/2014 03:43:00,-58.34,63.13,62.59,V1282_003
03/12/2014 15:45:00,-58.79,62.83,62.83,V1282_003
04/12/2014 03:43:00,-58.24,62.52,62.74,V1282_003
04/12/2014 15:34:00,-55.82,63.44,63.13,V1282_003
05/12/2014 03:43:00,-58.14,64.26,63.6,V1282_003
05/12/2014 15:46:00,-58.96,63.86,63.95,V1282_003
06/12/2014 03:40:00,-57.16,63.1,63.59,V1282_003
06/12/2014 15:39:00,-56.98,63.07,63.07,V1282_003
07/12/2014 03:43:00,-57.93,63.4,63.1,V1282_003
07/12/2014 15:49:00,-59.37,62.72,62.82,V1282_003
08/12/2014 03:40:00,-57.07,61.66,62.44,V1282_003
08/12/2014 15:25:00,-53.27,63.19,62.79,V1282_003
09/12/2014 03:28:00,-54.09,63.47,63.28,V1282_003
09/12/2014 15:29:00,-54.28,63.31,63.31,V1282_003
10/12/2014 03:36:00,-55.85,63.85,63.4,V1282_003
10/12/2014 15:42:00,-57.17,63.29,63.39,V1282_003
11/12/2014 03:42:00,-57.11,63.24,63.24,V1282_003
11/12/2014 15:40:00,-56.68,63.33,63.33,V1282_003
12/12/2014 03:57:00,-60.87,64.73,63.65,V1282_003
12/12/2014 15:55:00,-60.19,64.88,64.81,V1282_003
13/12/2014 03:47:00,-58.38,64.29,64.76,V1282_003
13/12/2014 15:42:00,-56.94,64.69,64.61,V1282_003
14/12/2014 03:47:00,-58.13,65.03,64.73,V1282_003
14/12/2014 15:48:00,-58.32,64.92,64.92,V1282_003
15/12/2014 03:44:00,-57.14,64.54,64.85,V1282_003
15/12/2014 15:43:00,-56.95,64.55,64.55,V1282_003
16/12/2014 03:48:00,-58.14,64.9,64.6,V1282_003
16/12/2014 15:56:00,-60.21,64.22,64.38,V1282_003
17/12/2014 03:44:00,-57.02,63.12,63.99,V1282_003
17/12/2014 15:40:00,-55.84,63.5,63.41,V1282_003
18/12/2014 03:47:00,-57.65,64.12,63.61,V1282_003
18/12/2014 15:51:00,-58.71,63.72,63.81,V1282_003
19/12/2014 03:47:00,-57.53,63.32,63.67,V1282_003
19/12/2014 15:45:00,-56.97,63.48,63.39,V1282_003
20/12/2014 03:42:00,-56.15,63.21,63.47,V1282_003
20/12/2014 15:42:00,-55.97,63.24,63.24,V1282_003
21/12/2014 03:42:00,-56.03,63.28,63.28,V1282_003
21/12/2014 15:44:00,-56.34,63.14,63.14,V1282_003
22/12/2014 03:39:00,-55.16,62.72,63.1,V1282_003
22/12/2014 15:43:00,-55.97,62.38,62.48,V1282_003
23/12/2014 03:56:00,-59.28,63.64,62.73,V1282_003
23/12/2014 15:53:00,-58.59,63.86,63.77,V1282_003
24/12/2014 03:51:00,-58.03,63.7,63.87,V1282_003
24/12/2014 15:54:00,-58.47,63.54,63.54,V1282_003
25/12/2014 03:46:00,-56.66,62.92,63.46,V1282_003
25/12/2014 15:50:00,-57.59,62.55,62.65,V1282_003
26/12/2014 03:57:00,-59.28,63.23,62.76,V1282_003
26/12/2014 15:48:00,-56.97,64.03,63.86,V1282_003
27/12/2014 03:39:00,-54.54,63.23,63.84,V1282_003
27/12/2014 15:52:00,-57.85,61.93,62.24,V1282_003
28/12/2014 03:57:00,-58.91,62.42,62.11,V1282_003
28/12/2014 15:56:00,-58.48,62.6,62.6,V1282_003
29/12/2014 03:57:00,-58.91,62.83,62.73,V1282_003
29/12/2014 15:46:00,-55.98,63.91,63.65,V1282_003
30/12/2014 03:42:00,-54.79,63.56,63.91,V1282_003
30/12/2014 15:44:00,-55.23,63.42,63.42,V1282_003
31/12/2014 03:48:00,-56.3,63.86,63.59,V1282_003
31/12/2014 15:54:00,-57.86,63.32,63.5,V1282_003
01/01/2015 03:48:00,-56.18,62.74,63.23,V1282_003
01/01/2015 15:45:00,-55.5,63.04,62.94,V1282_003
02/01/2015 03:44:00,-55.06,62.94,63.04,V1282_003
02/01/2015 15:47:00,-55.88,62.65,62.75,V1282_003
03/01/2015 03:46:00,-55.45,62.55,62.66,V1282_003
03/01/2015 15:50:00,-56.39,62.19,62.3,V1282_003
04/01/2015 03:52:00,-56.95,62.52,62.31,V1282_003
04/01/2015 15:40:00,-53.77,63.81,63.54,V1282_003
05/01/2015 03:40:00,-53.72,63.88,63.88,V1282_003
05/01/2015 15:45:00,-55.04,63.43,63.53,V1282_003
06/01/2015 03:35:00,-52.48,62.48,63.31,V1282_003
06/01/2015 15:38:00,-53.05,62.29,62.4,V1282_003
07/01/2015 03:38:00,-52.87,62.31,62.42,V1282_003
07/01/2015 15:33:00,-51.57,62.93,62.83,V1282_003
08/01/2015 03:31:00,-51.14,62.86,62.96,V1282_003
08/01/2015 15:44:00,-54.34,61.45,61.94,V1282_003
09/01/2015 03:42:00,-53.66,61.23,61.48,V1282_003
09/01/2015 15:42:00,-53.61,61.33,61.33,V1282_003
10/01/2015 03:37:00,-52.31,60.78,61.3,V1282_003
10/01/2015 15:42:00,-53.5,60.19,60.33,V1282_003
11/01/2015 03:50:00,-55.58,61.44,60.65,V1282_003
11/01/2015 15:54:00,-56.53,61.02,61.16,V1282_003
12/01/2015 03:48:00,-55.1,60.38,60.93,V1282_003
12/01/2015 15:48:00,-55.06,60.49,60.49,V1282_003
13/01/2015 03:52:00,-55.76,61.02,60.75,V1282_003
13/01/2015 15:56:00,-56.96,60.44,60.58,V1282_003
14/01/2015 03:59:00,-57.54,60.92,60.63,V1282_003
14/01/2015 15:54:00,-56.24,61.72,61.45,V1282_003
15/01/2015 03:45:00,-54.07,60.67,61.51,V1282_003
15/01/2015 15:48:00,-54.66,60.43,60.58,V1282_003
16/01/2015 03:55:00,-56.36,61.56,60.86,V1282_003
16/01/2015 15:52:00,-55.57,62.1,61.97,V1282_003
17/01/2015 03:59:00,-57.28,63.12,62.49,V1282_003
17/01/2015 16:06:00,-58.86,62.44,62.69,V1282_003
18/01/2015 03:50:00,-54.94,60.37,61.98,V1282_003
18/01/2015 15:53:00,-55.78,59.96,60.12,V1282_003
19/01/2015 03:54:00,-55.99,60.28,60.12,V1282_003
19/01/2015 15:51:00,-55.08,60.98,60.82,V1282_003
20/01/2015 03:53:00,-55.54,61.44,61.29,V1282_003
20/01/2015 15:49:00,-54.63,62.1,61.96,V1282_003
21/01/2015 03:41:00,-52.34,60.91,61.82,V1282_003
21/01/2015 15:47:00,-53.93,60.01,60.35,V1282_003
22/01/2015 03:45:00,-53.52,59.93,60.1,V1282_003
22/01/2015 15:48:00,-54.24,59.57,59.75,V1282_003
23/01/2015 03:47:00,-53.83,59.48,59.66,V1282_003
23/01/2015 15:40:00,-51.92,60.97,60.46,V1282_003
24/01/2015 03:34:00,-50.52,60.21,60.9,V1282_003
24/01/2015 15:40:00,-51.99,59.3,59.68,V1282_003
25/01/2015 03:36:00,-50.96,58.71,59.3,V1282_003
25/01/2015 15:28:00,-49.05,60.34,59.78,V1282_003
26/01/2015 03:48:00,-53.9,63.64,61.66,V1282_003
26/01/2015 15:59:00,-56.75,62.11,62.74,V1282_003
27/01/2015 03:54:00,-55.34,61.39,62.06,V1282_003
27/01/2015 15:53:00,-55.07,61.77,61.77,V1282_003
28/01/2015 03:50:00,-54.42,61.54,61.89,V1282_003
28/01/2015 15:53:00,-55.15,61.22,61.4,V1282_003
29/01/2015 03:56:00,-55.75,61.89,61.53,V1282_003
29/01/2015 16:01:00,-56.97,61.21,61.58,V1282_003
30/01/2015 03:59:00,-56.58,61.15,61.34,V1282_003
30/01/2015 15:58:00,-56.18,61.66,61.48,V1282_003
31/01/2015 03:56:00,-55.54,61.43,61.8,V1282_003
31/01/2015 15:57:00,-55.89,61.38,61.38,V1282_003
01/02/2015 03:59:00,-56.5,62.09,61.72,V1282_003
01/02/2015 15:58:00,-56.23,62.52,62.52,V1282_003
02/02/2015 03:56:00,-55.72,62.4,62.58,V1282_003
02/02/2015 15:42:00,-52.08,65.06,64.28,V1282_003
03/02/2015 03:19:00,-46.31,61.22,64.03,V1282_003
03/02/2015 15:23:00,-47.3,60.63,60.85,V1282_003
04/02/2015 03:25:00,-47.79,61.34,61.12,V1282_003
04/02/2015 15:21:00,-46.78,62.43,62.23,V1282_003
05/02/2015 03:13:00,-44.64,60.9,61.99,V1282_003
05/02/2015 15:15:00,-45.25,60.62,60.85,V1282_003
06/02/2015 03:15:00,-45.12,60.8,60.8,V1282_003
06/02/2015 15:09:00,-43.74,62.31,61.88,V1282_003
07/02/2015 03:06:00,-42.98,61.96,62.39,V1282_003
07/02/2015 15:02:00,-41.97,63.11,62.9,V1282_003
08/02/2015 02:52:00,-39.59,61.3,62.67,V1282_003
08/02/2015 15:00:00,-41.33,59.85,60.63,V1282_003
09/02/2015 02:57:00,-40.7,59.5,60.05,V1282_003
09/02/2015 14:50:00,-39.08,61.54,61.03,V1282_003
10/02/2015 02:38:00,-36.07,58.59,60.58,V1282_003
10/02/2015 14:30:00,-33.95,61.32,60.52,V1282_003
11/02/2015 02:26:00,-32.94,60.6,61.14,V1282_003
11/02/2015 14:25:00,-32.69,61.23,61.23,V1282_003
12/02/2015 02:22:00,-31.94,60.76,61.32,V1282_003
12/02/2015 14:27:00,-33.2,59.67,60.27,V1282_003
13/02/2015 02:24:00,-32.45,59.11,59.75,V1282_003
13/02/2015 14:17:00,-30.7,61.61,60.75,V1282_003
14/02/2015 02:22:00,-32.08,63.46,62.69,V1282_003
14/02/2015 14:27:00,-33.21,62.68,63.21,V1282_003
15/02/2015 02:27:00,-33.34,63.21,63.21,V1282_003
15/02/2015 14:24:00,-32.34,64.62,64.12,V1282_003
16/02/2015 02:13:00,-29.72,62.19,63.87,V1282_003
16/02/2015 14:18:00,-31.11,60.9,61.55,V1282_003
17/02/2015 02:27:00,-33.24,63.91,62.46,V1282_003
17/02/2015 14:24:00,-32.5,65.12,64.87,V1282_003
18/02/2015 02:15:00,-30.26,63.04,64.49,V1282_003
18/02/2015 14:13:00,-29.64,64.23,63.94,V1282_003
19/02/2015 02:09:00,-28.65,63.5,64.11,V1282_003
19/02/2015 14:16:00,-30.54,61.49,62.54,V1282_003
20/02/2015 02:18:00,-31.18,62.87,62.53,V1282_003
20/02/2015 14:20:00,-31.57,62.87,63.21,V1282_003
21/02/2015 02:16:00,-30.58,61.95,62.68,V1282_003
21/02/2015 14:17:00,-30.84,62.11,62.11,V1282_003
22/02/2015 02:14:00,-29.98,61.28,62.09,V1282_003
22/02/2015 14:15:00,-30.5,61.02,61.45,V1282_003
23/02/2015 02:17:00,-31.01,62.45,62.04,V1282_003
23/02/2015 14:19:00,-31.41,62.44,62.85,V1282_003
24/02/2015 02:12:00,-29.67,59.88,61.77,V1282_003
24/02/2015 14:07:00,-28.44,62.84,61.96,V1282_003
25/02/2015 02:10:00,-29.09,64.51,64.11,V1282_003
25/02/2015 14:19:00,-31.61,60.66,62.62,V1282_003
26/02/2015 02:15:00,-30.5,58.89,60.04,V1282_003
26/02/2015 14:11:00,-29.52,61.85,60.78,V1282_003
27/02/2015 02:17:00,-31.17,65.58,63.82,V1282_003
27/02/2015 14:19:00,-31.69,65.46,65.89,V1282_003
28/02/2015 02:13:00,-29.96,62.86,64.86,V1282_003
28/02/2015 14:16:00,-30.98,61.42,62.59,V1282_003
01/03/2015 02:11:00,-29.63,58.62,60.71,V1282_003
01/03/2015 14:17:00,-31.16,54.63,57.25,V1282_003
02/03/2015 02:15:00,-30.81,54.22,55.19,V1282_003
02/03/2015 14:09:00,-29.08,61.18,58.87,V1282_003
03/03/2015 02:13:00,-30.23,65.12,63.9,V1282_003
03/03/2015 14:12:00,-29.88,66.94,66.4,V1282_003
04/03/2015 02:10:00,-29.53,67.13,67.67,V1282_003
04/03/2015 14:14:00,-30.44,66.13,67.34,V1282_003
05/03/2015 02:06:00,-28.59,61.69,64.91,V1282_003
05/03/2015 14:04:00,-28.12,64.65,63.84,V1282_003
06/03/2015 02:03:00,-27.77,64.77,65.57,V1282_003
06/03/2015 14:07:00,-28.92,62.05,64.02,V1282_003
07/03/2015 02:15:00,-30.83,69.75,66.84,V1282_003
07/03/2015 14:14:00,-30.61,71.74,71.74,V1282_003
08/03/2015 02:01:00,-27.51,62.57,69.53,V1282_003
08/03/2015 13:58:00,-26.92,67.3,66.25,V1282_003
09/03/2015 01:57:00,-26.57,67.71,68.75,V1282_003
09/03/2015 14:00:00,-27.23,66.99,68.2,V1282_003
10/03/2015 02:12:00,-30.26,78.27,74.96,V1282_003
10/03/2015 14:20:00,-32.42,75.32,77.93,V1282_003
11/03/2015 02:04:00,-28.57,48.61,69.73,V1282_003
11/03/2015 13:56:00,-26.48,73.96,66.72,V1282_003
12/03/2015 01:53:00,-25.89,74.35,75.92,V1282_003
12/03/2015 13:56:00,-26.55,75.13,77.22,V1282_003
13/03/2015 02:00:00,-27.58,86.72,85.59,V1282_003
13/03/2015 14:08:00,-29.62,90,77.18,V1282_003
14/03/2015 02:01:00,-28.02,79.8,90,V1282_003
14/03/2015 13:57:00,-26.93,90,90,V1282_003
15/03/2015 01:54:00,-26.34,90,90,V1282_003
15/03/2015 13:57:00,-27.13,46.61,90,V1282_003
16/03/2015 01:56:00,-26.79,55.53,90,V1282_003
16/03/2015 14:00:00,-27.82,65.96,59.77,V1282_003
17/03/2015 02:00:00,-27.86,61.77,61.77,V1282_003
17/03/2015 14:01:00,-28.15,60.55,-15.91,V1282_003
18/03/2015 02:08:00,-29.81,90,35.2,V1282_003
18/03/2015 13:54:00,-26.47,90,90,V1282_003
19/03/2015 01:41:00,-23.25,90,90,V1282_003
19/03/2015 13:56:00,-27.17,-54.14,-31.98,V1282_003
20/03/2015 01:59:00,-27.83,-51.48,60.52,V1282_003
20/03/2015 13:50:00,-25.61,5.55,47.07,V1282_003
21/03/2015 01:44:00,-24.15,47.52,-37.63,V1282_003
21/03/2015 13:55:00,-26.94,63.53,-61.05,V1282_003
22/03/2015 01:52:00,-26.1,-71.46,-70.18,V1282_003
22/03/2015 13:46:00,-24.64,57.6,61.03,V1282_003
23/03/2015 01:44:00,-24.3,57.9,56.66,V1282_003
23/03/2015 13:51:00,-25.96,62.83,59.21,V1282_003
24/03/2015 01:50:00,-25.87,62.01,62.01,V1282_003
24/03/2015 13:41:00,-23.54,-75.29,56.53,V1282_003
25/03/2015 01:39:00,-23.32,50.02,50.02,V1282_003
25/03/2015 13:48:00,-25.36,58.03,53.93,V1282_003
26/03/2015 01:44:00,-24.4,60.24,58.65,V1282_003
26/03/2015 13:48:00,-25.44,61.99,-85.51,V1282_003
27/03/2015 01:50:00,-26.1,59.3,60.02,V1282_003
27/03/2015 13:50:00,-26.14,58.32,58.32,V1282_003
28/03/2015 01:45:00,-25.05,60.49,-88.94,V1282_003
28/03/2015 13:48:00,-25.59,60.84,60.23,V1282_003
29/03/2015 01:45:00,-25,61.43,60.87,V1282_003
29/03/2015 13:46:00,-25.16,60.91,60.91,V1282_003
30/03/2015 01:42:00,-24.33,61.96,61.46,V1282_003
30/03/2015 13:39:00,-23.61,59.63,60.71,V1282_003
31/03/2015 01:38:00,-23.4,59.43,59.43,V1282_003
31/03/2015 13:47:00,-25.56,62.81,60.52,V1282_003
01/04/2015 01:47:00,-25.73,61.93,61.93,V1282_003
01/04/2015 13:43:00,-24.76,59.38,60.36,V1282_003
02/04/2015 01:49:00,-26.3,55.3,57.08,V1282_003
02/04/2015 13:58:00,-28.59,59.51,56.94,V1282_003
03/04/2015 01:54:00,-27.75,60.46,60.02,V1282_003
03/04/2015 13:49:00,-26.41,57.23,58.72,V1282_003
04/04/2015 01:50:00,-26.7,56.06,56.06,V1282_003
04/04/2015 13:51:00,-26.86,55.7,55.7,V1282_003
05/04/2015 01:48:00,-26.15,56.63,56.13,V1282_003
05/04/2015 13:57:00,-28.56,60.22,57.7,V1282_003
06/04/2015 01:57:00,-28.59,59.67,59.67,V1282_003
06/04/2015 13:55:00,-28.13,58.32,58.74,V1282_003
07/04/2015 01:48:00,-26.41,60.5,59.39,V1282_003
07/04/2015 13:48:00,-26.45,59.99,59.99,V1282_003
08/04/2015 01:49:00,-26.61,59.31,59.31,V1282_003
08/04/2015 13:56:00,-28.64,61.51,59.88,V1282_003
09/04/2015 01:54:00,-28.05,61.81,61.52,V1282_003
09/04/2015 13:55:00,-28.46,61.81,61.51,V1282_003
10/04/2015 02:06:00,-31,58.09,59.49,V1282_003
10/04/2015 13:59:00,-29.28,54.83,56.48,V1282_003
11/04/2015 01:56:00,-28.69,55.41,54.99,V1282_003
11/04/2015 14:07:00,-31.47,58.97,56.51,V1282_003
12/04/2015 01:57:00,-29.13,61.37,60.24,V1282_003
12/04/2015 13:52:00,-27.79,59.38,60.27,V1282_003
13/04/2015 01:52:00,-27.69,59.12,59.12,V1282_003
13/04/2015 13:54:00,-28.35,59.46,58.86,V1282_003
14/04/2015 01:50:00,-27.38,60.2,59.92,V1282_003
14/04/2015 13:48:00,-26.91,59.25,59.53,V1282_003
15/04/2015 01:47:00,-26.69,59.15,59.15,V1282_003
15/04/2015 13:44:00,-26.1,58.04,58.34,V1282_003
16/04/2015 01:46:00,-26.51,57.2,57.51,V1282_003
16/04/2015 13:47:00,-26.79,57.13,56.82,V1282_003
17/04/2015 01:38:00,-24.56,59.31,58.51,V1282_003
17/04/2015 13:51:00,-27.84,62.01,60.21,V1282_003
18/04/2015 01:53:00,-28.5,61.14,61.36,V1282_003
18/04/2015 13:45:00,-26.28,58.65,60.13,V1282_003
19/04/2015 01:49:00,-27.43,57.08,57.64,V1282_003
19/04/2015 13:44:00,-26.21,55.25,56.16,V1282_003
20/04/2015 01:33:00,-23.48,58.03,56.96,V1282_003
20/04/2015 13:41:00,-25.51,59.64,58.46,V1282_003
21/04/2015 01:40:00,-25.28,59.56,59.56,V1282_003
21/04/2015 13:37:00,-24.68,58.67,59.14,V1282_003
22/04/2015 01:35:00,-24.08,58.94,58.71,V1282_003
22/04/2015 13:36:00,-24.48,58.98,58.75,V1282_003
23/04/2015 01:34:00,-23.88,59.24,59.02,V1282_003
23/04/2015 13:43:00,-26.28,60.87,59.68,V1282_003
24/04/2015 01:43:00,-26.18,60.69,60.69,V1282_003
24/04/2015 13:39:00,-25.33,59.73,60.13,V1282_003
25/04/2015 01:38:00,-25.1,59.66,59.66,V1282_003
25/04/2015 13:42:00,-26,60.06,59.68,V1282_003
26/04/2015 01:42:00,-26.14,59.7,59.7,V1282_003
26/04/2015 13:42:00,-26.16,59.43,59.43,V1282_003
27/04/2015 01:43:00,-26.31,59.07,59.07,V1282_003
27/04/2015 13:45:00,-26.83,59.2,59.01,V1282_003
28/04/2015 01:45:00,-26.85,58.95,58.95,V1282_003
28/04/2015 13:48:00,-27.49,59.17,58.79,V1282_003
29/04/2015 01:44:00,-26.64,59.56,59.38,V1282_003
29/04/2015 13:45:00,-26.78,59.41,59.41,V1282_003
30/04/2015 01:45:00,-26.92,59.07,59.07,V1282_003
30/04/2015 13:44:00,-26.69,58.65,58.84,V1282_003
01/05/2015 01:42:00,-26.2,58.78,58.6,V1282_003
01/05/2015 13:44:00,-26.72,58.9,58.73,V1282_003
02/05/2015 01:47:00,-27.48,58.13,58.32,V1282_003
02/05/2015 13:42:00,-26.25,56.95,57.53,V1282_003
03/05/2015 01:49:00,-27.89,55.37,55.79,V1282_003
03/05/2015 14:03:00,-31.4,57.9,56.18,V1282_003
04/05/2015 01:45:00,-27.04,60.52,59.78,V1282_003
04/05/2015 13:38:00,-25.3,59.26,60.03,V1282_003
05/05/2015 01:44:00,-26.81,58.05,58.39,V1282_003
05/05/2015 13:47:00,-27.57,58.35,58.01,V1282_003
06/05/2015 01:53:00,-29.21,57.01,57.37,V1282_003
06/05/2015 13:56:00,-29.84,57.25,56.89,V1282_003
07/05/2015 01:48:00,-27.72,58.47,57.98,V1282_003
07/05/2015 13:46:00,-27.36,58.03,58.19,V1282_003
08/05/2015 01:50:00,-28.24,57.25,57.42,V1282_003
08/05/2015 13:54:00,-29.5,57.88,57.22,V1282_003
09/05/2015 01:53:00,-29.13,57.93,57.93,V1282_003
09/05/2015 13:59:00,-30.76,58.73,57.98,V1282_003
10/05/2015 01:57:00,-30.14,58.92,58.77,V1282_003
10/05/2015 14:00:00,-30.77,59.09,58.81,V1282_003
11/05/2015 02:05:00,-32.15,58.12,58.41,V1282_003
11/05/2015 14:00:00,-30.9,57.17,57.79,V1282_003
12/05/2015 02:01:00,-31.03,56.91,56.91,V1282_003
12/05/2015 14:13:00,-34.16,58.6,57.29,V1282_003
13/05/2015 02:10:00,-33.41,58.85,58.71,V1282_003
13/05/2015 14:14:00,-34.29,59.14,58.75,V1282_003
14/05/2015 02:14:00,-34.41,58.92,58.92,V1282_003
14/05/2015 14:12:00,-33.91,58.49,58.63,V1282_003
15/05/2015 02:06:00,-32.54,59.05,58.93,V1282_003
15/05/2015 14:06:00,-32.41,58.84,58.84,V1282_003
16/05/2015 02:06:00,-32.54,58.62,58.62,V1282_003
16/05/2015 14:09:00,-33.16,58.79,58.54,V1282_003
17/05/2015 02:04:00,-31.91,59.25,59.13,V1282_003
17/05/2015 14:16:00,-35.03,60.49,59.52,V1282_003
18/05/2015 02:10:00,-33.27,61.06,60.86,V1282_003
18/05/2015 14:04:00,-31.89,60.38,60.78,V1282_003
19/05/2015 02:08:00,-32.89,59.82,59.93,V1282_003
19/05/2015 14:20:00,-35.88,60.9,60.01,V1282_003
20/05/2015 02:04:00,-32,62.12,61.87,V1282_003
03/09/2013 17:49:00,-87.44,71.12,71.12,V1282_004
04/09/2013 04:37:00,-69.48,76.93,76,V1282_004
04/09/2013 16:06:00,-61.77,75.43,76.82,V1282_004
05/09/2013 05:48:00,-87.32,58.77,68.43,V1282_004
05/09/2013 16:38:00,-69.86,-29.36,39.91,V1282_004
06/09/2013 04:33:00,-68.65,-18.84,-23.52,V1282_004
06/09/2013 17:28:00,-82.44,55.97,30.9,V1282_004
07/09/2013 06:10:00,-92.99,11.05,39.93,V1282_004
07/09/2013 17:45:00,-86.78,-48.23,-18.28,V1282_004
08/09/2013 05:09:00,-77.69,32.14,-4.02,V1282_004
08/09/2013 17:01:00,-75.86,20.39,27.5,V1282_004
09/09/2013 04:53:00,-73.91,34.25,28.17,V1282_004
09/09/2013 15:58:00,-60.2,-73.26,-30.42,V1282_004
10/09/2013 06:53:00,-104,-87.6,-85.26,V1282_004
10/09/2013 20:41:00,-131.18,-85.88,-86.93,V1282_004
11/09/2013 04:41:00,-71.2,77.55,50.9,V1282_004
11/09/2013 15:21:00,-50.99,64.96,75.48,V1282_004
12/09/2013 04:23:00,-66.54,-29.36,43.66,V1282_004
12/09/2013 16:20:00,-65.96,-41.94,-37.75,V1282_004
13/09/2013 04:38:00,-70.51,-80.15,-71.7,V1282_004
13/09/2013 17:54:00,-89.43,65.04,24.08,V1282_004
14/09/2013 04:46:00,-72.47,78.01,75.52,V1282_004
14/09/2013 16:41:00,-71.51,78.03,78.28,V1282_004
15/09/2013 04:46:00,-72.68,78,78.18,V1282_004
15/09/2013 16:34:00,-69.85,77.25,77.97,V1282_004
16/09/2013 04:45:00,-72.52,76.45,76.95,V1282_004
16/09/2013 16:11:00,-64.19,-87.8,75.07,V1282_004
17/09/2013 04:09:00,-63.74,71.61,71.33,V1282_004
17/09/2013 16:01:00,-61.65,69.7,71.29,V1282_004
18/09/2013 03:55:00,-60.2,72.26,71.7,V1282_004
18/09/2013 15:46:00,-58.12,70.35,71.97,V1282_004
19/09/2013 03:35:00,-55.41,74.24,72.97,V1282_004
19/09/2013 15:28:00,-53.71,-83.02,74.2,V1282_004
20/09/2013 03:40:00,-56.63,-80.32,71.92,V1282_004
20/09/2013 15:37:00,-56.05,-78.75,70.31,V1282_004
21/09/2013 03:38:00,-56.22,-77.59,-77.59,V1282_004
21/09/2013 15:30:00,-54.38,67.78,-75.38,V1282_004
22/09/2013 03:48:00,-58.8,47.58,-65.9,V1282_004
22/09/2013 15:50:00,-59.35,-55.97,52.21,V1282_004
23/09/2013 03:39:00,-56.52,69.07,-63.13,V1282_004
23/09/2013 15:29:00,-54.18,61.61,-62.09,V1282_004
24/09/2013 03:28:00,-53.98,-55.3,-55.3,V1282_004
24/09/2013 15:11:00,-49.65,90,50.42,V1282_004
25/09/2013 03:18:00,-51.56,90,90,V1282_004
25/09/2013 15:39:00,-56.86,66.35,90,V1282_004
26/09/2013 03:45:00,-58.28,58.21,-32.45,V1282_004
26/09/2013 15:42:00,-57.69,52.43,57.26,V1282_004
27/09/2013 03:36:00,-56.24,71.67,67.05,V1282_004
27/09/2013 15:33:00,-55.4,-15.34,72.8,V1282_004
28/09/2013 03:40:00,-57.32,90,66.03,V1282_004
28/09/2013 15:34:00,-55.86,90,90,V1282_004
29/09/2013 03:25:00,-53.78,74.19,90,V1282_004
29/09/2013 15:26:00,-54.07,81.48,15.73,V1282_004
30/09/2013 03:31:00,-55.24,41.42,24.69,V1282_004
30/09/2013 15:25:00,-53.9,79.46,56.04,V1282_004
01/10/2013 03:33:00,-55.82,83.35,78.09,V1282_004
01/10/2013 15:31:00,-55.23,80.92,80.07,V1282_004
02/10/2013 03:25:00,-53.9,68.71,74.27,V1282_004
02/10/2013 15:28:00,-54.69,55.68,61.86,V1282_004
03/10/2013 03:24:00,-53.73,36.96,44.98,V1282_004
03/10/2013 15:23:00,-53.64,36.66,36.66,V1282_004
04/10/2013 03:35:00,-56.68,65.41,53.43,V1282_004
04/10/2013 15:31:00,-55.59,68.77,66.48,V1282_004
05/10/2013 03:30:00,-55.38,65.58,65.58,V1282_004
05/10/2013 15:33:00,-56.17,59.41,62.3,V1282_004
06/10/2013 03:34:00,-56.58,59.69,58.22,V1282_004
06/10/2013 15:28:00,-55.12,65.01,61.8,V1282_004
07/10/2013 03:32:00,-56.03,66.58,64.87,V1282_004
07/10/2013 15:34:00,-56.56,63.39,64.3,V1282_004
08/10/2013 03:35:00,-56.85,62.91,61.98,V1282_004
08/10/2013 15:11:00,-51.01,74.5,70.17,V1282_004
09/10/2013 03:17:00,-52.29,75.12,74.26,V1282_004
09/10/2013 15:25:00,-54.45,71.48,72.93,V1282_004
10/10/2013 03:26:00,-54.74,70.99,70.59,V1282_004
10/10/2013 15:27:00,-55.02,69.71,69.71,V1282_004
11/10/2013 03:31:00,-55.93,70.25,69.47,V1282_004
11/10/2013 15:26:00,-54.83,71.07,70.38,V1282_004
12/10/2013 03:24:00,-54.49,69.79,70.15,V1282_004
12/10/2013 15:27:00,-55.27,67.86,68.27,V1282_004
13/10/2013 03:24:00,-54.55,65.77,66.67,V1282_004
13/10/2013 15:21:00,-53.58,66.76,65.9,V1282_004
14/10/2013 03:22:00,-53.98,66.65,66.23,V1282_004
14/10/2013 15:22:00,-54.14,65.72,65.72,V1282_004
15/10/2013 03:28:00,-55.67,67.35,66.23,V1282_004
15/10/2013 15:25:00,-54.82,67.91,67.58,V1282_004
16/10/2013 03:24:00,-54.72,67.12,67.12,V1282_004
16/10/2013 15:18:00,-53.12,68.58,67.67,V1282_004
17/10/2013 03:23:00,-54.52,69.52,68.72,V1282_004
17/10/2013 15:23:00,-54.42,69.12,69.12,V1282_004
18/10/2013 03:13:00,-52.07,65.77,67.64,V1282_004
18/10/2013 15:14:00,-52.35,64.86,64.86,V1282_004
19/10/2013 03:20:00,-53.62,65.96,64.98,V1282_004
19/10/2013 15:22:00,-54.39,64.43,64.77,V1282_004
20/10/2013 03:24:00,-54.79,64.4,64.07,V1282_004
20/10/2013 15:18:00,-53.31,65.77,65.17,V1282_004
21/10/2013 03:22:00,-54.21,66.28,65.72,V1282_004
21/10/2013 15:22:00,-54.23,65.8,65.8,V1282_004
22/10/2013 03:24:00,-55,66.15,65.61,V1282_004
22/10/2013 15:18:00,-53.39,67.33,66.6,V1282_004
23/10/2013 03:23:00,-54.66,68.02,67.36,V1282_004
23/10/2013 15:19:00,-53.67,68.45,68.04,V1282_004
24/10/2013 03:24:00,-54.94,69.03,68.46,V1282_004
24/10/2013 15:28:00,-55.96,67.87,68.27,V1282_004
25/10/2013 03:21:00,-54.1,65.84,66.97,V1282_004
25/10/2013 15:25:00,-55.24,64.31,64.83,V1282_004
26/10/2013 03:26:00,-55.62,64.3,64.04,V1282_004
26/10/2013 15:23:00,-54.76,64.78,64.53,V1282_004
27/10/2013 03:29:00,-56.27,65.78,64.87,V1282_004
27/10/2013 15:27:00,-55.91,65.74,65.52,V1282_004
28/10/2013 03:18:00,-53.42,63,64.48,V1282_004
28/10/2013 15:18:00,-53.43,62.63,62.63,V1282_004
29/10/2013 03:19:00,-53.81,62.65,62.39,V1282_004
29/10/2013 15:13:00,-52.32,63.76,63.29,V1282_004
30/10/2013 03:16:00,-53.08,64.1,63.65,V1282_004
30/10/2013 15:13:00,-52.46,64.31,64.1,V1282_004
31/10/2013 03:11:00,-51.71,63.31,63.76,V1282_004
31/10/2013 15:14:00,-52.47,62.27,62.51,V1282_004
01/11/2013 03:09:00,-51.22,60.66,61.44,V1282_004
01/11/2013 15:07:00,-50.98,60.59,60.59,V1282_004
02/11/2013 03:17:00,-53.35,62.58,61.15,V1282_004
02/11/2013 15:02:00,-49.73,65.22,64.28,V1282_004
03/11/2013 03:02:00,-49.73,64.93,64.93,V1282_004
03/11/2013 15:09:00,-51.23,63.49,63.88,V1282_004
04/11/2013 03:08:00,-51.1,63.1,63.1,V1282_004
04/11/2013 15:13:00,-52.23,61.85,62.28,V1282_004
05/11/2013 03:10:00,-51.6,60.99,61.44,V1282_004
05/11/2013 15:04:00,-50.09,62.03,61.6,V1282_004
06/11/2013 02:56:00,-47.97,59.82,60.99,V1282_004
06/11/2013 14:56:00,-47.96,59.53,59.53,V1282_004
07/11/2013 02:55:00,-47.83,59.13,59.13,V1282_004
07/11/2013 14:53:00,-47.32,59.34,59.09,V1282_004
08/11/2013 02:48:00,-45.94,57.67,58.45,V1282_004
08/11/2013 14:50:00,-46.43,56.86,57.13,V1282_004
09/11/2013 02:55:00,-47.67,57.9,57.12,V1282_004
09/11/2013 14:49:00,-46.41,58.86,58.38,V1282_004
10/11/2013 02:54:00,-47.52,59.64,58.96,V1282_004
10/11/2013 14:45:00,-45.38,61.17,60.57,V1282_004
11/11/2013 02:23:00,-39.87,55.81,59.26,V1282_004
11/11/2013 14:19:00,-38.73,56.75,56.23,V1282_004
12/11/2013 02:20:00,-38.97,56.75,56.5,V1282_004
12/11/2013 14:16:00,-38.08,57.38,57.14,V1282_004
13/11/2013 02:08:00,-35.93,54.95,56.27,V1282_004
13/11/2013 14:09:00,-36.04,54.57,54.57,V1282_004
14/11/2013 02:16:00,-38.02,56.43,55.15,V1282_004
14/11/2013 14:11:00,-36.5,57.63,57.17,V1282_004
15/11/2013 02:13:00,-36.98,57.86,57.64,V1282_004
15/11/2013 14:20:00,-38.96,55.76,56.49,V1282_004
16/11/2013 02:17:00,-38.06,54.64,55.16,V1282_004
16/11/2013 14:15:00,-37.67,54.82,54.56,V1282_004
17/11/2013 02:12:00,-36.77,53.68,54.21,V1282_004
17/11/2013 14:07:00,-35.49,54.78,54.27,V1282_004
18/11/2013 02:10:00,-36.09,55.2,54.7,V1282_004
18/11/2013 14:11:00,-36.44,54.63,54.88,V1282_004
19/11/2013 02:11:00,-36.29,54.3,54.3,V1282_004
19/11/2013 14:10:00,-36.13,54.23,54.23,V1282_004
20/11/2013 02:15:00,-37.35,55.26,54.54,V1282_004
20/11/2013 14:17:00,-37.95,54.47,54.72,V1282_004
21/11/2013 02:15:00,-37.29,53.67,54.17,V1282_004
21/11/2013 14:12:00,-36.51,54.23,53.99,V1282_004
22/11/2013 02:15:00,-37.1,54.66,54.42,V1282_004
22/11/2013 14:08:00,-35.45,55.96,55.52,V1282_004
23/11/2013 02:10:00,-35.79,56.11,55.9,V1282_004
23/11/2013 14:15:00,-37,54.84,55.3,V1282_004
24/11/2013 02:15:00,-36.97,54.68,54.68,V1282_004
24/11/2013 14:16:00,-37.3,54.17,54.17,V1282_004
25/11/2013 02:20:00,-38.39,55.04,54.36,V1282_004
25/11/2013 14:09:00,-35.48,57.26,56.47,V1282_004
26/11/2013 02:06:00,-34.82,56.62,57.01,V1282_004
26/11/2013 14:16:00,-37.15,54.48,55.14,V1282_004
27/11/2013 02:15:00,-36.74,54,54.22,V1282_004
27/11/2013 14:10:00,-35.57,54.86,54.42,V1282_004
28/11/2013 02:13:00,-36.15,55.25,54.83,V1282_004
28/11/2013 14:14:00,-36.48,54.8,54.8,V1282_004
29/11/2013 02:13:00,-36.07,54.34,54.56,V1282_004
29/11/2013 14:09:00,-35.15,54.96,54.75,V1282_004
30/11/2013 02:15:00,-36.73,56.15,55.35,V1282_004
30/11/2013 14:17:00,-37.18,55.63,55.83,V1282_004
01/12/2013 02:24:00,-38.63,56.66,55.91,V1282_004
01/12/2013 14:24:00,-38.59,56.55,56.55,V1282_004
02/12/2013 02:13:00,-35.79,54.26,55.68,V1282_004
02/12/2013 14:19:00,-37.37,52.72,53.17,V1282_004
03/12/2013 02:25:00,-38.69,53.83,53.18,V1282_004
03/12/2013 14:18:00,-37.02,55.07,54.67,V1282_004
04/12/2013 02:21:00,-37.84,55.65,55.27,V1282_004
04/12/2013 14:15:00,-36.04,56.84,56.48,V1282_004
05/12/2013 02:11:00,-35.12,56.12,56.48,V1282_004
05/12/2013 14:09:00,-34.57,56.39,56.21,V1282_004
06/12/2013 02:10:00,-34.64,56.39,56.39,V1282_004
06/12/2013 14:20:00,-37.21,54.31,54.91,V1282_004
07/12/2013 02:26:00,-38.66,55.4,54.63,V1282_004
07/12/2013 14:26:00,-38.6,55.32,55.32,V1282_004
08/12/2013 02:21:00,-37.3,54.27,54.86,V1282_004
08/12/2013 14:20:00,-36.99,54.39,54.39,V1282_004
09/12/2013 02:17:00,-36.19,53.72,54.12,V1282_004
09/12/2013 14:19:00,-36.63,53.23,53.44,V1282_004
10/12/2013 02:20:00,-36.95,53.48,53.27,V1282_004
10/12/2013 14:16:00,-35.77,54.32,53.92,V1282_004
11/12/2013 02:19:00,-36.59,54.93,54.55,V1282_004
11/12/2013 14:21:00,-36.9,54.59,54.59,V1282_004
12/12/2013 02:16:00,-35.6,53.55,54.15,V1282_004
12/12/2013 14:15:00,-35.29,53.7,53.7,V1282_004
13/12/2013 02:12:00,-34.35,52.93,53.34,V1282_004
13/12/2013 14:12:00,-34.42,52.77,52.77,V1282_004
14/12/2013 02:04:00,-32.49,51.08,52.19,V1282_004
14/12/2013 14:05:00,-32.55,50.92,50.92,V1282_004
15/12/2013 02:06:00,-32.74,51.11,51.11,V1282_004
15/12/2013 14:06:00,-32.68,51.07,51.07,V1282_004
16/12/2013 01:56:00,-30.12,48.61,50.34,V1282_004
16/12/2013 13:55:00,-29.94,48.7,48.7,V1282_004
17/12/2013 02:02:00,-31.5,50.28,49.31,V1282_004
17/12/2013 14:07:00,-32.69,49.03,49.53,V1282_004
18/12/2013 02:02:00,-31.25,47.58,48.63,V1282_004
18/12/2013 13:58:00,-30.44,48.35,48.09,V1282_004
19/12/2013 02:01:00,-31,48.97,48.72,V1282_004
19/12/2013 13:56:00,-29.82,50.06,49.58,V1282_004
20/12/2013 01:52:00,-28.76,49.08,49.81,V1282_004
20/12/2013 13:49:00,-27.82,49.93,49.68,V1282_004
21/12/2013 01:50:00,-28.01,50.16,50.16,V1282_004
21/12/2013 14:01:00,-30.69,47.37,48.42,V1282_004
22/12/2013 02:07:00,-32.13,48.94,47.9,V1282_004
22/12/2013 14:01:00,-30.57,50.4,49.92,V1282_004
23/12/2013 01:53:00,-28.51,48.44,49.69,V1282_004
23/12/2013 13:55:00,-28.95,47.92,48.19,V1282_004
24/12/2013 01:54:00,-28.63,47.67,47.94,V1282_004
24/12/2013 13:59:00,-29.82,46.31,46.87,V1282_004
25/12/2013 02:02:00,-30.38,47.03,46.75,V1282_004
25/12/2013 14:05:00,-31.2,46.07,46.35,V1282_004
26/12/2013 02:04:00,-30.88,45.8,46.09,V1282_004
26/12/2013 14:07:00,-31.57,44.94,45.24,V1282_004
27/12/2013 02:04:00,-30.89,44.21,44.82,V1282_004
27/12/2013 14:05:00,-30.95,44.09,44.09,V1282_004
28/12/2013 02:06:00,-31.26,44.59,44.28,V1282_004
28/12/2013 14:00:00,-29.58,46.54,45.67,V1282_004
29/12/2013 02:01:00,-29.77,46.86,46.86,V1282_004
29/12/2013 14:11:00,-32.08,44.09,45.31,V1282_004
30/12/2013 02:09:00,-31.65,43.67,43.98,V1282_004
30/12/2013 14:09:00,-31.46,43.88,43.88,V1282_004
31/12/2013 02:09:00,-31.53,44.09,44.09,V1282_004
31/12/2013 14:03:00,-29.97,45.96,45.37,V1282_004
01/01/2014 02:12:00,-32.03,48.39,47.03,V1282_004
01/01/2014 14:15:00,-32.85,47.51,47.78,V1282_004
02/01/2014 02:04:00,-30.16,44.48,46.59,V1282_004
02/01/2014 14:02:00,-29.36,45.47,45.17,V1282_004
03/01/2014 02:04:00,-29.92,46.29,45.99,V1282_004
03/01/2014 13:57:00,-28.24,48.19,47.37,V1282_004
04/01/2014 01:56:00,-27.93,48,48.27,V1282_004
04/01/2014 14:04:00,-29.88,45.77,46.66,V1282_004
05/01/2014 02:04:00,-29.82,45.86,45.86,V1282_004
05/01/2014 14:06:00,-30.14,45.48,45.48,V1282_004
06/01/2014 02:02:00,-29.08,44.31,45.26,V1282_004
06/01/2014 14:05:00,-29.78,43.42,43.75,V1282_004
07/01/2014 02:03:00,-29.23,42.83,43.18,V1282_004
07/01/2014 14:07:00,-30.3,41.35,42.06,V1282_004
08/01/2014 02:08:00,-30.49,41.81,41.81,V1282_004
08/01/2014 13:59:00,-28.19,44.96,43.64,V1282_004
09/01/2014 01:58:00,-27.89,44.74,45.07,V1282_004
09/01/2014 14:08:00,-30.21,41.58,43.01,V1282_004
10/01/2014 02:08:00,-30.16,41.69,41.69,V1282_004
10/01/2014 14:05:00,-29.48,42.71,42.35,V1282_004
11/01/2014 02:11:00,-30.68,44.55,43.53,V1282_004
11/01/2014 14:14:00,-31.51,43.48,43.82,V1282_004
12/01/2014 02:10:00,-30.46,42.17,42.89,V1282_004
12/01/2014 14:12:00,-30.79,41.74,42.11,V1282_004
13/01/2014 02:14:00,-31.37,42.79,42.43,V1282_004
13/01/2014 14:18:00,-32.32,41.44,42.19,V1282_004
14/01/2014 02:15:00,-31.4,40.22,41,V1282_004
14/01/2014 14:14:00,-31.23,40.55,40.55,V1282_004
15/01/2014 02:15:00,-31.31,40.89,40.89,V1282_004
15/01/2014 14:15:00,-31.51,40.64,40.64,V1282_004
16/01/2014 02:17:00,-31.84,41.38,40.99,V1282_004
16/01/2014 14:15:00,-31.3,42.31,41.93,V1282_004
17/01/2014 02:16:00,-31.51,42.85,42.85,V1282_004
17/01/2014 14:20:00,-32.59,41.26,42.05,V1282_004
18/01/2014 02:18:00,-32.05,40.61,41.02,V1282_004
18/01/2014 14:18:00,-31.89,40.98,40.98,V1282_004
19/01/2014 02:21:00,-32.6,42.36,41.56,V1282_004
19/01/2014 14:21:00,-32.69,42.33,42.33,V1282_004
20/01/2014 02:18:00,-31.9,41.29,42.11,V1282_004
20/01/2014 14:12:00,-30.24,44.05,42.89,V1282_004
21/01/2014 02:15:00,-30.83,45.17,44.8,V1282_004
21/01/2014 14:14:00,-30.54,45.73,45.73,V1282_004
22/01/2014 02:16:00,-31.13,46.82,46.47,V1282_004
22/01/2014 14:22:00,-32.6,44.82,45.58,V1282_004
23/01/2014 02:18:00,-31.69,43.66,44.45,V1282_004
23/01/2014 14:20:00,-32.16,43.05,43.46,V1282_004
24/01/2014 02:23:00,-32.75,44.27,43.87,V1282_004
24/01/2014 14:24:00,-32.97,44.08,44.08,V1282_004
25/01/2014 02:24:00,-32.94,44.3,44.3,V1282_004
25/01/2014 14:23:00,-32.79,44.72,44.72,V1282_004
26/01/2014 02:23:00,-32.76,44.95,44.95,V1282_004
26/01/2014 14:27:00,-33.61,43.73,44.15,V1282_004
27/01/2014 02:33:00,-35.08,46.4,45.21,V1282_004
27/01/2014 14:35:00,-35.43,46.05,46.45,V1282_004
28/01/2014 02:31:00,-34.53,44.87,45.69,V1282_004
28/01/2014 14:31:00,-34.38,45.32,45.32,V1282_004
29/01/2014 02:25:00,-32.99,43.19,44.51,V1282_004
29/01/2014 14:24:00,-32.72,43.89,43.89,V1282_004
30/01/2014 02:21:00,-31.94,42.78,43.7,V1282_004
30/01/2014 14:19:00,-31.42,43.97,43.51,V1282_004
31/01/2014 02:26:00,-33.28,47.44,45.78,V1282_004
31/01/2014 14:27:00,-33.39,47.52,47.52,V1282_004
01/02/2014 02:23:00,-32.37,46.12,46.97,V1282_004
01/02/2014 14:26:00,-32.98,45.3,45.75,V1282_004
02/02/2014 02:23:00,-32.34,44.44,44.9,V1282_004
02/02/2014 14:26:00,-33.2,43.04,43.53,V1282_004
03/02/2014 02:27:00,-33.43,43.83,43.34,V1282_004
03/02/2014 14:25:00,-32.79,45.33,44.86,V1282_004
04/02/2014 02:18:00,-31.03,42.15,44.19,V1282_004
04/02/2014 14:15:00,-30.14,44.26,43.24,V1282_004
05/02/2014 02:19:00,-31.38,46.98,45.56,V1282_004
05/02/2014 14:25:00,-32.75,44.66,45.65,V1282_004
06/02/2014 02:21:00,-31.74,42.89,43.96,V1282_004
06/02/2014 14:16:00,-30.61,45.58,44.55,V1282_004
07/02/2014 02:18:00,-31.1,46.91,46.42,V1282_004
07/02/2014 14:20:00,-31.47,46.52,47.02,V1282_004
08/02/2014 02:18:00,-31.09,46.12,46.63,V1282_004
08/02/2014 14:18:00,-31.08,46.49,46.49,V1282_004
09/02/2014 02:16:00,-30.58,45.82,46.34,V1282_004
09/02/2014 14:18:00,-31.07,45.11,45.66,V1282_004
10/02/2014 02:19:00,-31.2,45.77,45.77,V1282_004
10/02/2014 14:22:00,-32.07,44.18,45.33,V1282_004
11/02/2014 02:22:00,-32.07,44.58,44.58,V1282_004
11/02/2014 14:21:00,-31.82,45.57,45.57,V1282_004
12/02/2014 02:25:00,-32.69,47.93,46.84,V1282_004
12/02/2014 14:25:00,-32.69,48.36,48.36,V1282_004
13/02/2014 02:32:00,-34.45,52.3,50.36,V1282_004
13/02/2014 14:34:00,-34.95,51.79,52.27,V1282_004
14/02/2014 02:21:00,-31.7,45,49.14,V1282_004
14/02/2014 14:21:00,-31.71,45.46,45.46,V1282_004
15/02/2014 02:22:00,-31.96,46.56,45.93,V1282_004
15/02/2014 14:19:00,-31.22,48.84,48.25,V1282_004
16/02/2014 02:14:00,-29.85,45.91,47.83,V1282_004
16/02/2014 14:15:00,-30.23,45.4,46.08,V1282_004
17/02/2014 02:16:00,-30.62,46.92,46.25,V1282_004
17/02/2014 14:17:00,-30.88,46.77,46.77,V1282_004
18/02/2014 02:17:00,-30.89,47.3,47.3,V1282_004
18/02/2014 14:18:00,-31.02,47.51,47.51,V1282_004
19/02/2014 02:17:00,-30.78,47.37,48.06,V1282_004
19/02/2014 14:18:00,-31.04,47.23,47.23,V1282_004
20/02/2014 02:16:00,-30.68,46.7,47.45,V1282_004
20/02/2014 14:20:00,-31.57,44.55,46.16,V1282_004
21/02/2014 02:23:00,-32.46,47.92,46.38,V1282_004
21/02/2014 14:23:00,-32.47,48.55,48.55,V1282_004
22/02/2014 02:19:00,-31.49,46.01,47.64,V1282_004
22/02/2014 14:20:00,-31.63,46.24,46.24,V1282_004
23/02/2014 02:19:00,-31.52,46.49,46.49,V1282_004
23/02/2014 14:17:00,-31.04,48.87,48.04,V1282_004
24/02/2014 02:15:00,-30.56,47.89,48.75,V1282_004
24/02/2014 14:21:00,-32.07,42.92,45.9,V1282_004
25/02/2014 02:20:00,-31.84,42.59,42.59,V1282_004
25/02/2014 14:13:00,-29.86,51.02,47.43,V1282_004
26/02/2014 02:14:00,-30.26,53.05,52.24,V1282_004
26/02/2014 14:22:00,-32.4,46.04,50.01,V1282_004
27/02/2014 02:20:00,-31.8,44.11,45.25,V1282_004
27/02/2014 14:20:00,-31.95,44.4,44.4,V1282_004
28/02/2014 02:22:00,-32.35,47.04,45.89,V1282_004
28/02/2014 14:15:00,-30.74,54.5,51.69,V1282_004
01/03/2014 02:16:00,-31.02,56.33,55.47,V1282_004
01/03/2014 14:22:00,-32.42,52.17,55.13,V1282_004
02/03/2014 02:17:00,-31.32,48.05,50.47,V1282_004
02/03/2014 14:17:00,-31.34,49.16,49.16,V1282_004
03/03/2014 02:16:00,-31.12,49.01,49.01,V1282_004
03/03/2014 14:20:00,-32.02,45.2,48.16,V1282_004
04/03/2014 02:19:00,-31.8,44.84,44.84,V1282_004
04/03/2014 14:20:00,-32.2,43.58,45.3,V1282_004
05/03/2014 02:23:00,-32.73,48.33,46.66,V1282_004
05/03/2014 14:19:00,-31.88,54.98,52.13,V1282_004
06/03/2014 02:20:00,-32.16,57.83,56.53,V1282_004
06/03/2014 14:25:00,-33.31,52.98,56.07,V1282_004
07/03/2014 02:24:00,-33.22,53.9,53.9,V1282_004
07/03/2014 14:25:00,-33.37,54.91,54.91,V1282_004
08/03/2014 02:20:00,-32.4,48.89,53.18,V1282_004
08/03/2014 14:24:00,-33.18,43.36,48.64,V1282_004
09/03/2014 02:20:00,-32.34,34.5,41.02,V1282_004
09/03/2014 14:17:00,-31.62,46.44,43.27,V1282_004
10/03/2014 02:21:00,-32.77,61.16,56.42,V1282_004
10/03/2014 14:21:00,-32.68,65.4,65.4,V1282_004
11/03/2014 02:22:00,-33.09,71.52,69.89,V1282_004
11/03/2014 14:26:00,-33.87,70.23,73.88,V1282_004
12/03/2014 02:22:00,-33.03,65.96,72.04,V1282_004
12/03/2014 14:22:00,-33.06,73.64,73.64,V1282_004
13/03/2014 02:21:00,-32.85,87.26,87.26,V1282_004
13/03/2014 14:23:00,-33.26,90,90,V1282_004
14/03/2014 02:19:00,-32.42,90,90,V1282_004
14/03/2014 14:19:00,-32.58,90,90,V1282_004
15/03/2014 02:17:00,-31.98,90,90,V1282_004
15/03/2014 14:18:00,-32.27,48.82,90,V1282_004
16/03/2014 02:17:00,-32.06,50.12,50.12,V1282_004
16/03/2014 14:14:00,-31.34,90,90,V1282_004
17/03/2014 02:10:00,-30.38,41.9,90,V1282_004
17/03/2014 14:13:00,-31.16,55.36,44.54,V1282_004
18/03/2014 02:10:00,-30.32,-34.81,56.47,V1282_004
18/03/2014 14:08:00,-29.86,52.96,55.96,V1282_004
19/03/2014 02:14:00,-31.4,90,31.31,V1282_004
19/03/2014 14:13:00,-31.31,90,90,V1282_004
20/03/2014 02:11:00,-30.72,90,90,V1282_004
20/03/2014 14:15:00,-31.76,39.88,27.98,V1282_004
21/03/2014 02:15:00,-32.04,31.75,37,V1282_004
21/03/2014 14:14:00,-31.58,11.01,21.88,V1282_004
22/03/2014 02:13:00,-31.49,14.85,14.85,V1282_004
22/03/2014 14:15:00,-32.03,27.01,20.96,V1282_004
23/03/2014 02:15:00,-32.07,24.95,24.95,V1282_004
23/03/2014 14:18:00,-32.86,-63.98,27.86,V1282_004
24/03/2014 02:15:00,-32.14,42.01,-69.55,V1282_004
24/03/2014 14:17:00,-32.81,45.66,43.68,V1282_004
25/03/2014 02:17:00,-32.72,45.09,45.09,V1282_004
25/03/2014 14:17:00,-32.88,44.57,44.57,V1282_004
26/03/2014 02:15:00,-32.42,46.56,44.94,V1282_004
26/03/2014 14:14:00,-31.96,41.88,43.64,V1282_004
27/03/2014 02:12:00,-31.49,44.04,-85.58,V1282_004
27/03/2014 14:08:00,-30.66,36.48,40.3,V1282_004
28/03/2014 02:11:00,-31.44,28.47,30.92,V1282_004
28/03/2014 14:16:00,-32.86,38.87,33.14,V1282_004
29/03/2014 02:12:00,-31.77,44.62,41.81,V1282_004
29/03/2014 14:10:00,-31.18,40.02,41.51,V1282_004
30/03/2014 02:09:00,-30.97,40.51,40.51,V1282_004
30/03/2014 14:09:00,-31.13,40.26,40.26,V1282_004
31/03/2014 02:11:00,-31.67,36.33,37.87,V1282_004
31/03/2014 14:13:00,-32.21,38.42,36.96,V1282_004
01/04/2014 02:08:00,-31.12,43.3,40.89,V1282_004
01/04/2014 14:06:00,-30.66,40.05,41.28,V1282_004
02/04/2014 02:04:00,-30.19,41.64,40.46,V1282_004
02/04/2014 14:01:00,-29.36,36.48,39.05,V1282_004
03/04/2014 02:01:00,-29.39,35.71,35.71,V1282_004
03/04/2014 13:59:00,-28.93,32.2,33.61,V1282_004
04/04/2014 01:56:00,-28.34,34.91,33.59,V1282_004
04/04/2014 13:58:00,-28.88,36.7,35.48,V1282_004
05/04/2014 01:58:00,-28.91,36.01,36.01,V1282_004
05/04/2014 14:04:00,-30.32,41.25,38.17,V1282_004
06/04/2014 01:59:00,-29.23,44.66,42.93,V1282_004
06/04/2014 14:01:00,-29.65,45.24,44.43,V1282_004
07/04/2014 02:01:00,-29.56,45.01,45.01,V1282_004
07/04/2014 13:59:00,-29.22,43.19,44,V1282_004
08/04/2014 01:59:00,-29.25,42.59,42.59,V1282_004
08/04/2014 14:01:00,-29.66,43.21,42.41,V1282_004
09/04/2014 01:58:00,-29.19,44.18,43.42,V1282_004
09/04/2014 13:57:00,-28.98,42.86,42.86,V1282_004
10/04/2014 01:55:00,-28.51,43.81,43.07,V1282_004
10/04/2014 13:56:00,-28.8,43.99,43.27,V1282_004
11/04/2014 01:57:00,-29.08,42.74,42.74,V1282_004
11/04/2014 13:43:00,-25.61,29.78,37.47,V1282_004
12/04/2014 01:48:00,-26.64,24.84,27.14,V1282_004
12/04/2014 13:50:00,-27.3,27.25,26.14,V1282_004
13/04/2014 01:41:00,-25.21,35.13,31.45,V1282_004
13/04/2014 13:49:00,-27.12,40.61,37.58,V1282_004
14/04/2014 01:57:00,-29.15,33.76,37.11,V1282_004
14/04/2014 13:56:00,-29.05,32.88,32.88,V1282_004
15/04/2014 01:52:00,-27.83,36.6,35,V1282_004
15/04/2014 13:54:00,-28.61,38.42,36.93,V1282_004
16/04/2014 01:53:00,-28.39,38.7,38.7,V1282_004
16/04/2014 13:51:00,-27.8,36.46,37.2,V1282_004
17/04/2014 01:50:00,-27.45,37.15,36.42,V1282_004
17/04/2014 13:27:00,-21.86,15.99,28.26,V1282_004
18/04/2014 01:27:00,-21.76,16.31,16.31,V1282_004
18/04/2014 13:44:00,-26.29,32.96,24.31,V1282_004
19/04/2014 01:38:00,-24.81,36.96,34.84,V1282_004
19/04/2014 13:51:00,-27.84,43.81,39.81,V1282_004
20/04/2014 01:48:00,-27.24,44.73,44.21,V1282_004
20/04/2014 13:41:00,-25.64,40.84,43.06,V1282_004
21/04/2014 01:54:00,-28.8,32.29,35.81,V1282_004
21/04/2014 13:53:00,-28.57,31.2,31.95,V1282_004
22/04/2014 01:34:00,-23.97,42.49,37.98,V1282_004
22/04/2014 13:38:00,-24.87,43.91,42.91,V1282_004
23/04/2014 01:30:00,-23.02,46.98,45.67,V1282_004
23/04/2014 13:30:00,-23.04,46.64,46.64,V1282_004
24/04/2014 01:29:00,-22.57,47.14,46.73,V1282_004
24/04/2014 13:23:00,-21.21,44.44,45.77,V1282_004
25/04/2014 01:25:00,-21.73,43.19,43.65,V1282_004
25/04/2014 13:28:00,-22.38,44.02,43.1,V1282_004
26/04/2014 01:21:00,-20.9,46.27,45.45,V1282_004
26/04/2014 13:19:00,-20.42,45.13,45.55,V1282_004
27/04/2014 01:19:00,-20.19,45.25,45.25,V1282_004
27/04/2014 13:08:00,-17.46,39.93,43.23,V1282_004
28/04/2014 01:03:00,-16.23,42.03,41.1,V1282_004
28/04/2014 13:16:00,-19.62,47.28,44.15,V1282_004
29/04/2014 01:14:00,-19.27,47.54,47.18,V1282_004
29/04/2014 13:18:00,-20.03,48.31,47.61,V1282_004
30/04/2014 01:15:00,-19.3,49.04,48.71,V1282_004
30/04/2014 13:12:00,-18.82,48.1,48.44,V1282_004
01/05/2014 01:12:00,-18.83,47.83,47.83,V1282_004
01/05/2014 13:13:00,-19.1,47.9,47.57,V1282_004
02/05/2014 01:08:00,-17.74,49.41,48.78,V1282_004
02/05/2014 13:12:00,-18.88,50.49,49.61,V1282_004
03/05/2014 01:15:00,-19.64,49.36,49.66,V1282_004
03/05/2014 13:13:00,-19.03,48.34,48.96,V1282_004
04/05/2014 01:08:00,-17.79,49.61,49.02,V1282_004
04/05/2014 13:10:00,-18.3,49.94,49.66,V1282_004
05/05/2014 01:10:00,-18.44,49.56,49.56,V1282_004
05/05/2014 13:22:00,-21.45,52.5,50.45,V1282_004
06/05/2014 01:19:00,-20.71,52.99,52.76,V1282_004
06/05/2014 13:13:00,-19.09,51.18,52.18,V1282_004
07/05/2014 01:09:00,-18.1,51.96,51.72,V1282_004
07/05/2014 13:18:00,-20.24,53.7,52.34,V1282_004
08/05/2014 01:21:00,-20.99,52.82,53.05,V1282_004
08/05/2014 13:22:00,-21.37,52.95,52.73,V1282_004
09/05/2014 01:23:00,-21.63,52.52,52.52,V1282_004
09/05/2014 13:26:00,-22.39,52.99,52.55,V1282_004
10/05/2014 01:18:00,-20.52,54.36,53.95,V1282_004
10/05/2014 13:29:00,-23.15,56.12,54.84,V1282_004
11/05/2014 01:31:00,-23.65,55.58,55.76,V1282_004
11/05/2014 13:34:00,-24.4,55.93,55.58,V1282_004
12/05/2014 01:28:00,-22.78,56.83,56.51,V1282_004
12/05/2014 13:41:00,-26.03,58.6,57.29,V1282_004
13/05/2014 01:55:00,-29.79,56.15,56.8,V1282_004
13/05/2014 14:35:00,-39.54,61.17,57.69,V1282_004
14/05/2014 02:34:00,-39.29,61.12,61.12,V1282_004
14/05/2014 14:37:00,-40.16,61.33,61.02,V1282_004
15/05/2014 02:38:00,-40.54,61.03,61.03,V1282_004
15/05/2014 14:29:00,-38.29,59.91,60.68,V1282_004
16/05/2014 02:34:00,-39.28,59.29,59.41,V1282_004
16/05/2014 14:45:00,-42.28,60.49,59.49,V1282_004
17/05/2014 02:41:00,-41.28,60.76,60.66,V1282_004
17/05/2014 14:36:00,-39.9,60.05,60.47,V1282_004
18/05/2014 02:48:00,-42.89,58.53,58.89,V1282_004
18/05/2014 15:00:00,-45.89,59.78,58.75,V1282_004
19/05/2014 02:46:00,-42.51,61.01,60.72,V1282_004
19/05/2014 15:13:00,-49.25,63.06,61.42,V1282_004
20/05/2014 03:22:00,-51.25,62.35,62.51,V1282_004
20/05/2014 15:14:00,-49.36,61.64,62.12,V1282_004
21/05/2014 03:19:00,-50.61,61.09,61.18,V1282_004
03/09/2013 14:43:00,-41.06,75.56,75.56,V1282_009
04/09/2013 02:17:00,-34.47,77.15,76.88,V1282_009
04/09/2013 13:53:00,-28.64,76.22,77.13,V1282_009
05/09/2013 02:03:00,-31.05,75.91,76.04,V1282_009
05/09/2013 14:40:00,-40.47,78.03,76.74,V1282_009
06/09/2013 02:33:00,-38.52,78.55,78.48,V1282_009
06/09/2013 14:20:00,-35.43,78.31,78.68,V1282_009
07/09/2013 02:43:00,-41.23,77.53,77.78,V1282_009
07/09/2013 14:40:00,-40.64,77.66,77.76,V1282_009
08/09/2013 03:07:00,-47.31,76.31,76.8,V1282_009
08/09/2013 14:57:00,-44.73,75.8,76.35,V1282_009
09/09/2013 02:39:00,-40.4,77.35,77.03,V1282_009
09/09/2013 14:28:00,-37.57,76.86,77.41,V1282_009
10/09/2013 02:37:00,-39.98,76.45,76.69,V1282_009
10/09/2013 14:38:00,-40.28,76.84,76.77,V1282_009
11/09/2013 02:35:00,-39.57,77.39,77.31,V1282_009
11/09/2013 14:27:00,-37.74,77.13,77.52,V1282_009
12/09/2013 03:01:00,-46.16,73.97,75.35,V1282_009
12/09/2013 14:40:00,-40.95,70.8,73.19,V1282_009
13/09/2013 02:36:00,-40,72.1,71.9,V1282_009
13/09/2013 15:15:00,-49.67,77.52,74.76,V1282_009
14/09/2013 02:54:00,-44.59,79.36,78.97,V1282_009
14/09/2013 14:37:00,-40.38,78.5,79.35,V1282_009
15/09/2013 03:21:00,-51.43,73.75,76.14,V1282_009
15/09/2013 15:17:00,-50.47,73.53,73.9,V1282_009
16/09/2013 02:54:00,-44.77,77.34,76.38,V1282_009
16/09/2013 14:24:00,-37.31,73.19,76.42,V1282_009
17/09/2013 02:06:00,-32.85,76.75,75.74,V1282_009
17/09/2013 13:45:00,-27.52,73.58,76.01,V1282_009
18/09/2013 01:34:00,-25.07,76.05,75.37,V1282_009
18/09/2013 13:40:00,-26.36,-86.37,76.91,V1282_009
19/09/2013 01:36:00,-25.53,78.31,78.18,V1282_009
19/09/2013 13:20:00,-21.57,-84.57,-85.2,V1282_009
20/09/2013 01:41:00,-26.74,-81.65,74.8,V1282_009
20/09/2013 13:34:00,-25.16,-79.52,72.28,V1282_009
21/09/2013 01:38:00,-26.21,-77.47,-78.04,V1282_009
21/09/2013 13:37:00,-26.13,70.8,70.8,V1282_009
22/09/2013 01:50:00,-29.3,64.05,68.52,V1282_009
22/09/2013 13:43:00,-27.59,57.39,62.61,V1282_009
23/09/2013 01:38:00,-26.51,64.75,-61.15,V1282_009
23/09/2013 13:40:00,-26.93,-63.33,-62.32,V1282_009
24/09/2013 01:50:00,-29.35,-46.64,-56.29,V1282_009
24/09/2013 13:49:00,-29.27,59.27,59.27,V1282_009
25/09/2013 01:53:00,-30.31,-25.77,57.7,V1282_009
25/09/2013 13:48:00,-29.1,90,46.63,V1282_009
26/09/2013 01:50:00,-29.65,90,90,V1282_009
26/09/2013 13:42:00,-27.81,90,90,V1282_009
27/09/2013 01:44:00,-28.36,90,90,V1282_009
27/09/2013 13:49:00,-29.52,90,90,V1282_009
28/09/2013 01:45:00,-28.56,90,90,V1282_009
28/09/2013 13:43:00,-28.11,90,90,V1282_009
29/09/2013 02:00:00,-32.4,77.84,90,V1282_009
29/09/2013 13:59:00,-32.19,82.86,82.86,V1282_009
30/09/2013 01:50:00,-29.86,90,84.47,V1282_009
30/09/2013 13:54:00,-31.02,79.72,89.23,V1282_009
01/10/2013 01:44:00,-28.56,4.73,33.11,V1282_009
01/10/2013 13:41:00,-27.85,19.2,14.01,V1282_009
02/10/2013 01:55:00,-31.39,73.23,52.62,V1282_009
02/10/2013 13:42:00,-28.31,80.93,77.35,V1282_009
03/10/2013 01:42:00,-28.35,78.84,78.84,V1282_009
03/10/2013 13:47:00,-29.39,73.95,75.51,V1282_009
04/10/2013 01:52:00,-30.92,76.09,74.16,V1282_009
04/10/2013 14:01:00,-33.09,66.75,70.95,V1282_009
05/10/2013 01:58:00,-32.5,61.01,62.54,V1282_009
05/10/2013 13:50:00,-30.41,69.03,65.05,V1282_009
06/10/2013 01:46:00,-29.45,63.21,65.42,V1282_009
06/10/2013 13:43:00,-28.61,65.25,63.19,V1282_009
07/10/2013 01:41:00,-28.27,62.11,63.17,V1282_009
07/10/2013 13:36:00,-27.06,65.39,63.63,V1282_009
08/10/2013 01:50:00,-30.47,72.27,68.69,V1282_009
08/10/2013 13:54:00,-31.75,68.69,69.78,V1282_009
09/10/2013 01:45:00,-29.41,60.47,64.63,V1282_009
09/10/2013 13:45:00,-29.45,59.21,59.21,V1282_009
10/10/2013 01:51:00,-30.98,63.07,60.71,V1282_009
10/10/2013 13:46:00,-29.64,65.63,64.4,V1282_009
11/10/2013 01:43:00,-28.92,62.73,64.04,V1282_009
11/10/2013 13:31:00,-26.08,68.13,65.71,V1282_009
12/10/2013 01:33:00,-26.73,68.37,67.95,V1282_009
12/10/2013 13:50:00,-30.89,57.91,63.34,V1282_009
13/10/2013 01:50:00,-30.8,56.56,56.56,V1282_009
13/10/2013 13:52:00,-31.33,53.93,54.8,V1282_009
14/10/2013 01:54:00,-31.98,55.14,54.32,V1282_009
14/10/2013 13:43:00,-29.38,61.44,58.36,V1282_009
15/10/2013 01:48:00,-30.41,62.8,61.76,V1282_009
15/10/2013 13:47:00,-30.19,62.56,62.56,V1282_009
16/10/2013 01:50:00,-31.09,63.5,62.58,V1282_009
16/10/2013 13:56:00,-32.62,59.83,61.39,V1282_009
17/10/2013 01:53:00,-31.9,57.39,58.56,V1282_009
17/10/2013 13:48:00,-30.67,59.52,58.44,V1282_009
18/10/2013 01:48:00,-30.57,58.59,58.59,V1282_009
18/10/2013 13:46:00,-30.22,58.73,58.2,V1282_009
19/10/2013 01:50:00,-31.24,60.08,59.11,V1282_009
19/10/2013 13:51:00,-31.52,58.99,58.99,V1282_009
20/10/2013 01:52:00,-31.79,58.87,58.39,V1282_009
20/10/2013 13:51:00,-31.56,58.76,58.76,V1282_009
21/10/2013 01:50:00,-31.2,57.46,57.95,V1282_009
21/10/2013 13:48:00,-30.72,57.86,57.39,V1282_009
22/10/2013 01:47:00,-30.49,56.83,57.31,V1282_009
22/10/2013 13:48:00,-30.76,55.79,55.79,V1282_009
23/10/2013 01:56:00,-33.03,59.32,57.17,V1282_009
23/10/2013 13:53:00,-32.3,60,59.62,V1282_009
24/10/2013 01:47:00,-30.56,56.6,58.33,V1282_009
24/10/2013 13:43:00,-29.83,57.42,56.99,V1282_009
25/10/2013 01:48:00,-30.97,58.76,57.57,V1282_009
25/10/2013 13:36:00,-28.11,62.26,60.66,V1282_009
26/10/2013 01:21:00,-24.25,56.23,59.71,V1282_009
26/10/2013 13:21:00,-24.26,55.77,55.77,V1282_009
27/10/2013 01:19:00,-23.9,54.66,55.1,V1282_009
27/10/2013 13:26:00,-25.41,51.34,52.82,V1282_009
28/10/2013 01:27:00,-25.67,51.4,50.9,V1282_009
28/10/2013 13:26:00,-25.43,51.45,51.45,V1282_009
29/10/2013 01:27:00,-25.81,51.75,51.27,V1282_009
29/10/2013 13:23:00,-24.82,53.16,52.26,V1282_009
30/10/2013 01:18:00,-23.58,50.43,51.85,V1282_009
30/10/2013 13:21:00,-24.46,48.26,49.28,V1282_009
31/10/2013 01:28:00,-25.96,50.81,49.37,V1282_009
31/10/2013 13:19:00,-23.84,54.07,52.42,V1282_009
01/11/2013 01:28:00,-25.97,56.8,55.03,V1282_009
01/11/2013 13:23:00,-24.85,57.9,57.27,V1282_009
02/11/2013 01:17:00,-23.23,55.39,56.76,V1282_009
02/11/2013 13:26:00,-25.48,51.56,53.18,V1282_009
03/11/2013 01:27:00,-25.86,51.83,51.42,V1282_009
03/11/2013 13:23:00,-24.73,53.24,52.48,V1282_009
04/11/2013 01:23:00,-24.73,52.9,52.9,V1282_009
04/11/2013 13:23:00,-24.73,52.57,52.57,V1282_009
05/11/2013 01:22:00,-24.6,52.05,52.05,V1282_009
05/11/2013 13:22:00,-24.6,51.72,51.72,V1282_009
06/11/2013 01:17:00,-23.34,49.4,50.62,V1282_009
06/11/2013 13:17:00,-23.34,49.08,49.08,V1282_009
07/11/2013 01:26:00,-25.58,52.26,50.38,V1282_009
07/11/2013 13:21:00,-24.2,53.86,53.19,V1282_009
08/11/2013 01:19:00,-23.94,53.23,53.57,V1282_009
08/11/2013 13:25:00,-25.3,51,51.73,V1282_009
09/11/2013 01:26:00,-25.42,50.9,50.9,V1282_009
09/11/2013 13:21:00,-24.16,52.37,51.69,V1282_009
10/11/2013 01:23:00,-24.65,52.76,52.43,V1282_009
10/11/2013 13:19:00,-23.89,53.45,53.14,V1282_009
11/11/2013 01:19:00,-23.87,53.19,53.19,V1282_009
11/11/2013 13:20:00,-23.98,52.77,52.77,V1282_009
12/11/2013 01:22:00,-24.47,53.13,52.82,V1282_009
12/11/2013 13:23:00,-24.7,52.57,52.57,V1282_009
13/11/2013 01:26:00,-25.31,53.09,52.78,V1282_009
13/11/2013 13:24:00,-24.92,53.3,53,V1282_009
14/11/2013 01:19:00,-23.52,51.35,52.3,V1282_009
14/11/2013 13:23:00,-24.5,49.78,50.46,V1282_009
15/11/2013 01:24:00,-24.73,49.89,49.55,V1282_009
15/11/2013 13:19:00,-23.71,50.97,50.32,V1282_009
16/11/2013 01:20:00,-23.82,50.9,50.9,V1282_009
16/11/2013 13:17:00,-23.04,51.61,51.31,V1282_009
17/11/2013 01:23:00,-24.39,53,52.14,V1282_009
17/11/2013 13:23:00,-24.37,52.79,52.79,V1282_009
18/11/2013 01:23:00,-24.34,52.58,52.58,V1282_009
18/11/2013 13:21:00,-23.94,52.79,52.51,V1282_009
19/11/2013 01:23:00,-24.41,53.14,52.87,V1282_009
19/11/2013 13:21:00,-23.89,53.47,53.21,V1282_009
20/11/2013 01:22:00,-24.11,53.54,53.28,V1282_009
20/11/2013 13:23:00,-24.45,52.96,53.22,V1282_009
21/11/2013 01:26:00,-24.92,53.3,53.04,V1282_009
21/11/2013 13:24:00,-24.39,53.63,53.37,V1282_009
22/11/2013 01:25:00,-24.73,53.82,53.57,V1282_009
22/11/2013 13:28:00,-25.32,53.02,53.27,V1282_009
23/11/2013 01:19:00,-23.29,50.68,52.06,V1282_009
23/11/2013 13:17:00,-22.63,51.21,50.93,V1282_009
24/11/2013 01:15:00,-22.22,50.62,50.9,V1282_009
24/11/2013 13:20:00,-23.31,49.15,49.74,V1282_009
25/11/2013 01:20:00,-23.27,48.99,48.99,V1282_009
25/11/2013 13:13:00,-21.48,50.84,50,V1282_009
26/11/2013 01:20:00,-23.19,52.51,51.49,V1282_009
26/11/2013 13:21:00,-23.28,52.24,52.24,V1282_009
27/11/2013 01:19:00,-22.99,51.84,52.09,V1282_009
27/11/2013 13:16:00,-22.07,52.57,52.32,V1282_009
28/11/2013 01:25:00,-24.28,54.51,53.15,V1282_009
28/11/2013 13:23:00,-23.61,54.92,54.7,V1282_009
29/11/2013 01:13:00,-21.19,52.64,54.03,V1282_009
29/11/2013 13:17:00,-22.28,51.4,51.9,V1282_009
30/11/2013 01:19:00,-22.73,51.78,51.53,V1282_009
30/11/2013 13:25:00,-23.93,50.37,50.89,V1282_009
01/12/2013 01:27:00,-24.39,50.77,50.51,V1282_009
01/12/2013 13:22:00,-23.22,51.78,51.28,V1282_009
02/12/2013 01:18:00,-22.17,50.66,51.42,V1282_009
02/12/2013 13:20:00,-22.62,50.03,50.29,V1282_009
03/12/2013 01:31:00,-25.32,52.62,50.94,V1282_009
03/12/2013 13:29:00,-24.65,53.08,52.86,V1282_009
04/12/2013 01:28:00,-24.35,52.75,52.98,V1282_009
04/12/2013 13:29:00,-24.67,52.31,52.31,V1282_009
05/12/2013 01:24:00,-23.37,51.03,51.75,V1282_009
05/12/2013 13:26:00,-23.69,50.56,50.56,V1282_009
06/12/2013 01:24:00,-23.14,49.97,50.22,V1282_009
06/12/2013 13:19:00,-21.96,51,50.51,V1282_009
07/12/2013 01:20:00,-22.16,51.15,50.91,V1282_009
07/12/2013 13:27:00,-23.86,49.32,49.84,V1282_009
08/12/2013 01:30:00,-24.55,50.01,49.5,V1282_009
08/12/2013 13:34:00,-25.5,48.9,49.16,V1282_009
09/12/2013 01:36:00,-25.94,49.35,49.09,V1282_009
09/12/2013 13:26:00,-23.26,51.82,50.89,V1282_009
10/12/2013 01:20:00,-21.96,50.58,51.29,V1282_009
10/12/2013 13:23:00,-22.4,50.02,50.27,V1282_009
11/12/2013 01:25:00,-22.97,50.57,50.33,V1282_009
11/12/2013 13:18:00,-21.16,52.12,51.45,V1282_009
12/12/2013 01:16:00,-20.6,51.62,51.84,V1282_009
12/12/2013 13:22:00,-22.17,50.04,50.52,V1282_009
13/12/2013 01:26:00,-22.86,50.7,50.23,V1282_009
13/12/2013 13:26:00,-22.8,50.66,50.66,V1282_009
14/12/2013 01:25:00,-22.61,50.49,50.49,V1282_009
14/12/2013 13:23:00,-22.06,50.92,50.69,V1282_009
15/12/2013 01:20:00,-21.25,50.17,50.65,V1282_009
15/12/2013 13:20:00,-21.19,50.14,50.14,V1282_009
16/12/2013 01:25:00,-22.25,51.16,50.46,V1282_009
16/12/2013 13:29:00,-23.31,50.07,50.55,V1282_009
17/12/2013 01:28:00,-22.88,49.68,49.92,V1282_009
17/12/2013 13:25:00,-22.19,50.26,50.02,V1282_009
18/12/2013 01:20:00,-21.01,49.14,49.87,V1282_009
18/12/2013 13:19:00,-20.44,49.61,49.37,V1282_009
19/12/2013 01:24:00,-21.76,50.9,50.2,V1282_009
19/12/2013 13:29:00,-22.82,49.82,50.3,V1282_009
20/12/2013 01:25:00,-21.88,48.95,49.45,V1282_009
20/12/2013 13:26:00,-22.07,48.69,48.69,V1282_009
21/12/2013 01:29:00,-22.76,49.43,48.94,V1282_009
21/12/2013 13:25:00,-21.7,50.39,49.92,V1282_009
22/12/2013 01:31:00,-23.26,51.87,50.97,V1282_009
22/12/2013 13:31:00,-23.2,51.87,51.87,V1282_009
23/12/2013 01:25:00,-21.39,50.29,51.43,V1282_009
23/12/2013 13:26:00,-21.7,49.94,49.94,V1282_009
24/12/2013 01:31:00,-22.89,51.12,50.43,V1282_009
24/12/2013 13:34:00,-23.57,50.44,50.67,V1282_009
25/12/2013 01:34:00,-23.51,50.46,50.46,V1282_009
25/12/2013 13:37:00,-24.2,49.76,50,V1282_009
26/12/2013 01:32:00,-23.01,48.66,49.42,V1282_009
26/12/2013 13:30:00,-22.45,49.2,48.94,V1282_009
27/12/2013 01:39:00,-24.64,51.36,49.96,V1282_009
27/12/2013 13:42:00,-25.33,50.71,50.94,V1282_009
28/12/2013 01:37:00,-24.02,49.54,50.27,V1282_009
28/12/2013 13:28:00,-21.46,51.91,51.01,V1282_009
29/12/2013 01:32:00,-22.52,52.92,52.28,V1282_009
29/12/2013 13:38:00,-23.96,51.66,52.11,V1282_009
30/12/2013 01:31:00,-22.15,50.08,51.26,V1282_009
30/12/2013 13:29:00,-21.59,50.61,50.37,V1282_009
31/12/2013 01:28:00,-21.28,50.42,50.66,V1282_009
31/12/2013 13:32:00,-22.22,49.49,49.74,V1282_009
01/01/2014 01:28:00,-21.03,48.39,49.17,V1282_009
01/01/2014 13:25:00,-20.35,49.1,48.85,V1282_009
02/01/2014 01:15:00,-17.92,46.58,48.25,V1282_009
02/01/2014 13:17:00,-18.36,46.07,46.36,V1282_009
03/01/2014 01:20:00,-19.05,47.01,46.43,V1282_009
03/01/2014 13:22:00,-19.24,46.79,46.79,V1282_009
04/01/2014 01:17:00,-18.06,45.54,46.43,V1282_009
04/01/2014 13:20:00,-18.76,44.69,45,V1282_009
05/01/2014 01:21:00,-18.95,45.08,45.08,V1282_009
05/01/2014 13:25:00,-19.89,43.89,44.22,V1282_009
06/01/2014 01:26:00,-19.96,44.15,44.15,V1282_009
06/01/2014 13:30:00,-20.91,42.91,43.58,V1282_009
07/01/2014 01:37:00,-22.73,45.45,44.17,V1282_009
07/01/2014 13:38:00,-22.92,45.23,45.23,V1282_009
08/01/2014 01:32:00,-21.5,43.54,44.53,V1282_009
08/01/2014 13:34:00,-21.82,43.13,43.47,V1282_009
09/01/2014 01:28:00,-20.27,41.1,42.54,V1282_009
09/01/2014 13:29:00,-20.46,40.84,40.84,V1282_009
10/01/2014 01:33:00,-21.41,42.41,41.69,V1282_009
10/01/2014 13:35:00,-21.86,41.8,42.16,V1282_009
11/01/2014 01:35:00,-21.81,41.92,41.92,V1282_009
11/01/2014 13:30:00,-20.64,43.64,42.94,V1282_009
12/01/2014 01:35:00,-21.84,45.45,44.45,V1282_009
12/01/2014 13:41:00,-23.04,43.9,44.58,V1282_009
13/01/2014 01:40:00,-22.74,43.68,44.03,V1282_009
13/01/2014 13:39:00,-22.57,43.99,43.99,V1282_009
14/01/2014 01:36:00,-21.77,43.06,43.77,V1282_009
14/01/2014 13:46:00,-24.23,39.34,40.94,V1282_009
15/01/2014 01:54:00,-26.31,42.8,40.89,V1282_009
15/01/2014 13:53:00,-25.89,43.49,43.13,V1282_009
16/01/2014 01:54:00,-26.22,44.19,43.83,V1282_009
16/01/2014 14:01:00,-27.93,41.73,42.88,V1282_009
17/01/2014 02:04:00,-28.64,43.04,42.27,V1282_009
17/01/2014 14:10:00,-29.97,41.06,41.85,V1282_009
18/01/2014 02:11:00,-30.18,41.62,41.62,V1282_009
18/01/2014 14:18:00,-31.89,38.86,40.15,V1282_009
19/01/2014 02:23:00,-33.1,41.15,39.89,V1282_009
19/01/2014 14:17:00,-31.69,43.5,42.73,V1282_009
20/01/2014 02:17:00,-31.52,43.49,43.49,V1282_009
20/01/2014 14:22:00,-32.74,41.68,42.49,V1282_009
21/01/2014 02:20:00,-32.33,41.24,41.66,V1282_009
21/01/2014 14:23:00,-32.79,40.57,41,V1282_009
22/01/2014 02:30:00,-34.51,43.66,42.04,V1282_009
22/01/2014 14:37:00,-36.35,40.74,42.03,V1282_009
23/01/2014 02:35:00,-35.69,39.83,40.72,V1282_009
23/01/2014 14:34:00,-35.53,40.25,40.25,V1282_009
24/01/2014 02:38:00,-36.63,42.43,41.13,V1282_009
24/01/2014 14:39:00,-36.85,42.21,42.21,V1282_009
25/01/2014 02:33:00,-35.07,39.26,41.1,V1282_009
25/01/2014 14:33:00,-35.04,39.47,39.47,V1282_009
26/01/2014 02:33:00,-35.14,39.93,39.93,V1282_009
26/01/2014 14:33:00,-34.98,40.39,40.39,V1282_009
27/01/2014 02:34:00,-35.33,41.32,40.85,V1282_009
27/01/2014 14:38:00,-36.43,39.41,40.38,V1282_009
28/01/2014 02:44:00,-37.91,42.48,41.09,V1282_009
28/01/2014 14:42:00,-37.38,43.62,43.17,V1282_009
29/01/2014 02:45:00,-37.99,44.95,44.52,V1282_009
29/01/2014 14:48:00,-38.71,43.9,44.34,V1282_009
30/01/2014 02:43:00,-37.44,41.85,43.26,V1282_009
30/01/2014 14:43:00,-37.55,41.87,41.87,V1282_009
03/09/2014 04:43:00,-70.88,76.88,76.88,V2104_005
03/09/2014 16:38:00,-69.67,76.89,77.06,V2104_005
04/09/2014 04:56:00,-74.21,76.27,76.48,V2104_005
04/09/2014 17:03:00,-76,76.87,76.62,V2104_005
05/09/2014 04:51:00,-73.04,77.63,77.51,V2104_005
05/09/2014 16:41:00,-70.46,77.41,77.76,V2104_005
06/09/2014 04:46:00,-71.88,77.4,77.45,V2104_005
06/09/2014 16:41:00,-70.67,77.4,77.59,V2104_005
07/09/2014 04:54:00,-73.96,76.96,77.13,V2104_005
07/09/2014 16:39:00,-70.26,76.28,76.99,V2104_005
08/09/2014 04:38:00,-70.05,76.63,76.63,V2104_005
08/09/2014 16:27:00,-67.22,76.09,76.67,V2104_005
09/09/2014 04:45:00,-71.76,74.84,75.4,V2104_005
09/09/2014 16:25:00,-66.8,72.86,74.44,V2104_005
10/09/2014 04:28:00,-67.72,72.76,72.9,V2104_005
10/09/2014 16:03:00,-61.51,68.63,71.78,V2104_005
11/09/2014 03:57:00,-60.18,70.3,69.88,V2104_005
11/09/2014 15:57:00,-60.23,70.77,70.77,V2104_005
12/09/2014 03:51:00,-58.77,72.33,71.98,V2104_005
12/09/2014 15:45:00,-57.19,71.61,72.35,V2104_005
13/09/2014 03:55:00,-59.61,70.12,71.01,V2104_005
13/09/2014 15:54:00,-59.53,70.53,70.53,V2104_005
14/09/2014 03:50:00,-58.7,71.82,71.61,V2104_005
14/09/2014 15:42:00,-56.49,70.3,71.49,V2104_005
15/09/2014 03:40:00,-56.16,71.24,71,V2104_005
15/09/2014 15:37:00,-55.45,71.09,71.58,V2104_005
16/09/2014 03:55:00,-59.88,-88.69,68.73,V2104_005
16/09/2014 15:49:00,-58.54,64.38,-87.77,V2104_005
17/09/2014 03:28:00,-53.34,72.41,69.92,V2104_005
17/09/2014 15:26:00,-52.88,72.55,72.79,V2104_005
18/09/2014 03:32:00,-54.43,71.62,72.45,V2104_005
18/09/2014 15:27:00,-53.35,70.97,71.89,V2104_005
19/09/2014 03:47:00,-58.27,62.54,67.74,V2104_005
19/09/2014 15:44:00,-57.56,61.37,-79.48,V2104_005
20/09/2014 03:34:00,-55.23,68.41,66.29,V2104_005
20/09/2014 15:40:00,-56.65,71.65,70.49,V2104_005
21/09/2014 03:47:00,-58.57,-77.65,-78.48,V2104_005
21/09/2014 15:40:00,-56.61,-73.38,68.42,V2104_005
22/09/2014 03:39:00,-56.53,67.46,67.46,V2104_005
22/09/2014 15:38:00,-56.45,68.41,68.41,V2104_005
23/09/2014 03:44:00,-57.75,-65.78,-67.4,V2104_005
23/09/2014 15:32:00,-54.91,50.91,62,V2104_005
24/09/2014 03:37:00,-56.21,30.81,43.5,V2104_005
24/09/2014 15:42:00,-57.38,55.05,48.93,V2104_005
25/09/2014 03:40:00,-56.92,-43.26,-40.44,V2104_005
25/09/2014 15:39:00,-56.84,-39.96,-39.96,V2104_005
26/09/2014 03:44:00,-58.01,56.29,61.72,V2104_005
26/09/2014 15:33:00,-55.42,90,90,V2104_005
27/09/2014 03:49:00,-59.47,55.52,90,V2104_005
27/09/2014 15:50:00,-59.89,52.81,59.05,V2104_005
28/09/2014 03:45:00,-58.55,90,90,V2104_005
28/09/2014 15:44:00,-58.22,90,90,V2104_005
29/09/2014 03:32:00,-55.39,90,90,V2104_005
29/09/2014 15:36:00,-56.55,16.53,72.17,V2104_005
30/09/2014 03:42:00,-57.97,90,80.28,V2104_005
30/09/2014 15:43:00,-58.26,46.96,86.08,V2104_005
01/10/2014 03:41:00,-57.68,24.42,30.87,V2104_005
01/10/2014 15:33:00,-55.72,66.59,46.08,V2104_005
02/10/2014 03:38:00,-57.01,73.92,67.16,V2104_005
02/10/2014 15:28:00,-54.67,79.96,76.09,V2104_005
03/10/2014 03:35:00,-56.58,81.2,79.52,V2104_005
03/10/2014 15:39:00,-57.37,78.02,78.53,V2104_005
04/10/2014 03:27:00,-54.66,65.16,72.48,V2104_005
04/10/2014 15:29:00,-55.08,59.9,61.72,V2104_005
05/10/2014 03:36:00,-56.86,67.69,62.57,V2104_005
05/10/2014 15:37:00,-57.15,64.53,65.7,V2104_005
06/10/2014 03:35:00,-56.81,60.61,61.96,V2104_005
06/10/2014 15:24:00,-54.1,69.88,65.81,V2104_005
07/10/2014 03:25:00,-54.39,69.14,68.44,V2104_005
07/10/2014 15:29:00,-55.3,65.01,66.66,V2104_005
08/10/2014 03:34:00,-56.46,67.16,65.68,V2104_005
08/10/2014 15:26:00,-54.74,70.17,68.52,V2104_005
09/10/2014 03:32:00,-56.15,71.66,70.33,V2104_005
09/10/2014 15:30:00,-55.69,71.53,71.12,V2104_005
10/10/2014 03:35:00,-57.1,72.65,71.59,V2104_005
10/10/2014 15:42:00,-58.63,69.48,70.72,V2104_005
11/10/2014 03:43:00,-59.04,69.24,68.81,V2104_005
11/10/2014 15:31:00,-56.19,72.52,70.93,V2104_005
12/10/2014 03:22:00,-53.85,68.43,70.34,V2104_005
12/10/2014 15:28:00,-55.51,64.49,66.02,V2104_005
13/10/2014 03:32:00,-56.54,65.68,64.68,V2104_005
13/10/2014 15:33:00,-56.69,64.63,64.63,V2104_005
14/10/2014 03:35:00,-57.22,64.81,64.33,V2104_005
14/10/2014 15:24:00,-54.5,68.51,66.68,V2104_005
15/10/2014 03:29:00,-55.78,69.46,68.52,V2104_005
15/10/2014 15:29:00,-55.81,68.85,68.85,V2104_005
16/10/2014 03:34:00,-57.09,69.7,68.84,V2104_005
16/10/2014 15:39:00,-58.36,67.62,68.25,V2104_005
17/10/2014 03:31:00,-56.51,64.32,65.84,V2104_005
17/10/2014 15:28:00,-55.66,65.05,64.67,V2104_005
18/10/2014 03:32:00,-56.56,65.7,65,V2104_005
18/10/2014 15:34:00,-57.21,64.22,64.59,V2104_005
19/10/2014 03:41:00,-58.86,65.89,64.55,V2104_005
19/10/2014 15:37:00,-57.88,66.58,65.98,V2104_005
20/10/2014 03:33:00,-56.91,64.82,65.46,V2104_005
20/10/2014 15:37:00,-58.05,62.71,63.44,V2104_005
21/10/2014 03:43:00,-59.57,64.26,62.9,V2104_005
21/10/2014 15:39:00,-58.59,65.01,64.4,V2104_005
22/10/2014 03:35:00,-57.61,63.26,63.91,V2104_005
22/10/2014 15:30:00,-56.26,64.51,63.9,V2104_005
23/10/2014 03:30:00,-56.28,64.04,64.04,V2104_005
23/10/2014 15:38:00,-58.42,60.73,62.14,V2104_005
24/10/2014 03:45:00,-60.06,62.49,61.15,V2104_005
24/10/2014 15:41:00,-59.2,63.12,62.82,V2104_005
25/10/2014 03:44:00,-59.97,63.56,62.98,V2104_005
25/10/2014 15:42:00,-59.36,63.84,63.56,V2104_005
26/10/2014 03:36:00,-58.12,61.97,62.86,V2104_005
26/10/2014 15:36:00,-58.01,61.7,61.7,V2104_005
27/10/2014 03:40:00,-59.02,62.47,61.89,V2104_005
27/10/2014 15:41:00,-59.16,61.92,61.92,V2104_005
28/10/2014 03:44:00,-59.92,62.37,61.81,V2104_005
28/10/2014 15:38:00,-58.55,63.44,62.93,V2104_005
29/10/2014 03:41:00,-59.31,63.81,63.32,V2104_005
29/10/2014 15:37:00,-58.32,64.38,64.15,V2104_005
30/10/2014 03:43:00,-59.83,65.32,64.48,V2104_005
30/10/2014 15:40:00,-58.96,65.69,65.5,V2104_005
31/10/2014 03:37:00,-58.34,64.87,65.27,V2104_005
31/10/2014 15:42:00,-59.59,63.47,63.91,V2104_005
01/11/2014 03:43:00,-59.72,63.25,63.25,V2104_005
01/11/2014 15:33:00,-57.35,64.92,64.33,V2104_005
02/11/2014 03:39:00,-58.85,65.73,65,V2104_005
02/11/2014 15:45:00,-60.48,64.21,64.6,V2104_005
03/11/2014 03:39:00,-58.73,62.44,63.3,V2104_005
03/11/2014 15:33:00,-57.36,63.32,62.9,V2104_005
04/11/2014 03:38:00,-58.48,63.92,63.33,V2104_005
04/11/2014 15:38:00,-58.48,63.64,63.64,V2104_005
05/11/2014 03:41:00,-59.23,63.93,63.55,V2104_005
05/11/2014 15:39:00,-58.72,64.02,63.84,V2104_005
06/11/2014 03:43:00,-59.72,64.47,63.93,V2104_005
06/11/2014 15:38:00,-58.46,65.05,64.72,V2104_005
07/11/2014 03:40:00,-58.96,65.12,64.96,V2104_005
07/11/2014 15:42:00,-59.58,64.46,64.63,V2104_005
08/11/2014 03:38:00,-58.57,63.53,64.05,V2104_005
08/11/2014 15:41:00,-59.18,62.83,63.01,V2104_005
09/11/2014 03:44:00,-59.92,63.12,62.76,V2104_005
09/11/2014 15:41:00,-59.29,63.32,63.14,V2104_005
10/11/2014 03:39:00,-58.65,62.64,62.99,V2104_005
10/11/2014 15:35:00,-57.77,63.02,62.85,V2104_005
11/11/2014 03:41:00,-59.25,63.78,63.13,V2104_005
11/11/2014 15:42:00,-59.49,63.4,63.4,V2104_005
12/11/2014 03:42:00,-59.47,63.17,63.17,V2104_005
12/11/2014 15:34:00,-57.46,64.2,63.75,V2104_005
13/11/2014 03:35:00,-57.82,64.21,64.06,V2104_005
13/11/2014 15:39:00,-58.67,63.48,63.63,V2104_005
14/11/2014 03:39:00,-58.53,63.2,63.2,V2104_005
14/11/2014 15:44:00,-59.89,62.11,62.44,V2104_005
15/11/2014 03:45:00,-60.24,62.15,61.99,V2104_005
15/11/2014 15:40:00,-58.72,62.91,62.6,V2104_005
16/11/2014 03:45:00,-60.2,63.6,63.01,V2104_005
16/11/2014 15:45:00,-60.18,63.41,63.41,V2104_005
17/11/2014 03:43:00,-59.53,62.86,63.15,V2104_005
17/11/2014 15:44:00,-59.63,62.6,62.6,V2104_005
18/11/2014 03:45:00,-59.98,62.64,62.49,V2104_005
18/11/2014 15:45:00,-59.83,62.54,62.54,V2104_005
19/11/2014 03:54:00,-62.17,63.68,62.87,V2104_005
19/11/2014 15:40:00,-58.65,65.22,64.76,V2104_005
20/11/2014 03:39:00,-58.24,64.89,65,V2104_005
20/11/2014 15:50:00,-61.09,63.32,63.71,V2104_005
21/11/2014 03:40:00,-58.56,61.76,62.76,V2104_005
21/11/2014 15:50:00,-61.03,60.01,60.5,V2104_005
22/11/2014 03:53:00,-61.74,60.34,60.01,V2104_005
22/11/2014 15:45:00,-59.59,61.5,61.05,V2104_005
23/11/2014 03:42:00,-58.93,60.97,61.28,V2104_005
23/11/2014 15:47:00,-60.14,60.03,60.35,V2104_005
24/11/2014 03:48:00,-60.36,60.04,59.88,V2104_005
24/11/2014 15:42:00,-58.82,60.83,60.52,V2104_005
25/11/2014 03:45:00,-59.41,61.06,60.76,V2104_005
25/11/2014 15:47:00,-60.12,60.47,60.62,V2104_005
26/11/2014 03:42:00,-58.71,59.46,60.1,V2104_005
26/11/2014 15:44:00,-59.04,59.08,59.08,V2104_005
27/11/2014 03:46:00,-59.63,59.35,59.02,V2104_005
27/11/2014 15:47:00,-59.84,59.05,59.05,V2104_005
28/11/2014 03:47:00,-59.79,58.92,58.92,V2104_005
28/11/2014 15:45:00,-59.25,59.12,58.96,V2104_005
29/11/2014 03:44:00,-58.96,58.83,59,V2104_005
29/11/2014 15:43:00,-58.67,58.88,58.88,V2104_005
30/11/2014 03:42:00,-58.25,58.51,58.68,V2104_005
30/11/2014 15:42:00,-58.33,58.31,58.31,V2104_005
01/12/2014 03:45:00,-59.15,58.77,58.44,V2104_005
01/12/2014 15:46:00,-59.23,58.58,58.58,V2104_005
02/12/2014 03:44:00,-58.56,58.06,58.39,V2104_005
02/12/2014 15:42:00,-58.01,58.28,58.12,V2104_005
03/12/2014 03:43:00,-58.21,58.34,58.18,V2104_005
03/12/2014 15:37:00,-56.79,59.1,58.8,V2104_005
04/12/2014 03:42:00,-57.99,59.74,59.3,V2104_005
04/12/2014 15:39:00,-57.06,60.14,60,V2104_005
05/12/2014 03:35:00,-56.26,59.63,59.91,V2104_005
05/12/2014 15:41:00,-57.59,58.73,59.03,V2104_005
06/12/2014 03:41:00,-57.41,58.57,58.57,V2104_005
06/12/2014 15:38:00,-56.61,58.94,58.79,V2104_005
07/12/2014 03:40:00,-57.18,59.23,58.93,V2104_005
07/12/2014 15:40:00,-57.12,59.15,59.15,V2104_005
08/12/2014 03:34:00,-55.45,58.1,58.86,V2104_005
08/12/2014 15:38:00,-56.52,57.31,57.47,V2104_005
09/12/2014 03:40:00,-56.84,57.48,57.32,V2104_005
09/12/2014 15:29:00,-54.16,59.01,58.58,V2104_005
10/12/2014 03:28:00,-53.97,58.88,59.02,V2104_005
10/12/2014 15:34:00,-55.17,58.07,58.23,V2104_005
11/12/2014 03:34:00,-55.24,58.09,58.09,V2104_005
11/12/2014 15:37:00,-56.05,57.49,57.65,V2104_005
12/12/2014 03:43:00,-57.37,58.28,57.67,V2104_005
12/12/2014 15:40:00,-56.56,58.67,58.53,V2104_005
13/12/2014 03:39:00,-56.25,58.48,58.62,V2104_005
13/12/2014 15:35:00,-55.32,58.94,58.79,V2104_005
14/12/2014 03:34:00,-55.01,58.75,58.89,V2104_005
14/12/2014 15:38:00,-55.82,58.2,58.35,V2104_005
15/12/2014 03:44:00,-57.14,58.96,58.39,V2104_005
15/12/2014 15:43:00,-56.83,59.06,59.06,V2104_005
16/12/2014 03:40:00,-56.14,58.68,58.96,V2104_005
16/12/2014 15:43:00,-56.83,58.22,58.36,V2104_005
17/12/2014 03:42:00,-56.52,58.04,58.19,V2104_005
17/12/2014 15:44:00,-56.96,57.72,57.87,V2104_005
18/12/2014 03:39:00,-55.65,56.92,57.55,V2104_005
18/12/2014 15:38:00,-55.34,57.06,57.06,V2104_005
19/12/2014 03:42:00,-56.28,57.66,57.2,V2104_005
19/12/2014 15:45:00,-56.97,57.19,57.34,V2104_005
20/12/2014 03:46:00,-57.28,57.41,57.25,V2104_005
20/12/2014 15:42:00,-55.97,58.15,57.86,V2104_005
21/12/2014 03:49:00,-57.78,59.2,58.51,V2104_005
21/12/2014 15:45:00,-56.59,59.78,59.66,V2104_005
22/12/2014 03:39:00,-55.16,59.06,59.59,V2104_005
22/12/2014 15:41:00,-55.59,58.79,58.92,V2104_005
23/12/2014 03:41:00,-55.41,58.72,58.86,V2104_005
23/12/2014 15:46:00,-56.84,57.86,58.16,V2104_005
24/12/2014 03:47:00,-57.03,58.02,57.87,V2104_005
24/12/2014 15:45:00,-56.22,58.47,58.33,V2104_005
25/12/2014 03:46:00,-56.66,58.77,58.63,V2104_005
25/12/2014 15:43:00,-55.6,59.33,59.2,V2104_005
26/12/2014 03:49:00,-57.28,60.25,59.62,V2104_005
26/12/2014 16:00:00,-59.85,58.9,59.31,V2104_005
27/12/2014 03:49:00,-57.03,57.3,58.5,V2104_005
27/12/2014 15:46:00,-56.22,57.79,57.64,V2104_005
28/12/2014 03:52:00,-57.54,58.63,58.05,V2104_005
28/12/2014 15:51:00,-57.35,58.74,58.74,V2104_005
29/12/2014 03:46:00,-56.04,58.05,58.63,V2104_005
29/12/2014 15:42:00,-54.85,58.74,58.6,V2104_005
30/12/2014 03:40:00,-54.29,58.5,58.79,V2104_005
30/12/2014 15:41:00,-54.61,58.32,58.32,V2104_005
31/12/2014 03:33:00,-52.42,57.05,58,V2104_005
31/12/2014 15:43:00,-54.99,55.29,55.83,V2104_005
01/01/2015 03:36:00,-53.06,53.91,54.88,V2104_005
01/01/2015 15:30:00,-51.5,55.13,54.75,V2104_005
02/01/2015 03:19:00,-48.81,53.11,54.52,V2104_005
02/01/2015 15:22:00,-49.51,52.53,52.75,V2104_005
03/01/2015 03:26:00,-50.57,53.56,52.93,V2104_005
03/01/2015 15:27:00,-50.64,53.52,53.52,V2104_005
04/01/2015 03:19:00,-48.46,51.74,53.07,V2104_005
04/01/2015 15:16:00,-47.78,52.38,52.16,V2104_005
05/01/2015 03:21:00,-48.97,53.54,52.9,V2104_005
05/01/2015 15:34:00,-52.04,50.8,51.75,V2104_005
06/01/2015 03:27:00,-50.48,49.37,50.4,V2104_005
06/01/2015 15:28:00,-50.68,49.2,49.2,V2104_005
07/01/2015 03:26:00,-50,48.62,49.16,V2104_005
07/01/2015 15:21:00,-48.69,50.04,49.52,V2104_005
08/01/2015 03:32:00,-51.39,52.78,51.14,V2104_005
08/01/2015 15:27:00,-50.09,53.97,53.54,V2104_005
09/01/2015 03:19:00,-47.91,52.18,53.54,V2104_005
09/01/2015 15:31:00,-50.86,49.27,50.33,V2104_005
10/01/2015 03:43:00,-53.8,52.4,50.7,V2104_005
10/01/2015 15:37:00,-52.38,53.76,53.32,V2104_005
11/01/2015 03:20:00,-48.08,49.75,52.51,V2104_005
11/01/2015 15:27:00,-49.91,47.76,48.63,V2104_005
12/01/2015 03:31:00,-50.73,48.9,48.32,V2104_005
12/01/2015 15:26:00,-49.56,50.26,49.72,V2104_005
13/01/2015 03:33:00,-51.13,52.05,51.05,V2104_005
13/01/2015 15:37:00,-51.96,51.31,51.56,V2104_005
14/01/2015 03:24:00,-48.92,48.12,50.39,V2104_005
14/01/2015 15:23:00,-48.5,48.7,48.41,V2104_005
15/01/2015 03:27:00,-49.45,49.99,49.43,V2104_005
15/01/2015 15:29:00,-49.91,49.57,49.86,V2104_005
16/01/2015 03:27:00,-49.36,49.15,49.44,V2104_005
16/01/2015 15:27:00,-49.32,49.3,49.3,V2104_005
17/01/2015 03:24:00,-48.65,48.72,49.31,V2104_005
17/01/2015 15:23:00,-48.24,49.32,49.03,V2104_005
18/01/2015 03:26:00,-48.95,50.36,49.78,V2104_005
18/01/2015 15:32:00,-50.41,48.75,49.36,V2104_005
19/01/2015 03:25:00,-48.62,46.67,47.98,V2104_005
19/01/2015 15:25:00,-48.7,46.68,46.68,V2104_005
20/01/2015 03:32:00,-50.16,48.81,47.53,V2104_005
20/01/2015 15:29:00,-49.63,49.61,49.31,V2104_005
21/01/2015 03:29:00,-49.59,49.8,49.8,V2104_005
21/01/2015 15:28:00,-49.18,50.44,50.14,V2104_005
22/01/2015 03:24:00,-48.27,49.56,50.18,V2104_005
22/01/2015 15:25:00,-48.49,49.44,49.44,V2104_005
23/01/2015 03:29:00,-49.45,50.88,50.27,V2104_005
23/01/2015 15:29:00,-49.42,51.08,51.08,V2104_005
24/01/2015 03:24:00,-48.14,49.74,50.68,V2104_005
24/01/2015 15:27:00,-48.74,49.13,49.46,V2104_005
25/01/2015 03:27:00,-48.71,49.35,49.35,V2104_005
25/01/2015 15:23:00,-47.68,50.86,50.22,V2104_005
26/01/2015 03:25:00,-48.27,51.85,51.54,V2104_005
26/01/2015 15:32:00,-50,49.86,50.83,V2104_005
27/01/2015 03:29:00,-49.22,49.06,49.75,V2104_005
27/01/2015 15:26:00,-48.32,50.49,50.15,V2104_005
28/01/2015 03:25:00,-48.17,50.56,50.56,V2104_005
28/01/2015 15:25:00,-48.15,50.8,50.8,V2104_005
29/01/2015 03:24:00,-47.75,50.55,50.88,V2104_005
29/01/2015 15:24:00,-47.73,50.8,50.8,V2104_005
30/01/2015 03:29:00,-48.95,52.69,51.72,V2104_005
30/01/2015 15:30:00,-49.31,52.47,52.79,V2104_005
31/01/2015 03:23:00,-47.41,50.19,51.92,V2104_005
31/01/2015 15:26:00,-48.27,49.17,49.55,V2104_005
01/02/2015 03:27:00,-48.38,49.64,49.64,V2104_005
01/02/2015 15:21:00,-46.74,52.23,51.19,V2104_005
02/02/2015 03:18:00,-45.97,51.48,52.18,V2104_005
02/02/2015 15:22:00,-47.2,49.93,50.68,V2104_005
03/02/2015 03:20:00,-46.44,49.04,49.84,V2104_005
03/02/2015 15:21:00,-46.8,48.74,49.14,V2104_005
04/02/2015 03:28:00,-48.54,51.77,50.25,V2104_005
04/02/2015 15:31:00,-49.28,50.95,51.34,V2104_005
05/02/2015 03:24:00,-47.64,48.63,50.29,V2104_005
05/02/2015 15:28:00,-48.63,47.18,48.08,V2104_005
06/02/2015 03:28:00,-48.62,47.51,47.51,V2104_005
06/02/2015 15:23:00,-47.24,50.25,49.4,V2104_005
07/02/2015 03:27:00,-48.35,52.4,51.21,V2104_005
07/02/2015 15:27:00,-48.35,52.74,52.74,V2104_005
08/02/2015 03:22:00,-47.09,51.08,52.31,V2104_005
08/02/2015 15:23:00,-47.33,51.02,51.02,V2104_005
09/02/2015 03:23:00,-47.2,51.17,51.17,V2104_005
09/02/2015 15:27:00,-48.2,49.77,50.67,V2104_005
10/02/2015 03:24:00,-47.45,48.72,49.68,V2104_005
10/02/2015 15:25:00,-47.7,48.62,48.62,V2104_005
11/02/2015 03:31:00,-49.19,51.84,50.47,V2104_005
11/02/2015 15:36:00,-50.44,49.92,50.88,V2104_005
12/02/2015 03:33:00,-49.57,48.56,49.59,V2104_005
12/02/2015 15:32:00,-49.45,49.24,49.24,V2104_005
13/02/2015 03:27:00,-48.2,46.95,48.62,V2104_005
13/02/2015 15:33:00,-49.58,44.06,45.32,V2104_005
14/02/2015 03:30:00,-48.95,42.86,43.53,V2104_005
14/02/2015 15:32:00,-49.33,42.28,42.97,V2104_005
15/02/2015 03:33:00,-49.71,43.77,43.09,V2104_005
15/02/2015 15:33:00,-49.72,44.24,44.24,V2104_005
16/02/2015 03:34:00,-49.85,45.06,45.06,V2104_005
16/02/2015 15:37:00,-50.73,43.1,44.53,V2104_005
17/02/2015 03:35:00,-50.24,42.1,42.86,V2104_005
17/02/2015 15:35:00,-50.25,42.61,42.61,V2104_005
18/02/2015 03:36:00,-50.51,43.89,43.13,V2104_005
18/02/2015 15:34:00,-49.89,46.25,45.53,V2104_005
19/02/2015 03:33:00,-49.65,46.08,46.8,V2104_005
19/02/2015 15:35:00,-50.29,44.76,45.53,V2104_005
20/02/2015 03:32:00,-49.43,42.49,44.14,V2104_005
20/02/2015 15:25:00,-47.82,48.17,45.92,V2104_005
21/02/2015 03:27:00,-48.33,50.19,49.49,V2104_005
21/02/2015 15:37:00,-50.84,42.97,47.15,V2104_005
22/02/2015 03:33:00,-49.73,39.32,41.28,V2104_005
22/02/2015 15:32:00,-49.5,40.94,40.94,V2104_005
23/02/2015 03:32:00,-49.52,41.59,41.59,V2104_005
23/02/2015 15:32:00,-49.53,42.25,42.25,V2104_005
24/02/2015 03:31:00,-49.43,42.44,42.44,V2104_005
24/02/2015 15:29:00,-48.94,45.13,44.15,V2104_005
25/02/2015 03:27:00,-48.46,43.88,44.89,V2104_005
25/02/2015 15:28:00,-48.86,43.05,44.12,V2104_005
26/02/2015 03:31:00,-49.5,46.45,45.43,V2104_005
26/02/2015 15:29:00,-49.02,49.22,48.26,V2104_005
27/02/2015 03:27:00,-48.54,48.11,49.1,V2104_005
27/02/2015 15:28:00,-48.82,47.95,48.98,V2104_005
28/02/2015 03:25:00,-48.09,45.53,47.78,V2104_005
28/02/2015 15:27:00,-48.61,44.02,45.26,V2104_005
01/03/2015 03:27:00,-48.63,44.97,44.97,V2104_005
01/03/2015 15:34:00,-50.53,35.03,41.21,V2104_005
02/03/2015 03:35:00,-50.81,37.58,35.93,V2104_005
02/03/2015 15:31:00,-49.58,46.09,43.25,V2104_005
03/03/2015 03:31:00,-49.61,47.22,47.22,V2104_005
03/03/2015 15:35:00,-50.89,40.69,43.97,V2104_005
04/03/2015 03:35:00,-50.79,40.98,40.98,V2104_005
04/03/2015 15:24:00,-48.19,57.08,50.91,V2104_005
05/03/2015 03:27:00,-48.97,61.38,59.45,V2104_005
05/03/2015 15:33:00,-50.24,57.57,59.8,V2104_005
06/03/2015 03:32:00,-50.15,58.46,58.46,V2104_005
06/03/2015 15:32:00,-50.18,60.01,60.01,V2104_005
07/03/2015 03:27:00,-49.08,55.61,58.5,V2104_005
07/03/2015 15:28:00,-49.36,55.84,57.42,V2104_005
08/03/2015 03:26:00,-48.89,54.3,56.1,V2104_005
08/03/2015 15:34:00,-50.67,39.75,50.18,V2104_005
09/03/2015 03:42:00,-52.83,61.35,53.63,V2104_005
09/03/2015 15:41:00,-52.48,66,64.55,V2104_005
10/03/2015 03:34:00,-51.01,57.74,63.92,V2104_005
10/03/2015 15:38:00,-51.92,51.05,57.06,V2104_005
11/03/2015 03:32:00,-50.58,31.99,45.05,V2104_005
11/03/2015 15:27:00,-49.24,58.52,46.34,V2104_005
12/03/2015 03:26:00,-49.02,59.7,59.7,V2104_005
12/03/2015 15:28:00,-49.55,56.14,61.51,V2104_005
13/03/2015 03:28:00,-49.59,64.76,64.76,V2104_005
13/03/2015 15:29:00,-49.99,67.71,90,V2104_005
14/03/2015 03:32:00,-50.53,90,90,V2104_005
14/03/2015 15:36:00,-51.56,90,90,V2104_005
15/03/2015 03:35:00,-51.47,90,90,V2104_005
15/03/2015 15:33:00,-50.88,90,90,V2104_005
16/03/2015 03:34:00,-51.42,90,90,V2104_005
16/03/2015 15:36:00,-51.83,90,90,V2104_005
17/03/2015 03:30:00,-50.36,90,90,V2104_005
17/03/2015 15:34:00,-51.53,55.08,42.49,V2104_005
18/03/2015 03:43:00,-53.56,90,90,V2104_005
18/03/2015 15:35:00,-51.72,90,90,V2104_005
19/03/2015 03:24:00,-49.13,90,90,V2104_005
19/03/2015 15:30:00,-50.67,43.02,90,V2104_005
20/03/2015 03:35:00,-51.83,90,0.01,V2104_005
20/03/2015 15:35:00,-51.87,90,90,V2104_005
21/03/2015 03:28:00,-50.16,44.02,29.72,V2104_005
21/03/2015 15:29:00,-50.57,46.18,43.16,V2104_005
22/03/2015 03:32:00,-51.23,35.06,39.04,V2104_005
22/03/2015 15:32:00,-51.39,34.83,34.83,V2104_005
23/03/2015 03:50:00,-55.81,90,90,V2104_005
23/03/2015 15:47:00,-55.09,90,90,V2104_005
24/03/2015 03:28:00,-50.38,22.04,90,V2104_005
24/03/2015 15:35:00,-52.29,44.28,34.19,V2104_005
25/03/2015 03:32:00,-51.46,-77.72,45.66,V2104_005
25/03/2015 15:27:00,-50.37,39.05,-78.35,V2104_005
26/03/2015 03:30:00,-51.03,31.14,33.9,V2104_005
26/03/2015 15:32:00,-51.57,35.05,32.53,V2104_005
27/03/2015 03:35:00,-52.36,25.55,28.52,V2104_005
27/03/2015 15:34:00,-52.14,21.23,21.23,V2104_005
28/03/2015 03:29:00,-50.81,34.7,27.59,V2104_005
28/03/2015 15:30:00,-51.09,35.61,33.57,V2104_005
29/03/2015 03:32:00,-51.76,29.18,31.42,V2104_005
29/03/2015 15:30:00,-51.3,23.29,25.82,V2104_005
30/03/2015 03:30:00,-51.46,21.13,21.13,V2104_005
30/03/2015 15:28:00,-50.87,13.39,16.3,V2104_005
31/03/2015 03:21:00,-49.16,29.66,23.26,V2104_005
31/03/2015 15:28:00,-50.95,40.15,34.16,V2104_005
01/04/2015 03:26:00,-50.48,41.84,40.58,V2104_005
01/04/2015 15:26:00,-50.64,41.59,41.59,V2104_005
02/04/2015 03:26:00,-50.68,40.76,40.76,V2104_005
02/04/2015 15:22:00,-49.59,33.97,36.78,V2104_005
03/04/2015 03:23:00,-49.88,31.71,33.2,V2104_005
03/04/2015 15:25:00,-50.42,33.88,32.46,V2104_005
04/04/2015 03:21:00,-49.45,38.27,35.82,V2104_005
04/04/2015 15:21:00,-49.49,37.55,37.55,V2104_005
05/04/2015 03:21:00,-49.53,36.85,36.85,V2104_005
05/04/2015 15:24:00,-50.31,39.49,37.32,V2104_005
06/04/2015 03:19:00,-49.1,43.62,41.8,V2104_005
06/04/2015 15:21:00,-49.63,44.67,43.83,V2104_005
07/04/2015 03:22:00,-50.04,42.77,43.62,V2104_005
07/04/2015 15:18:00,-48.83,37.44,40.36,V2104_005
08/04/2015 03:20:00,-49.36,34.74,35.8,V2104_005
08/04/2015 15:26:00,-51.15,40.94,37.24,V2104_005
09/04/2015 03:22:00,-49.93,44.39,42.85,V2104_005
09/04/2015 15:20:00,-49.47,42.29,43.07,V2104_005
10/04/2015 03:18:00,-49.13,42.9,42.12,V2104_005
10/04/2015 15:21:00,-49.78,44.19,43.47,V2104_005
11/04/2015 03:26:00,-51.19,39.43,41.04,V2104_005
11/04/2015 15:23:00,-50.48,36.33,38.08,V2104_005
12/04/2015 03:21:00,-50.01,37.57,36.71,V2104_005
12/04/2015 15:26:00,-51.42,41.39,39.11,V2104_005
13/04/2015 03:18:00,-49.32,46.49,44.01,V2104_005
13/04/2015 15:18:00,-49.36,46.01,46.01,V2104_005
14/04/2015 03:19:00,-49.51,45.24,45.24,V2104_005
14/04/2015 15:19:00,-49.67,45.08,45.08,V2104_005
15/04/2015 03:23:00,-50.82,41.8,43.09,V2104_005
15/04/2015 15:21:00,-50.23,39.65,40.34,V2104_005
16/04/2015 03:23:00,-50.88,37.41,38.14,V2104_005
16/04/2015 15:26:00,-51.54,38.78,38.07,V2104_005
17/04/2015 03:20:00,-50.07,42.27,40.38,V2104_005
17/04/2015 15:20:00,-50.1,41.86,41.86,V2104_005
18/04/2015 03:21:00,-50.25,41.14,41.14,V2104_005
18/04/2015 15:25:00,-51.4,43.37,41.64,V2104_005
19/04/2015 03:24:00,-51.18,43.53,43.53,V2104_005
19/04/2015 15:16:00,-49.08,38.05,41.15,V2104_005
20/04/2015 03:14:00,-48.74,38.63,37.99,V2104_005
20/04/2015 15:22:00,-50.89,43.19,40.39,V2104_005
21/04/2015 03:21:00,-50.54,43.6,43.08,V2104_005
21/04/2015 15:19:00,-49.94,41.91,42.45,V2104_005
22/04/2015 03:20:00,-50.21,41,41,V2104_005
22/04/2015 15:23:00,-51.24,42.78,41.73,V2104_005
23/04/2015 03:26:00,-52.01,40.85,41.38,V2104_005
23/04/2015 15:27:00,-52.29,41.04,40.5,V2104_005
24/04/2015 03:24:00,-51.43,42.5,42,V2104_005
24/04/2015 15:21:00,-50.58,40.37,41.41,V2104_005
25/04/2015 03:21:00,-50.6,40.04,40.04,V2104_005
25/04/2015 15:17:00,-49.63,37.53,38.65,V2104_005
26/04/2015 03:16:00,-49.4,37.78,37.78,V2104_005
26/04/2015 15:18:00,-49.92,38.56,38.02,V2104_005
27/04/2015 03:17:00,-49.81,38.52,38.52,V2104_005
27/04/2015 15:21:00,-50.83,40.27,39.27,V2104_005
28/04/2015 03:15:00,-49.35,42.8,41.89,V2104_005
28/04/2015 15:18:00,-49.99,43.6,42.73,V2104_005
29/04/2015 03:22:00,-51.01,41.54,42.44,V2104_005
29/04/2015 15:23:00,-51.53,42.15,41.7,V2104_005
30/04/2015 03:22:00,-51.05,42.74,42.31,V2104_005
30/04/2015 15:16:00,-49.69,40,41.37,V2104_005
01/05/2015 03:15:00,-49.45,40.19,40.19,V2104_005
01/05/2015 15:22:00,-51.22,42.97,41.27,V2104_005
02/05/2015 03:22:00,-51.36,42.49,42.49,V2104_005
02/05/2015 15:21:00,-51,41.6,42.02,V2104_005
03/05/2015 03:20:00,-50.64,41.97,41.56,V2104_005
03/05/2015 15:17:00,-49.9,40.45,41.3,V2104_005
04/05/2015 03:18:00,-50.29,39.53,39.98,V2104_005
04/05/2015 15:24:00,-51.8,41.83,40.16,V2104_005
05/05/2015 03:21:00,-51.06,42.78,42.39,V2104_005
05/05/2015 15:18:00,-50.32,41.35,42.15,V2104_005
06/05/2015 03:18:00,-50.21,41.32,41.32,V2104_005
06/05/2015 15:22:00,-51.22,42.64,41.87,V2104_005
07/05/2015 03:20:00,-50.73,43.16,42.79,V2104_005
07/05/2015 15:22:00,-51.36,43.84,43.12,V2104_005
08/05/2015 03:20:00,-50.87,44.31,43.97,V2104_005
08/05/2015 15:17:00,-50.12,43.04,43.75,V2104_005
09/05/2015 03:21:00,-51.01,41.52,41.9,V2104_005
09/05/2015 15:22:00,-51.51,42.06,41.69,V2104_005
10/05/2015 03:19:00,-50.64,43.1,42.75,V2104_005
10/05/2015 15:13:00,-49.27,40.89,42.01,V2104_005
11/05/2015 03:22:00,-51.28,37.49,38.73,V2104_005
11/05/2015 15:29:00,-53.15,40.3,38.33,V2104_005
12/05/2015 03:22:00,-51.28,42.81,41.76,V2104_005
12/05/2015 15:11:00,-48.79,38.94,41.21,V2104_005
13/05/2015 03:17:00,-50.04,36.72,37.55,V2104_005
13/05/2015 15:22:00,-51.41,38.76,37.56,V2104_005
14/05/2015 03:17:00,-50.16,40.46,39.72,V2104_005
14/05/2015 15:26:00,-52.41,43.36,41.34,V2104_005
15/05/2015 03:23:00,-51.66,44.13,43.82,V2104_005
15/05/2015 15:19:00,-50.54,42.51,43.48,V2104_005
16/05/2015 03:29:00,-53.29,38.44,39.92,V2104_005
16/05/2015 15:28:00,-53.03,37.88,38.27,V2104_005
17/05/2015 03:23:00,-51.66,39.76,39.03,V2104_005
17/05/2015 15:27:00,-52.78,41.16,40.12,V2104_005
18/05/2015 03:25:00,-52.27,41.66,41.33,V2104_005
18/05/2015 15:26:00,-52.39,41.66,41.66,V2104_005
19/05/2015 03:18:00,-50.39,44,43.09,V2104_005
19/05/2015 15:21:00,-51.13,44.71,44.13,V2104_005
20/05/2015 03:23:00,-51.63,43.98,44.27,V2104_005
20/05/2015 15:18:00,-50.37,42.32,43.24,V2104_005
21/05/2015 03:15:00,-49.61,43.09,42.79,V2104_005
21/05/2015 15:17:00,-50.1,43.53,43.24,V2104_005
22/05/2015 03:16:00,-49.84,43.68,43.68,V2104_005
22/05/2015 15:10:00,-48.34,41.74,42.96,V2104_005
23/05/2015 03:15:00,-49.58,40,40.65,V2104_005
23/05/2015 15:24:00,-51.82,42.68,40.84,V2104_005
24/05/2015 03:18:00,-50.18,44.4,43.84,V2104_005
24/05/2015 15:19:00,-50.42,44.54,44.27,V2104_005
25/05/2015 03:12:00,-48.91,45.98,45.47,V2104_005
25/05/2015 15:01:00,-46.14,42.89,44.82,V2104_005
26/05/2015 03:04:00,-46.76,42.04,42.34,V2104_005
26/05/2015 15:10:00,-48.24,43.63,42.5,V2104_005
27/05/2015 03:08:00,-47.73,44.06,43.79,V2104_005
27/05/2015 15:12:00,-48.72,44.99,44.21,V2104_005
28/05/2015 03:10:00,-48.2,45.39,45.14,V2104_005
28/05/2015 15:16:00,-49.56,46.61,45.65,V2104_005
29/05/2015 03:11:00,-48.29,47.65,47.2,V2104_005
29/05/2015 15:13:00,-48.9,48.1,47.66,V2104_005
30/05/2015 02:58:00,-45.14,50.98,50.04,V2104_005
30/05/2015 14:55:00,-44.37,50.32,50.7,V2104_005
31/05/2015 03:00:00,-45.73,49.15,49.55,V2104_005
31/05/2015 15:08:00,-47.71,50.6,49.65,V2104_005
01/06/2015 02:56:00,-44.44,52.74,52.09,V2104_005
01/06/2015 15:09:00,-47.67,54.58,53.27,V2104_005
02/06/2015 03:08:00,-47.4,54.64,54.64,V2104_005
04/09/2014 02:16:00,-34.33,54.02,54.02,V2104_006
04/09/2014 16:44:00,-71.13,77.34,69.13,V2104_006
05/09/2014 04:46:00,-71.79,77.46,77.5,V2104_006
05/09/2014 16:55:00,-74.09,78.06,77.78,V2104_006
06/09/2014 04:53:00,-73.75,78.34,78.34,V2104_006
06/09/2014 16:34:00,-69.05,77.8,78.42,V2104_006
07/09/2014 04:40:00,-70.46,77.79,77.84,V2104_006
07/09/2014 16:39:00,-70.26,78,78.04,V2104_006
08/09/2014 04:41:00,-70.8,78.15,78.2,V2104_006
08/09/2014 16:29:00,-67.72,77.78,78.24,V2104_006
09/09/2014 04:39:00,-70.38,77.45,77.63,V2104_006
09/09/2014 16:20:00,-65.8,76.46,77.38,V2104_006
10/09/2014 04:31:00,-68.6,75.87,76.13,V2104_006
10/09/2014 16:31:00,-68.64,76.2,76.2,V2104_006
11/09/2014 04:42:00,-71.31,75.56,75.85,V2104_006
11/09/2014 16:30:00,-68.48,74.65,75.55,V2104_006
12/09/2014 04:33:00,-69.15,74.74,74.86,V2104_006
12/09/2014 16:47:00,-72.69,76.63,75.71,V2104_006
13/09/2014 04:51:00,-73.61,76.66,76.75,V2104_006
13/09/2014 16:58:00,-75.66,77.74,77.22,V2104_006
14/09/2014 04:46:00,-72.58,78.99,78.72,V2104_006
14/09/2014 16:39:00,-70.74,78.8,79.15,V2104_006
15/09/2014 04:51:00,-73.79,78.22,78.55,V2104_006
15/09/2014 16:45:00,-72.46,78.11,78.46,V2104_006
16/09/2014 04:52:00,-74.25,77.84,78.04,V2104_006
16/09/2014 16:43:00,-72.17,77.35,77.89,V2104_006
17/09/2014 04:56:00,-75.34,76.21,76.9,V2104_006
17/09/2014 16:51:00,-74.14,75.97,76.42,V2104_006
18/09/2014 04:58:00,-76.06,75.25,75.78,V2104_006
18/09/2014 16:53:00,-74.85,74.88,75.46,V2104_006
19/09/2014 04:52:00,-74.4,75.86,75.68,V2104_006
19/09/2014 16:53:00,-74.82,76.72,76.55,V2104_006
20/09/2014 04:55:00,-75.36,76.98,-84.15,V2104_006
20/09/2014 16:45:00,-72.9,75.68,76.88,V2104_006
21/09/2014 04:43:00,-72.45,76.78,76.58,V2104_006
21/09/2014 16:48:00,-73.74,78.33,77.83,V2104_006
22/09/2014 05:04:00,-77.79,-78.74,-80.01,V2104_006
22/09/2014 16:40:00,-71.71,-67.98,73.44,V2104_006
23/09/2014 04:29:00,-69,73.28,-70.53,V2104_006
23/09/2014 16:34:00,-70.54,76.38,-73.08,V2104_006
24/09/2014 04:23:00,-67.59,-76.61,78.95,V2104_006
24/09/2014 15:52:00,-60,70.38,-71.76,V2104_006
25/09/2014 03:51:00,-59.92,-59.87,-59.87,V2104_006
25/09/2014 15:48:00,-59.21,-54.78,73.27,V2104_006
26/09/2014 03:45:00,-58.38,-57.63,-55.28,V2104_006
26/09/2014 15:51:00,-60.05,-62.28,-58.88,V2104_006
27/09/2014 03:53:00,-60.47,-59.93,-60.75,V2104_006
27/09/2014 15:43:00,-58.01,-46.58,-53.69,V2104_006
28/09/2014 03:46:00,-58.93,-38.2,-42.43,V2104_006
28/09/2014 15:43:00,-57.97,-25.7,-31.77,V2104_006
29/09/2014 03:41:00,-57.51,-30.48,81.67,V2104_006
29/09/2014 15:45:00,-58.68,-39.46,-35.36,V2104_006
30/09/2014 03:46:00,-58.97,-36.28,-38.25,V2104_006
30/09/2014 15:33:00,-55.76,10.73,-19.76,V2104_006
01/10/2014 03:45:00,-58.8,80.08,48.14,V2104_006
01/10/2014 15:36:00,-56.59,83.65,80.75,V2104_006
02/10/2014 03:44:00,-58.51,83.79,82.26,V2104_006
02/10/2014 15:49:00,-60.05,78.23,80.17,V2104_006
03/10/2014 03:47:00,-59.46,72.89,74.01,V2104_006
03/10/2014 15:43:00,-58.37,74.71,72.89,V2104_006
04/10/2014 03:45:00,-58.91,74.09,73.3,V2104_006
04/10/2014 15:44:00,-58.83,72.47,72.47,V2104_006
05/10/2014 04:03:00,-63.62,79.66,76.18,V2104_006
05/10/2014 15:57:00,-62.15,80.05,79.35,V2104_006
06/10/2014 03:34:00,-56.44,68.76,75.72,V2104_006
06/10/2014 15:36:00,-56.85,65.79,66.71,V2104_006
07/10/2014 03:47:00,-59.76,72.34,68.75,V2104_006
07/10/2014 15:39:00,-57.67,74.82,73.27,V2104_006
08/10/2014 03:47:00,-59.83,76.47,75.01,V2104_006
08/10/2014 15:38:00,-57.62,77.76,76.89,V2104_006
09/10/2014 03:36:00,-57.28,76.7,76.92,V2104_006
09/10/2014 15:43:00,-58.81,74.4,75.22,V2104_006
10/10/2014 03:44:00,-59.22,74.03,73.74,V2104_006
10/10/2014 15:27:00,-55.13,77.07,75.69,V2104_006
11/10/2014 03:24:00,-54.29,75.78,76.18,V2104_006
11/10/2014 15:32:00,-56.19,73.35,74.12,V2104_006
12/10/2014 03:38:00,-57.73,74.17,73.19,V2104_006
12/10/2014 15:41:00,-58.63,72.65,73.17,V2104_006
13/10/2014 03:34:00,-56.79,69.72,71.01,V2104_006
13/10/2014 15:31:00,-56.19,69.86,69.53,V2104_006
14/10/2014 03:38:00,-57.85,71.14,69.97,V2104_006
14/10/2014 15:37:00,-57.75,70.65,70.65,V2104_006
15/10/2014 03:37:00,-57.78,70.04,70.04,V2104_006
15/10/2014 15:30:00,-55.93,71.42,70.68,V2104_006
16/10/2014 03:30:00,-56.09,70.99,70.99,V2104_006
16/10/2014 15:33:00,-56.86,69.67,69.94,V2104_006
17/10/2014 03:37:00,-57.89,70.15,69.65,V2104_006
17/10/2014 15:39:00,-58.41,69.11,69.37,V2104_006
18/10/2014 03:32:00,-56.69,66.53,67.74,V2104_006
18/10/2014 15:27:00,-55.46,67.5,66.91,V2104_006
19/10/2014 03:35:00,-57.49,69.09,67.81,V2104_006
19/10/2014 15:32:00,-56.76,69.31,69.08,V2104_006
20/10/2014 03:35:00,-57.53,69.52,69.07,V2104_006
20/10/2014 15:33:00,-57.05,69.5,69.29,V2104_006
21/10/2014 03:30:00,-56.32,68.39,68.84,V2104_006
21/10/2014 15:26:00,-55.47,68.73,68.51,V2104_006
22/10/2014 03:28:00,-55.99,68.74,68.52,V2104_006
22/10/2014 15:27:00,-55.63,68.63,68.42,V2104_006
23/10/2014 03:33:00,-57.03,69.33,68.73,V2104_006
23/10/2014 15:34:00,-57.54,68.53,68.73,V2104_006
24/10/2014 03:26:00,-55.56,66.38,67.51,V2104_006
24/10/2014 15:27:00,-55.7,65.84,65.84,V2104_006
25/10/2014 03:45:00,-60.34,69.27,66.93,V2104_006
25/10/2014 15:44:00,-59.86,69.26,69.08,V2104_006
26/10/2014 03:33:00,-57.12,66.81,68.19,V2104_006
26/10/2014 15:26:00,-55.63,67.65,67.26,V2104_006
27/10/2014 03:31:00,-56.77,68.13,67.58,V2104_006
27/10/2014 15:33:00,-57.28,67.42,67.6,V2104_006
28/10/2014 03:36:00,-58.04,67.62,67.26,V2104_006
28/10/2014 15:28:00,-56.18,68.58,68.08,V2104_006
29/10/2014 03:33:00,-57.31,68.96,68.5,V2104_006
29/10/2014 15:34:00,-57.44,68.58,68.58,V2104_006
30/10/2014 03:32:00,-56.95,67.96,68.12,V2104_006
30/10/2014 15:27:00,-55.96,68.28,68.13,V2104_006
31/10/2014 03:34:00,-57.46,68.87,68.29,V2104_006
31/10/2014 15:32:00,-56.97,68.86,68.73,V2104_006
01/11/2014 03:34:00,-57.47,68.86,68.72,V2104_006
01/11/2014 15:37:00,-58.23,68.16,68.31,V2104_006
02/11/2014 03:34:00,-57.6,67.52,67.82,V2104_006
02/11/2014 15:29:00,-56.23,68.05,67.76,V2104_006
03/11/2014 03:31:00,-56.73,68.06,67.92,V2104_006
03/11/2014 15:32:00,-57.11,67.59,67.59,V2104_006
04/11/2014 03:28:00,-56.11,66.74,67.18,V2104_006
04/11/2014 15:23:00,-54.85,67.21,66.92,V2104_006
05/11/2014 03:34:00,-57.48,68.35,67.44,V2104_006
05/11/2014 15:32:00,-56.97,68.35,68.23,V2104_006
06/11/2014 03:30:00,-56.47,67.87,67.99,V2104_006
06/11/2014 15:24:00,-55.09,68.3,68.07,V2104_006
07/11/2014 03:28:00,-56.21,68.59,68.25,V2104_006
07/11/2014 15:31:00,-56.95,68.02,68.14,V2104_006
08/11/2014 03:30:00,-56.69,67.68,67.8,V2104_006
08/11/2014 15:32:00,-57.18,67.22,67.34,V2104_006
09/11/2014 03:33:00,-57.42,67.12,67,V2104_006
09/11/2014 15:27:00,-55.91,67.62,67.39,V2104_006
10/11/2014 03:34:00,-57.53,68.12,67.58,V2104_006
10/11/2014 15:35:00,-57.77,67.81,67.81,V2104_006
11/11/2014 03:33:00,-57.13,67.34,67.56,V2104_006
11/11/2014 15:37:00,-58.36,66.55,66.67,V2104_006
12/11/2014 03:42:00,-59.47,66.88,66.52,V2104_006
12/11/2014 15:39:00,-58.71,67.02,66.91,V2104_006
13/11/2014 03:37:00,-58.07,66.54,66.77,V2104_006
13/11/2014 15:24:00,-55.05,67.65,67.34,V2104_006
14/11/2014 03:25:00,-55.16,67.52,67.52,V2104_006
14/11/2014 15:31:00,-56.51,66.76,66.97,V2104_006
15/11/2014 03:38:00,-58.24,67.3,66.79,V2104_006
15/11/2014 15:42:00,-59.22,66.72,66.82,V2104_006
16/11/2014 03:44:00,-59.7,66.75,66.65,V2104_006
16/11/2014 15:27:00,-55.68,68.1,67.74,V2104_006
17/11/2014 03:24:00,-54.78,67.63,67.89,V2104_006
17/11/2014 15:30:00,-56.25,66.9,67.09,V2104_006
18/11/2014 03:33:00,-56.85,66.98,66.79,V2104_006
18/11/2014 15:36:00,-57.7,66.48,66.58,V2104_006
19/11/2014 03:34:00,-57.17,66.12,66.32,V2104_006
19/11/2014 15:31:00,-56.27,66.32,66.22,V2104_006
20/11/2014 03:36:00,-57.49,66.64,66.26,V2104_006
20/11/2014 15:10:00,-51.09,68.57,68.14,V2104_006
21/11/2014 03:14:00,-52.06,68.71,68.51,V2104_006
21/11/2014 15:23:00,-54.28,67.94,68.08,V2104_006
22/11/2014 03:18:00,-52.87,67.37,67.69,V2104_006
22/11/2014 15:29:00,-55.84,66.2,66.48,V2104_006
23/11/2014 03:45:00,-59.8,67.42,66.43,V2104_006
23/11/2014 15:36:00,-57.39,67.99,67.85,V2104_006
24/11/2014 03:25:00,-54.61,67.05,67.73,V2104_006
24/11/2014 15:23:00,-54.07,67.08,67,V2104_006
25/11/2014 03:25:00,-54.53,67.11,67.04,V2104_006
25/11/2014 15:35:00,-56.87,66.22,66.39,V2104_006
26/11/2014 03:30:00,-55.71,65.71,66.06,V2104_006
26/11/2014 15:34:00,-56.79,65.17,65.27,V2104_006
27/11/2014 03:41:00,-58.25,65.6,65.24,V2104_006
27/11/2014 15:39:00,-57.71,65.67,65.58,V2104_006
28/11/2014 03:37:00,-57.29,65.42,65.51,V2104_006
28/11/2014 15:34:00,-56.38,65.62,65.53,V2104_006
29/11/2014 03:20:00,-52.84,64.21,65.25,V2104_006
29/11/2014 15:23:00,-53.67,63.73,63.84,V2104_006
30/11/2014 03:27:00,-54.62,64.04,63.73,V2104_006
30/11/2014 15:18:00,-52.2,64.85,64.66,V2104_006
01/12/2014 03:33:00,-56.03,66.05,65.06,V2104_006
01/12/2014 15:43:00,-58.48,65.14,65.31,V2104_006
02/12/2014 03:47:00,-59.44,65.38,65.13,V2104_006
02/12/2014 15:43:00,-58.26,65.65,65.58,V2104_006
03/12/2014 03:37:00,-56.84,65.12,65.45,V2104_006
03/12/2014 15:30:00,-55.17,65.56,65.4,V2104_006
04/12/2014 03:35:00,-56.37,65.86,65.56,V2104_006
04/12/2014 15:34:00,-55.82,65.93,65.93,V2104_006
05/12/2014 03:44:00,-58.26,66.54,66,V2104_006
05/12/2014 15:40:00,-57.34,66.69,66.63,V2104_006
06/12/2014 03:27:00,-54.04,65.74,66.5,V2104_006
06/12/2014 15:38:00,-56.73,64.81,64.98,V2104_006
07/12/2014 03:38:00,-56.55,64.7,64.79,V2104_006
07/12/2014 15:42:00,-57.5,64.29,64.38,V2104_006
08/12/2014 03:40:00,-56.95,64.05,64.23,V2104_006
08/12/2014 15:40:00,-56.89,63.99,63.99,V2104_006
09/12/2014 03:42:00,-57.34,64.1,64.01,V2104_006
09/12/2014 15:40:00,-56.78,64.22,64.13,V2104_006
10/12/2014 03:50:00,-59.47,65.05,64.41,V2104_006
10/12/2014 15:44:00,-57.79,65.47,65.4,V2104_006
11/12/2014 03:34:00,-55.36,64.71,65.32,V2104_006
11/12/2014 15:43:00,-57.43,63.96,64.13,V2104_006
12/12/2014 03:45:00,-57.87,64.08,64,V2104_006
12/12/2014 15:40:00,-56.56,64.45,64.37,V2104_006
13/12/2014 03:33:00,-54.63,63.78,64.29,V2104_006
13/12/2014 15:29:00,-53.82,64,63.91,V2104_006
14/12/2014 03:44:00,-57.38,65.1,64.25,V2104_006
14/12/2014 15:40:00,-56.32,65.35,65.28,V2104_006
15/12/2014 03:38:00,-55.77,65.18,65.32,V2104_006
15/12/2014 15:50:00,-58.83,64.19,64.43,V2104_006
16/12/2014 03:48:00,-58.14,63.96,64.12,V2104_006
16/12/2014 15:47:00,-57.96,63.97,63.97,V2104_006
17/12/2014 03:44:00,-56.9,63.61,63.87,V2104_006
17/12/2014 15:35:00,-54.71,64.3,64.14,V2104_006
18/12/2014 03:34:00,-54.28,64.16,64.24,V2104_006
18/12/2014 15:36:00,-54.71,63.98,63.98,V2104_006
19/12/2014 03:36:00,-54.65,63.96,63.96,V2104_006
19/12/2014 15:38:00,-55.22,63.74,63.83,V2104_006
20/12/2014 03:31:00,-53.53,63.16,63.6,V2104_006
20/12/2014 15:31:00,-53.34,63.2,63.2,V2104_006
21/12/2014 03:29:00,-52.78,63.01,63.19,V2104_006
21/12/2014 15:34:00,-53.97,62.53,62.63,V2104_006
22/12/2014 03:40:00,-55.41,63.1,62.72,V2104_006
22/12/2014 15:35:00,-54.22,63.5,63.42,V2104_006
23/12/2014 03:43:00,-56.03,64.14,63.64,V2104_006
23/12/2014 15:39:00,-54.84,64.5,64.42,V2104_006
24/12/2014 03:39:00,-54.91,64.54,64.54,V2104_006
24/12/2014 15:45:00,-56.22,64.12,64.2,V2104_006
25/12/2014 03:48:00,-57.03,64.41,64.18,V2104_006
25/12/2014 15:55:00,-58.72,63.87,64.03,V2104_006
26/12/2014 04:01:00,-60.03,64.33,64.01,V2104_006
26/12/2014 15:48:00,-56.85,65.28,65.07,V2104_006
27/12/2014 03:45:00,-55.91,65.05,65.26,V2104_006
27/12/2014 15:59:00,-59.47,63.95,64.2,V2104_006
28/12/2014 03:47:00,-56.54,62.96,63.77,V2104_006
28/12/2014 15:47:00,-56.48,62.99,62.99,V2104_006
29/12/2014 03:56:00,-58.66,63.83,63.21,V2104_006
29/12/2014 16:06:00,-60.98,63.01,63.2,V2104_006
30/12/2014 04:00:00,-59.29,62.41,62.91,V2104_006
30/12/2014 15:52:00,-57.36,63.18,63,V2104_006
31/12/2014 03:58:00,-58.8,63.77,63.41,V2104_006
31/12/2014 15:57:00,-58.61,63.86,63.86,V2104_006
01/01/2015 03:51:00,-57.05,63.37,63.82,V2104_006
01/01/2015 15:56:00,-58.12,62.99,63.09,V2104_006
02/01/2015 03:51:00,-56.94,62.59,62.99,V2104_006
02/01/2015 15:49:00,-56.25,62.9,62.8,V2104_006
03/01/2015 03:52:00,-56.94,63.25,63.06,V2104_006
03/01/2015 15:55:00,-57.51,63.07,63.17,V2104_006
04/01/2015 03:48:00,-55.96,62.52,63.03,V2104_006
04/01/2015 15:52:00,-56.65,62.27,62.38,V2104_006
05/01/2015 03:51:00,-56.47,62.28,62.39,V2104_006
05/01/2015 15:38:00,-53.04,63.72,63.43,V2104_006
06/01/2015 03:28:00,-50.73,62.9,63.6,V2104_006
06/01/2015 15:43:00,-54.18,61.42,61.89,V2104_006
07/01/2015 04:02:00,-58.99,63.61,62.14,V2104_006
07/01/2015 15:55:00,-57.19,64.34,64.16,V2104_006
08/01/2015 03:41:00,-53.64,63.07,64.15,V2104_006
08/01/2015 15:43:00,-53.96,63,63,V2104_006
09/01/2015 03:42:00,-53.66,62.98,63.09,V2104_006
09/01/2015 15:54:00,-56.61,61.7,62.06,V2104_006
10/01/2015 03:48:00,-55.3,61.17,61.68,V2104_006
10/01/2015 15:46:00,-54.63,61.59,61.46,V2104_006
11/01/2015 03:46:00,-54.7,61.75,61.75,V2104_006
11/01/2015 15:50:00,-55.65,61.35,61.48,V2104_006
12/01/2015 03:50:00,-55.6,61.46,61.46,V2104_006
12/01/2015 15:50:00,-55.56,61.57,61.57,V2104_006
13/01/2015 03:46:00,-54.38,61.09,61.49,V2104_006
13/01/2015 15:52:00,-55.84,60.37,60.65,V2104_006
14/01/2015 03:54:00,-56.29,60.78,60.63,V2104_006
14/01/2015 15:53:00,-55.87,61.11,60.97,V2104_006
15/01/2015 03:44:00,-53.7,60,60.88,V2104_006
15/01/2015 15:40:00,-52.66,60.72,60.58,V2104_006
16/01/2015 03:51:00,-55.49,62.42,61.36,V2104_006
16/01/2015 15:56:00,-56.44,62.03,62.16,V2104_006
17/01/2015 03:59:00,-57.28,62.62,62.36,V2104_006
17/01/2015 16:03:00,-58.11,62.31,62.44,V2104_006
18/01/2015 03:48:00,-54.57,60.45,61.91,V2104_006
18/01/2015 15:47:00,-54.28,60.75,60.75,V2104_006
19/01/2015 03:48:00,-54.49,61.05,60.9,V2104_006
19/01/2015 15:42:00,-52.83,62.14,61.86,V2104_006
20/01/2015 03:42:00,-52.79,62.29,62.29,V2104_006
20/01/2015 15:39:00,-52,62.85,62.72,V2104_006
21/01/2015 03:35:00,-50.97,62.47,62.87,V2104_006
21/01/2015 15:47:00,-54.06,60.76,61.39,V2104_006
22/01/2015 03:49:00,-54.4,61.17,61.01,V2104_006
22/01/2015 15:48:00,-54.11,61.5,61.5,V2104_006
23/01/2015 03:42:00,-52.58,60.71,61.36,V2104_006
23/01/2015 15:42:00,-52.42,60.97,60.97,V2104_006
24/01/2015 03:47:00,-53.89,62.1,61.48,V2104_006
24/01/2015 15:49:00,-54.36,61.98,62.13,V2104_006
25/01/2015 03:54:00,-55.33,62.77,62.32,V2104_006
25/01/2015 15:50:00,-54.43,63.46,63.32,V2104_006
26/01/2015 03:46:00,-53.4,63.07,63.5,V2104_006
26/01/2015 15:58:00,-56.5,61.27,61.95,V2104_006
27/01/2015 03:58:00,-56.34,61.39,61.39,V2104_006
27/01/2015 15:54:00,-55.32,62.27,62.1,V2104_006
28/01/2015 03:45:00,-53.17,61.01,62.06,V2104_006
28/01/2015 15:47:00,-53.65,60.86,61.04,V2104_006
29/01/2015 03:47:00,-53.5,60.98,60.98,V2104_006
29/01/2015 15:49:00,-54.1,60.73,60.92,V2104_006
30/01/2015 03:58:00,-56.2,62.5,61.43,V2104_006
30/01/2015 15:49:00,-53.93,64.16,63.7,V2104_006
31/01/2015 03:41:00,-51.79,63.03,63.99,V2104_006
31/01/2015 15:50:00,-54.14,61.57,62.13,V2104_006
01/02/2015 03:55:00,-55.25,62.64,62.09,V2104_006
01/02/2015 15:56:00,-55.73,62.52,62.7,V2104_006
02/02/2015 03:56:00,-55.47,62.58,62.76,V2104_006
02/02/2015 15:46:00,-53.08,64.45,63.96,V2104_006
03/02/2015 03:44:00,-52.44,64.28,64.61,V2104_006
03/02/2015 15:57:00,-55.92,62.01,62.97,V2104_006
04/02/2015 03:53:00,-54.66,61.24,61.87,V2104_006
04/02/2015 15:53:00,-54.77,61.41,61.41,V2104_006
05/02/2015 03:56:00,-55.39,62.21,61.79,V2104_006
05/02/2015 15:57:00,-55.75,62.18,62.39,V2104_006
06/02/2015 03:55:00,-55.24,62.04,62.25,V2104_006
06/02/2015 15:56:00,-55.49,62.12,62.12,V2104_006
07/02/2015 03:56:00,-55.35,62.31,62.31,V2104_006
07/02/2015 15:58:00,-55.85,62.17,62.39,V2104_006
08/02/2015 03:50:00,-53.96,60.71,61.91,V2104_006
08/02/2015 15:52:00,-54.58,60.4,60.66,V2104_006
09/02/2015 03:56:00,-55.58,61.73,61.24,V2104_006
09/02/2015 15:57:00,-55.83,61.81,61.81,V2104_006
10/02/2015 03:46:00,-53.07,59.22,61.14,V2104_006
10/02/2015 15:43:00,-52.2,60.56,60.28,V2104_006
11/02/2015 03:43:00,-52.07,60.77,60.77,V2104_006
11/02/2015 15:42:00,-51.82,61.4,61.4,V2104_006
12/02/2015 03:37:00,-50.57,60.37,61.22,V2104_006
12/02/2015 15:35:00,-50.2,61.17,60.89,V2104_006
13/02/2015 03:42:00,-51.82,63.26,62.24,V2104_006
13/02/2015 15:45:00,-52.7,62.75,63,V2104_006
14/02/2015 03:34:00,-49.95,59.95,62.05,V2104_006
14/02/2015 15:28:00,-48.58,62.02,61.43,V2104_006
15/02/2015 03:31:00,-49.09,62.97,62.7,V2104_006
15/02/2015 15:31:00,-49.22,63.24,63.24,V2104_006
16/02/2015 03:28:00,-48.6,62.96,63.24,V2104_006
16/02/2015 15:26:00,-48.11,63.93,63.66,V2104_006
17/02/2015 03:26:00,-48.12,64.35,64.35,V2104_006
17/02/2015 15:30:00,-49.12,63.68,64.24,V2104_006
18/02/2015 03:24:00,-47.51,62.14,63.39,V2104_006
18/02/2015 15:29:00,-48.77,60.91,61.61,V2104_006
19/02/2015 03:22:00,-46.9,58.47,60.09,V2104_006
19/02/2015 15:18:00,-46.04,60.41,60.02,V2104_006
20/02/2015 03:19:00,-46.18,61.12,61.12,V2104_006
20/02/2015 15:15:00,-45.32,62.91,62.56,V2104_006
21/02/2015 03:23:00,-47.46,66.07,64.58,V2104_006
21/02/2015 15:30:00,-49.09,64.62,65.55,V2104_006
22/02/2015 03:27:00,-48.36,64.16,64.82,V2104_006
22/02/2015 15:31:00,-49.38,63.29,64.02,V2104_006
23/02/2015 03:26:00,-48.27,62.1,63.3,V2104_006
23/02/2015 15:24:00,-47.78,63.5,63.11,V2104_006
24/02/2015 03:18:00,-46.18,61.37,63.11,V2104_006
24/02/2015 15:20:00,-46.69,61.09,61.57,V2104_006
25/02/2015 03:24:00,-47.71,63.56,62.69,V2104_006
25/02/2015 15:28:00,-48.86,62.22,63.14,V2104_006
26/02/2015 03:24:00,-47.75,60.66,61.7,V2104_006
26/02/2015 15:16:00,-45.77,65.15,63.85,V2104_006
27/02/2015 03:23:00,-47.67,68.57,67.2,V2104_006
27/02/2015 15:32:00,-49.69,66.37,67.52,V2104_006
28/02/2015 03:24:00,-47.96,63.97,65.84,V2104_006
28/02/2015 15:28:00,-48.86,62.95,64.02,V2104_006
01/03/2015 03:24:00,-48.01,61.76,62.96,V2104_006
01/03/2015 15:29:00,-49.16,59.67,61.07,V2104_006
02/03/2015 03:32:00,-49.81,62.36,61.7,V2104_006
02/03/2015 15:31:00,-49.71,63.64,63.64,V2104_006
03/03/2015 03:25:00,-48.36,60.84,63.02,V2104_006
03/03/2015 15:24:00,-48.01,63.03,62.31,V2104_006
04/03/2015 03:30:00,-49.54,67.79,66.09,V2104_006
04/03/2015 15:35:00,-50.69,66.26,67.46,V2104_006
05/03/2015 03:32:00,-50.09,65.76,66.44,V2104_006
05/03/2015 15:27:00,-48.99,69.66,68.54,V2104_006
06/03/2015 03:21:00,-47.4,66.84,68.83,V2104_006
06/03/2015 15:26:00,-48.8,63.71,66.33,V2104_006
07/03/2015 03:24:00,-48.21,62.74,63.79,V2104_006
07/03/2015 15:21:00,-47.36,67.69,65.91,V2104_006
08/03/2015 03:22:00,-47.89,70.81,70.09,V2104_006
08/03/2015 15:27:00,-49.05,68.96,70.63,V2104_006
09/03/2015 03:25:00,-48.58,68.99,69.94,V2104_006
09/03/2015 15:03:00,-43.23,81.08,78.07,V2104_006
10/03/2015 02:58:00,-41.76,80.81,81.57,V2104_006
10/03/2015 15:19:00,-47.17,69.16,78.09,V2104_006
11/03/2015 03:17:00,-46.58,68.39,70.07,V2104_006
11/03/2015 15:17:00,-46.61,72.16,72.16,V2104_006
12/03/2015 03:20:00,-47.39,79.77,77.75,V2104_006
12/03/2015 15:13:00,-45.68,86.17,85.38,V2104_006
13/03/2015 03:07:00,-44.33,88.22,88.59,V2104_006
13/03/2015 15:17:00,-46.74,90,85.74,V2104_006
14/03/2015 03:19:00,-47.4,90,90,V2104_006
14/03/2015 15:22:00,-48.06,90,90,V2104_006
15/03/2015 03:15:00,-46.47,90,90,V2104_006
15/03/2015 15:15:00,-46.38,90,90,V2104_006
16/03/2015 03:11:00,-45.54,90,90,V2104_006
16/03/2015 15:10:00,-45.33,90,90,V2104_006
17/03/2015 03:10:00,-45.36,90,90,V2104_006
17/03/2015 15:12:00,-45.9,90,90,V2104_006
18/03/2015 03:18:00,-47.31,90,90,V2104_006
18/03/2015 15:18:00,-47.35,90,90,V2104_006
19/03/2015 03:10:00,-45.51,90,90,V2104_006
19/03/2015 15:08:00,-45.04,90,90,V2104_006
20/03/2015 03:07:00,-44.71,90,90,V2104_006
20/03/2015 15:11:00,-45.87,38.77,24.88,V2104_006
21/03/2015 03:11:00,-45.9,-38,-38,V2104_006
21/03/2015 15:15:00,-46.94,47.58,41.51,V2104_006
22/03/2015 03:04:00,-44.35,-69.63,56.34,V2104_006
22/03/2015 15:01:00,-43.64,-68.91,-70.5,V2104_006
23/03/2015 03:09:00,-45.55,-61.86,50.34,V2104_006
23/03/2015 15:10:00,-45.84,42.03,-64.52,V2104_006
24/03/2015 03:06:00,-44.88,48.8,44.94,V2104_006
24/03/2015 15:09:00,-45.67,52,48.94,V2104_006
25/03/2015 03:01:00,-43.7,59.52,55.63,V2104_006
25/03/2015 14:59:00,-43.12,55.98,-81.92,V2104_006
26/03/2015 02:59:00,-43.28,54.25,54.25,V2104_006
26/03/2015 14:59:00,-43.32,53.07,53.07,V2104_006
27/03/2015 02:55:00,-42.35,55.95,54.05,V2104_006
27/03/2015 14:57:00,-42.77,56.22,55.35,V2104_006
28/03/2015 03:04:00,-44.68,47.22,50.81,V2104_006
28/03/2015 15:09:00,-45.97,51.86,48.6,V2104_006
29/03/2015 03:06:00,-45.26,53.69,52.79,V2104_006
29/03/2015 15:04:00,-44.92,51.37,52.3,V2104_006
30/03/2015 02:56:00,-42.71,57.61,54.77,V2104_006
30/03/2015 14:49:00,-40.99,51.4,54.68,V2104_006
31/03/2015 02:55:00,-42.66,43.67,47.08,V2104_006
31/03/2015 15:02:00,-44.57,50.53,46.71,V2104_006
01/04/2015 02:55:00,-42.73,55.43,53.34,V2104_006
01/04/2015 14:53:00,-42.27,53.29,53.99,V2104_006
02/04/2015 02:52:00,-42.05,53.24,53.24,V2104_006
02/04/2015 14:53:00,-42.34,53.2,52.5,V2104_006
03/04/2015 02:54:00,-42.63,51.78,52.48,V2104_006
03/04/2015 14:54:00,-42.67,51.06,51.06,V2104_006
04/04/2015 02:45:00,-40.33,56.28,54.01,V2104_006
04/04/2015 14:53:00,-42.49,59.69,57.43,V2104_006
05/04/2015 02:58:00,-43.77,56.82,57.77,V2104_006
05/04/2015 14:52:00,-42.31,52.98,54.68,V2104_006
06/04/2015 02:51:00,-42.1,52.95,52.95,V2104_006
06/04/2015 14:55:00,-43.13,54.54,53.47,V2104_006
07/04/2015 02:56:00,-43.29,53.7,53.7,V2104_006
07/04/2015 14:55:00,-43.2,52.86,52.86,V2104_006
08/04/2015 02:50:00,-41.86,55.1,54.13,V2104_006
08/04/2015 14:52:00,-42.52,55.71,54.8,V2104_006
09/04/2015 02:42:00,-40.18,59.02,57.52,V2104_006
09/04/2015 14:47:00,-41.22,59.92,58.89,V2104_006
10/04/2015 02:57:00,-43.75,55.71,57.31,V2104_006
10/04/2015 14:50:00,-42.16,52.24,54.13,V2104_006
11/04/2015 02:48:00,-41.57,52.95,52.48,V2104_006
11/04/2015 14:49:00,-41.97,53.16,52.7,V2104_006
12/04/2015 02:42:00,-40.26,55.65,54.44,V2104_006
12/04/2015 14:43:00,-40.54,55.59,55.2,V2104_006
13/04/2015 02:35:00,-38.45,58.16,57.16,V2104_006
13/04/2015 14:30:00,-37.35,56.21,57.25,V2104_006
14/04/2015 02:34:00,-38.26,54.47,54.85,V2104_006
14/04/2015 14:36:00,-38.79,54.81,54.43,V2104_006
15/04/2015 02:29:00,-37.07,56.85,55.84,V2104_006
15/04/2015 14:30:00,-37.48,56.94,56.62,V2104_006
16/04/2015 02:35:00,-38.63,55.03,55.72,V2104_006
16/04/2015 14:32:00,-38.04,53.73,54.1,V2104_006
17/04/2015 02:27:00,-36.82,55.12,54.43,V2104_006
17/04/2015 14:26:00,-36.47,54.22,54.57,V2104_006
18/04/2015 02:27:00,-37,53.12,53.48,V2104_006
18/04/2015 14:37:00,-39.28,55.78,53.81,V2104_006
19/04/2015 02:31:00,-37.93,57.06,56.49,V2104_006
19/04/2015 14:30:00,-37.71,56.43,56.72,V2104_006
20/04/2015 02:31:00,-37.86,55.94,55.94,V2104_006
20/04/2015 14:29:00,-37.51,55.15,55.45,V2104_006
21/04/2015 02:33:00,-38.41,53.71,54.03,V2104_006
21/04/2015 14:28:00,-37.31,51.84,52.87,V2104_006
22/04/2015 02:27:00,-37.09,51.85,51.85,V2104_006
22/04/2015 14:37:00,-39.49,54.57,52.69,V2104_006
23/04/2015 02:25:00,-36.64,57.37,56.35,V2104_006
23/04/2015 14:27:00,-37.16,57.55,57.31,V2104_006
24/04/2015 02:34:00,-38.93,55.46,56.25,V2104_006
24/04/2015 14:38:00,-39.96,56.21,55.43,V2104_006
25/04/2015 02:36:00,-39.35,56.54,56.29,V2104_006
25/04/2015 14:30:00,-38.12,54.97,55.75,V2104_006
26/04/2015 02:28:00,-37.65,55.2,54.94,V2104_006
26/04/2015 14:36:00,-39.42,56.65,55.43,V2104_006
27/04/2015 02:33:00,-38.69,57.06,56.83,V2104_006
27/04/2015 14:25:00,-36.96,55.12,56.33,V2104_006
28/04/2015 02:26:00,-37.1,54.72,54.72,V2104_006
28/04/2015 14:39:00,-40.49,57.57,55.56,V2104_006
29/04/2015 02:34:00,-39.01,58.52,58.13,V2104_006
29/04/2015 14:27:00,-37.4,56.95,57.78,V2104_006
30/04/2015 02:38:00,-40.05,54.28,55.24,V2104_006
30/04/2015 14:43:00,-41.56,55.45,54.51,V2104_006
01/05/2015 02:29:00,-37.83,58.31,57.35,V2104_006
01/05/2015 14:32:00,-38.59,58.62,58.26,V2104_006
02/05/2015 02:26:00,-37.36,59.27,58.92,V2104_006
02/05/2015 14:30:00,-38.25,59.62,59.29,V2104_006
03/05/2015 02:30:00,-38.14,59.48,59.48,V2104_006
03/05/2015 14:21:00,-36.15,57.9,58.94,V2104_006
04/05/2015 02:20:00,-35.91,57.86,57.86,V2104_006
04/05/2015 14:26:00,-37.17,58.51,57.99,V2104_006
05/05/2015 02:28:00,-37.81,57.87,58.04,V2104_006
05/05/2015 14:31:00,-38.45,58.08,57.74,V2104_006
06/05/2015 02:25:00,-37.08,58.78,58.46,V2104_006
06/05/2015 14:20:00,-35.84,57.76,58.26,V2104_006
07/05/2015 02:15:00,-34.72,58.3,58.14,V2104_006
07/05/2015 14:14:00,-34.36,57.86,58.02,V2104_006
08/05/2015 02:18:00,-35.49,56.9,57.07,V2104_006
08/05/2015 14:32:00,-38.75,58.8,57.38,V2104_006
09/05/2015 02:40:00,-40.88,57.27,57.76,V2104_006
09/05/2015 14:34:00,-39.26,55.95,56.83,V2104_006
10/05/2015 02:22:00,-36.39,57.71,57.23,V2104_006
10/05/2015 14:22:00,-36.52,57.6,57.6,V2104_006
11/05/2015 02:16:00,-35.03,58.34,58.04,V2104_006
11/05/2015 14:23:00,-36.78,59.15,58.45,V2104_006
12/05/2015 02:21:00,-36.16,59.31,59.18,V2104_006
12/05/2015 14:15:00,-34.53,58.25,58.94,V2104_006
13/05/2015 02:18:00,-35.41,57.57,57.72,V2104_006
13/05/2015 14:29:00,-38.04,58.88,57.77,V2104_006
14/05/2015 02:25:00,-37.04,59.24,59.11,V2104_006
14/05/2015 14:09:00,-33.04,56.85,58.56,V2104_006
15/05/2015 02:09:00,-33.04,56.68,56.68,V2104_006
15/05/2015 14:24:00,-36.79,58.64,57.12,V2104_006
16/05/2015 02:32:00,-38.91,57.33,57.61,V2104_006
16/05/2015 14:28:00,-38.03,56.66,57.1,V2104_006
17/05/2015 02:16:00,-34.91,58.26,57.86,V2104_006
17/05/2015 14:29:00,-38.28,59.74,58.56,V2104_006
18/05/2015 02:32:00,-38.77,59.37,59.37,V2104_006
18/05/2015 14:19:00,-35.77,57.76,58.88,V2104_006
19/05/2015 02:06:00,-32.39,59.27,58.93,V2104_006
19/05/2015 14:28:00,-38.01,61.4,59.74,V2104_006
20/05/2015 02:20:00,-35.88,61.99,61.83,V2104_006
20/05/2015 14:23:00,-36.62,62.11,61.95,V2104_006
21/05/2015 02:11:00,-33.49,62.91,62.77,V2104_006
21/05/2015 14:10:00,-33.23,62.72,62.79,V2104_006
22/05/2015 02:29:00,-37.97,61.14,61.47,V2104_006
22/05/2015 14:14:00,-34.21,59.62,60.76,V2104_006
23/05/2015 02:01:00,-31.08,60.69,60.42,V2104_006
23/05/2015 14:12:00,-33.69,61.46,60.8,V2104_006
24/05/2015 02:03:00,-31.43,62.03,61.89,V2104_006
24/05/2015 13:51:00,-28.55,61.05,61.75,V2104_006
25/05/2015 02:02:00,-31.28,59.98,60.16,V2104_006
25/05/2015 14:36:00,-39.65,62.46,60.54,V2104_006
26/05/2015 02:24:00,-36.76,63.06,62.94,V2104_006
26/05/2015 14:38:00,-40.24,63.68,63.07,V2104_006
27/05/2015 02:31:00,-38.48,63.91,63.86,V2104_006
27/05/2015 14:35:00,-39.34,63.96,63.84,V2104_006
28/05/2015 02:46:00,-42.2,63.36,63.46,V2104_006
28/05/2015 14:37:00,-39.94,62.82,63.23,V2104_006
29/05/2015 02:27:00,-37.42,63.24,63.19,V2104_006
29/05/2015 14:32:00,-38.65,63.39,63.2,V2104_006
30/05/2015 02:42:00,-41.14,62.83,62.88,V2104_006
30/05/2015 14:18:00,-35.12,61.33,62.54,V2104_006
31/05/2015 02:50:00,-43.23,58.58,59.24,V2104_006
31/05/2015 14:56:00,-44.58,59.01,58.64,V2104_006
01/06/2015 03:01:00,-45.82,58.46,58.56,V2104_006
01/06/2015 15:34:00,-53.92,61.04,59.08,V2104_006
04/09/2014 05:03:00,-75.84,76.14,76.14,V2104_007
04/09/2014 16:52:00,-73.38,75.81,76.22,V2104_007
05/09/2014 04:43:00,-71.04,76.6,76.49,V2104_007
05/09/2014 15:52:00,-58.46,73.05,76.06,V2104_007
06/09/2014 04:16:00,-64.25,70.52,71.64,V2104_007
06/09/2014 16:19:00,-65.04,71.32,71.03,V2104_007
07/09/2014 04:18:00,-64.96,71.74,71.74,V2104_007
07/09/2014 16:13:00,-63.88,71.48,71.9,V2104_007
08/09/2014 04:10:00,-63.05,72.33,72.2,V2104_007
08/09/2014 15:34:00,-54.21,66.03,70.85,V2104_007
09/09/2014 03:44:00,-56.51,63.89,65.13,V2104_007
09/09/2014 15:49:00,-57.93,66.08,65.21,V2104_007
10/09/2014 03:51:00,-58.47,66.03,66.32,V2104_007
10/09/2014 15:45:00,-56.89,64.55,65.83,V2104_007
11/09/2014 03:40:00,-55.68,66.66,66.07,V2104_007
11/09/2014 15:38:00,-55.35,66.77,67.06,V2104_007
12/09/2014 03:43:00,-56.64,65.79,66.43,V2104_007
12/09/2014 15:40:00,-55.94,65.37,66.05,V2104_007
13/09/2014 03:40:00,-55.98,65.99,65.99,V2104_007
13/09/2014 15:34:00,-54.65,64.59,65.73,V2104_007
14/09/2014 03:35:00,-54.95,64.86,65.26,V2104_007
14/09/2014 15:34:00,-54.74,65.15,65.15,V2104_007
15/09/2014 03:41:00,-56.41,62.96,64.38,V2104_007
15/09/2014 15:38:00,-55.7,62.18,63.24,V2104_007
16/09/2014 03:46:00,-57.75,57.91,60.69,V2104_007
16/09/2014 15:43:00,-57.04,56.47,58.11,V2104_007
17/09/2014 03:34:00,-54.71,63.91,61.54,V2104_007
17/09/2014 15:27:00,-53.26,61.16,63.1,V2104_007
18/09/2014 03:30:00,-53.93,60.38,61.12,V2104_007
18/09/2014 15:27:00,-53.35,59.46,60.28,V2104_007
19/09/2014 03:34:00,-55.02,54.06,57.41,V2104_007
19/09/2014 15:42:00,-56.94,62.54,59.16,V2104_007
20/09/2014 03:47:00,-58.36,58.99,61.75,V2104_007
20/09/2014 15:50:00,-59.28,63.39,61.73,V2104_007
21/09/2014 03:43:00,-57.44,69.2,67.59,V2104_007
21/09/2014 15:36:00,-55.74,66.21,-75.36,V2104_007
22/09/2014 03:41:00,-57.03,-69.22,-70.59,V2104_007
22/09/2014 15:42:00,-57.2,65.46,65.46,V2104_007
23/09/2014 03:34:00,-55.37,-71.41,-69.76,V2104_007
23/09/2014 15:30:00,-54.29,-67.5,-68.81,V2104_007
24/09/2014 03:40:00,-56.96,62.67,67.96,V2104_007
24/09/2014 15:36:00,-55.88,-42.51,61.12,V2104_007
25/09/2014 03:37:00,-56.17,57.88,-40.44,V2104_007
25/09/2014 15:37:00,-56.34,61.79,61.79,V2104_007
26/09/2014 03:42:00,-57.51,52.4,59.28,V2104_007
26/09/2014 15:41:00,-57.3,52.46,52.46,V2104_007
27/09/2014 03:47:00,-59.09,90,90,V2104_007
27/09/2014 15:53:00,-60.51,56.4,90,V2104_007
28/09/2014 03:46:00,-58.93,-27,71.82,V2104_007
28/09/2014 15:28:00,-54.34,90,90,V2104_007
29/09/2014 03:32:00,-55.51,90,90,V2104_007
29/09/2014 15:44:00,-58.3,90,90,V2104_007
30/09/2014 03:40:00,-57.47,18.43,80.26,V2104_007
30/09/2014 15:36:00,-56.51,86.89,30.61,V2104_007
01/10/2014 03:43:00,-58.3,80.11,61.99,V2104_007
01/10/2014 15:44:00,-58.47,70.1,70.1,V2104_007
02/10/2014 03:48:00,-59.76,75.44,69.73,V2104_007
02/10/2014 15:40:00,-57.67,79.92,77.01,V2104_007
03/10/2014 03:45:00,-59.09,80.4,78.97,V2104_007
03/10/2014 15:46:00,-59.25,78.26,78.26,V2104_007
04/10/2014 03:39:00,-57.41,70.45,74.11,V2104_007
04/10/2014 15:39:00,-57.45,68.14,68.14,V2104_007
05/10/2014 03:34:00,-56.24,58.39,61.81,V2104_007
05/10/2014 15:24:00,-53.9,68.78,63.29,V2104_007
06/10/2014 03:34:00,-56.44,73.92,71.01,V2104_007
06/10/2014 15:38:00,-57.48,70.19,71.46,V2104_007
07/10/2014 03:37:00,-57.26,68.05,68.05,V2104_007
07/10/2014 15:37:00,-57.3,66.64,66.64,V2104_007
08/10/2014 03:51:00,-60.83,73.22,69.36,V2104_007
08/10/2014 15:48:00,-60.24,73.2,72.82,V2104_007
09/10/2014 03:47:00,-60.03,71.85,71.85,V2104_007
09/10/2014 15:41:00,-58.44,73.32,72.28,V2104_007
10/10/2014 03:46:00,-59.72,74.03,73.13,V2104_007
10/10/2014 15:48:00,-60.38,72.48,72.8,V2104_007
11/10/2014 03:40:00,-58.16,68.14,70.26,V2104_007
11/10/2014 15:29:00,-55.69,71.27,69.84,V2104_007
12/10/2014 03:24:00,-54.48,68.64,69.8,V2104_007
12/10/2014 15:34:00,-56.76,63.35,65.52,V2104_007
13/10/2014 03:39:00,-58.16,65.43,63.88,V2104_007
13/10/2014 15:35:00,-57.32,66.26,65.81,V2104_007
14/10/2014 03:44:00,-59.47,68.83,66.98,V2104_007
14/10/2014 15:43:00,-59.13,68.67,68.33,V2104_007
15/10/2014 03:38:00,-57.91,66.17,67.31,V2104_007
15/10/2014 15:34:00,-56.93,67.01,66.27,V2104_007
16/10/2014 03:43:00,-59.21,69.27,67.74,V2104_007
16/10/2014 15:41:00,-58.74,69.26,68.98,V2104_007
17/10/2014 03:40:00,-58.64,68.56,68.56,V2104_007
17/10/2014 15:40:00,-58.54,68.14,68.14,V2104_007
18/10/2014 03:37:00,-57.81,66.68,67.3,V2104_007
18/10/2014 15:39:00,-58.46,65.29,65.63,V2104_007
19/10/2014 03:39:00,-58.49,64.73,64.73,V2104_007
19/10/2014 15:35:00,-57.38,65.67,65.03,V2104_007
20/10/2014 03:40:00,-58.78,66.79,65.92,V2104_007
20/10/2014 15:42:00,-59.18,65.85,66.15,V2104_007
21/10/2014 03:44:00,-59.82,66.08,65.5,V2104_007
21/10/2014 15:40:00,-58.84,66.69,66.16,V2104_007
22/10/2014 03:42:00,-59.36,66.75,66.49,V2104_007
22/10/2014 15:35:00,-57.76,67.87,67.17,V2104_007
23/10/2014 03:35:00,-57.78,67.44,67.44,V2104_007
23/10/2014 15:39:00,-58.67,66.18,66.43,V2104_007
24/10/2014 03:43:00,-59.56,66.6,66.13,V2104_007
24/10/2014 15:47:00,-60.7,65.07,65.58,V2104_007
25/10/2014 03:43:00,-59.72,63.56,64.12,V2104_007
25/10/2014 15:30:00,-56.61,66.32,65.14,V2104_007
26/10/2014 03:35:00,-57.87,67.02,66.38,V2104_007
26/10/2014 15:37:00,-58.26,66.33,66.54,V2104_007
27/10/2014 03:33:00,-57.39,65.17,65.62,V2104_007
27/10/2014 15:37:00,-58.41,63.82,64.31,V2104_007
28/10/2014 03:44:00,-59.92,64.88,63.93,V2104_007
28/10/2014 15:36:00,-58.05,66.14,65.52,V2104_007
29/10/2014 03:37:00,-58.19,65.9,65.9,V2104_007
29/10/2014 15:38:00,-58.44,65.35,65.35,V2104_007
30/10/2014 03:42:00,-59.58,65.92,65.32,V2104_007
30/10/2014 15:42:00,-59.46,65.69,65.69,V2104_007
31/10/2014 03:42:00,-59.59,65.47,65.47,V2104_007
31/10/2014 15:43:00,-59.72,65.05,65.05,V2104_007
01/11/2014 03:34:00,-57.6,62.92,64.02,V2104_007
01/11/2014 15:28:00,-56.1,63.92,63.49,V2104_007
02/11/2014 03:42:00,-59.6,66.25,64.61,V2104_007
02/11/2014 15:44:00,-60.11,65.61,65.78,V2104_007
03/11/2014 03:37:00,-58.48,64.11,64.87,V2104_007
03/11/2014 15:39:00,-58.86,63.52,63.72,V2104_007
04/11/2014 03:47:00,-60.98,64.84,63.92,V2104_007
04/11/2014 15:45:00,-60.23,65.1,64.92,V2104_007
05/11/2014 03:36:00,-58.23,63.35,64.3,V2104_007
05/11/2014 15:35:00,-57.97,63.27,63.27,V2104_007
06/11/2014 03:42:00,-59.47,64.11,63.38,V2104_007
06/11/2014 15:41:00,-59.21,64.03,64.03,V2104_007
07/11/2014 03:41:00,-59.33,63.86,63.86,V2104_007
07/11/2014 15:38:00,-58.58,64.13,63.95,V2104_007
08/11/2014 03:46:00,-60.57,65.17,64.38,V2104_007
08/11/2014 15:51:00,-61.81,64.13,64.46,V2104_007
09/11/2014 03:55:00,-62.8,64.54,64.05,V2104_007
09/11/2014 15:46:00,-60.66,65.58,65.14,V2104_007
10/11/2014 03:37:00,-58.28,63.92,64.85,V2104_007
10/11/2014 15:41:00,-59.14,63.1,63.27,V2104_007
11/11/2014 03:51:00,-61.88,64.62,63.54,V2104_007
11/11/2014 15:51:00,-61.86,64.4,64.4,V2104_007
12/11/2014 03:48:00,-60.97,63.65,63.96,V2104_007
12/11/2014 15:40:00,-58.96,64.63,64.2,V2104_007
13/11/2014 03:39:00,-58.69,64.28,64.43,V2104_007
13/11/2014 15:45:00,-60.05,63.25,63.56,V2104_007
14/11/2014 03:46:00,-60.53,63.35,63.2,V2104_007
14/11/2014 15:44:00,-59.76,63.6,63.45,V2104_007
15/11/2014 03:48:00,-60.99,64.12,63.69,V2104_007
15/11/2014 15:45:00,-59.97,64.47,64.34,V2104_007
16/11/2014 03:36:00,-57.82,63.09,63.95,V2104_007
16/11/2014 15:29:00,-56.18,63.83,63.55,V2104_007
17/11/2014 03:33:00,-57.03,64.12,63.85,V2104_007
17/11/2014 15:30:00,-56.25,64.33,64.21,V2104_007
18/11/2014 03:26:00,-55.35,63.7,64.1,V2104_007
18/11/2014 15:35:00,-57.58,62.24,62.69,V2104_007
19/11/2014 03:49:00,-61.05,64.01,62.65,V2104_007
19/11/2014 15:50:00,-61.15,63.78,63.78,V2104_007
20/11/2014 03:38:00,-58.12,61.95,63.09,V2104_007
20/11/2014 15:34:00,-57.21,62.29,62.15,V2104_007
21/11/2014 03:45:00,-59.68,63.49,62.55,V2104_007
21/11/2014 15:43:00,-59.28,63.52,63.52,V2104_007
22/11/2014 03:43:00,-59.24,63.37,63.37,V2104_007
22/11/2014 15:47:00,-60.21,62.7,62.83,V2104_007
23/11/2014 03:45:00,-59.55,62.21,62.48,V2104_007
23/11/2014 15:42:00,-58.89,62.4,62.26,V2104_007
24/11/2014 03:43:00,-59.11,62.39,62.25,V2104_007
24/11/2014 15:33:00,-56.57,63.51,63.14,V2104_007
25/11/2014 03:32:00,-56.16,63.19,63.31,V2104_007
25/11/2014 15:36:00,-57.12,62.56,62.69,V2104_007
26/11/2014 03:42:00,-58.58,63.16,62.68,V2104_007
26/11/2014 15:45:00,-59.54,62.55,62.67,V2104_007
27/11/2014 03:41:00,-58.25,61.77,62.29,V2104_007
27/11/2014 15:43:00,-58.71,61.38,61.51,V2104_007
28/11/2014 03:50:00,-60.54,62.23,61.59,V2104_007
28/11/2014 15:44:00,-58.88,62.9,62.67,V2104_007
29/11/2014 03:45:00,-59.08,62.9,62.79,V2104_007
29/11/2014 15:28:00,-55.04,64.49,64.1,V2104_007
30/11/2014 03:26:00,-54.5,64.19,64.39,V2104_007
30/11/2014 15:46:00,-59.45,61.85,62.46,V2104_007
01/12/2014 03:53:00,-61.03,62.53,61.93,V2104_007
01/12/2014 15:53:00,-61.11,62.36,62.36,V2104_007
02/12/2014 03:54:00,-61.31,62.38,62.26,V2104_007
02/12/2014 15:45:00,-59.01,63.28,63.07,V2104_007
03/12/2014 03:49:00,-59.96,63.6,63.29,V2104_007
03/12/2014 15:52:00,-60.54,63.25,63.36,V2104_007
04/12/2014 03:57:00,-61.74,63.67,63.27,V2104_007
04/12/2014 15:53:00,-60.56,64.02,63.92,V2104_007
05/12/2014 03:46:00,-59.01,63.35,63.84,V2104_007
05/12/2014 15:45:00,-58.71,63.37,63.37,V2104_007
06/12/2014 03:40:00,-57.16,62.68,63.2,V2104_007
06/12/2014 15:44:00,-58.23,62.11,62.22,V2104_007
07/12/2014 03:53:00,-60.43,63,62.36,V2104_007
07/12/2014 15:51:00,-59.87,63.13,63.03,V2104_007
08/12/2014 03:38:00,-56.57,61.66,62.76,V2104_007
08/12/2014 15:18:00,-51.52,63.67,63.19,V2104_007
09/12/2014 03:20:00,-51.84,63.75,63.65,V2104_007
09/12/2014 15:46:00,-58.4,60.87,61.7,V2104_007
10/12/2014 03:51:00,-59.72,61.46,60.99,V2104_007
10/12/2014 15:49:00,-59.17,61.63,61.52,V2104_007
11/12/2014 03:43:00,-57.36,60.76,61.35,V2104_007
11/12/2014 15:46:00,-58.3,60.2,60.33,V2104_007
12/12/2014 03:59:00,-61.37,61.64,60.59,V2104_007
12/12/2014 15:47:00,-58.31,62.85,62.55,V2104_007
13/12/2014 03:43:00,-57.13,62.36,62.76,V2104_007
13/12/2014 15:48:00,-58.57,61.68,61.89,V2104_007
14/12/2014 03:58:00,-60.88,62.63,61.91,V2104_007
14/12/2014 15:54:00,-59.82,62.98,62.89,V2104_007
15/12/2014 03:44:00,-57.26,61.94,62.75,V2104_007
15/12/2014 15:51:00,-59.08,61.08,61.31,V2104_007
16/12/2014 03:42:00,-56.52,59.83,60.7,V2104_007
16/12/2014 15:40:00,-55.96,60.06,59.93,V2104_007
17/12/2014 03:44:00,-57.02,60.58,60.22,V2104_007
17/12/2014 15:42:00,-56.34,60.86,60.74,V2104_007
18/12/2014 03:45:00,-57.03,61.18,60.95,V2104_007
18/12/2014 15:41:00,-56.09,61.55,61.44,V2104_007
19/12/2014 03:29:00,-53.03,60.14,61.2,V2104_007
19/12/2014 15:37:00,-54.84,59.15,59.42,V2104_007
20/12/2014 03:41:00,-55.9,59.74,59.34,V2104_007
20/12/2014 15:38:00,-55.09,60.11,59.98,V2104_007
21/12/2014 03:43:00,-56.28,60.71,60.35,V2104_007
21/12/2014 15:49:00,-57.72,59.97,60.22,V2104_007
22/12/2014 03:47:00,-57.16,59.72,59.97,V2104_007
22/12/2014 15:37:00,-54.59,60.94,60.59,V2104_007
23/12/2014 03:35:00,-53.91,60.65,60.89,V2104_007
23/12/2014 15:36:00,-54.09,60.54,60.54,V2104_007
24/12/2014 03:34:00,-53.66,60.37,60.49,V2104_007
24/12/2014 15:38:00,-54.59,59.88,60.01,V2104_007
25/12/2014 03:44:00,-55.91,60.58,60.09,V2104_007
25/12/2014 15:35:00,-53.85,61.51,61.29,V2104_007
26/12/2014 03:40:00,-54.91,62.01,61.69,V2104_007
26/12/2014 15:46:00,-56.47,61.33,61.55,V2104_007
27/12/2014 03:40:00,-54.66,60.54,61.13,V2104_007
27/12/2014 15:40:00,-54.72,60.51,60.51,V2104_007
28/12/2014 03:34:00,-53.16,59.79,60.42,V2104_007
28/12/2014 15:36:00,-53.48,59.63,59.63,V2104_007
29/12/2014 03:40:00,-54.54,60.24,59.86,V2104_007
29/12/2014 15:43:00,-55.1,59.96,60.09,V2104_007
30/12/2014 03:51:00,-57.29,61.1,60.38,V2104_007
30/12/2014 15:45:00,-55.48,61.93,61.71,V2104_007
31/12/2014 03:34:00,-52.92,60.84,61.75,V2104_007
31/12/2014 15:44:00,-55.11,59.75,60.01,V2104_007
01/01/2015 03:47:00,-55.93,60.26,60,V2104_007
01/01/2015 15:44:00,-55,60.75,60.62,V2104_007
02/01/2015 03:43:00,-54.81,60.74,60.86,V2104_007
02/01/2015 15:43:00,-54.75,60.8,60.8,V2104_007
03/01/2015 03:43:00,-54.7,60.86,60.86,V2104_007
03/01/2015 15:45:00,-55.14,60.68,60.68,V2104_007
04/01/2015 03:48:00,-55.96,61.17,60.93,V2104_007
04/01/2015 15:49:00,-56.02,61.18,61.18,V2104_007
05/01/2015 03:37:00,-52.97,59.7,60.88,V2104_007
05/01/2015 15:38:00,-53.29,59.57,59.57,V2104_007
06/01/2015 03:43:00,-54.36,60.26,59.86,V2104_007
06/01/2015 15:45:00,-54.8,60.07,60.21,V2104_007
07/01/2015 03:48:00,-55.62,60.62,60.36,V2104_007
07/01/2015 15:45:00,-54.57,61.22,61.09,V2104_007
08/01/2015 03:40:00,-53.26,60.66,61.18,V2104_007
08/01/2015 15:40:00,-53.21,60.75,60.75,V2104_007
09/01/2015 03:34:00,-51.91,60.17,60.72,V2104_007
09/01/2015 15:36:00,-52.36,59.99,60.13,V2104_007
10/01/2015 03:38:00,-52.81,60.37,60.23,V2104_007
10/01/2015 15:34:00,-51.75,61.01,60.88,V2104_007
11/01/2015 03:45:00,-54.33,62.41,61.57,V2104_007
11/01/2015 15:48:00,-55.03,62.16,62.28,V2104_007
12/01/2015 03:34:00,-51.48,60.45,61.78,V2104_007
12/01/2015 15:38:00,-52.43,59.98,60.13,V2104_007
13/01/2015 03:50:00,-55.38,61.75,60.68,V2104_007
13/01/2015 15:50:00,-55.46,61.8,61.8,V2104_007
14/01/2015 03:35:00,-51.67,59.82,61.39,V2104_007
14/01/2015 15:36:00,-51.87,59.79,59.79,V2104_007
15/01/2015 03:44:00,-53.58,60.95,60.23,V2104_007
15/01/2015 15:49:00,-54.91,60.28,60.58,V2104_007
16/01/2015 03:42:00,-53.11,59.32,60.11,V2104_007
16/01/2015 15:37:00,-51.94,60.17,60.01,V2104_007
17/01/2015 03:41:00,-52.65,60.76,60.46,V2104_007
17/01/2015 15:34:00,-50.86,61.9,61.62,V2104_007
18/01/2015 03:30:00,-50.07,61.63,61.9,V2104_007
18/01/2015 15:32:00,-50.53,61.49,61.63,V2104_007
19/01/2015 03:38:00,-51.87,62.4,61.85,V2104_007
19/01/2015 15:43:00,-52.95,61.93,62.07,V2104_007
20/01/2015 03:37:00,-51.54,61.28,61.87,V2104_007
20/01/2015 15:36:00,-51.38,61.52,61.52,V2104_007
21/01/2015 03:40:00,-52.09,62.11,61.82,V2104_007
21/01/2015 15:45:00,-53.43,61.47,61.77,V2104_007
22/01/2015 03:33:00,-50.27,59.57,61.09,V2104_007
22/01/2015 15:31:00,-49.74,60.1,59.92,V2104_007
23/01/2015 03:30:00,-49.58,60.19,60.19,V2104_007
23/01/2015 15:21:00,-47.3,61.84,61.37,V2104_007
24/01/2015 03:20:00,-46.89,61.79,61.94,V2104_007
24/01/2015 15:30:00,-49.49,60.22,60.75,V2104_007
25/01/2015 03:23:00,-47.71,59.1,60.05,V2104_007
25/01/2015 15:07:00,-43.8,62.03,61.21,V2104_007
26/01/2015 03:15:00,-45.77,63.42,62.69,V2104_007
26/01/2015 15:30:00,-49.5,61.27,62.1,V2104_007
27/01/2015 03:15:00,-45.47,58.4,60.58,V2104_007
27/01/2015 15:14:00,-45.32,58.72,58.72,V2104_007
28/01/2015 03:16:00,-45.67,59.25,59.05,V2104_007
28/01/2015 15:15:00,-45.52,59.58,59.58,V2104_007
29/01/2015 03:11:00,-44.37,58.86,59.49,V2104_007
29/01/2015 15:01:00,-42.1,60.91,60.33,V2104_007
30/01/2015 02:59:00,-41.46,60.65,61.04,V2104_007
30/01/2015 15:02:00,-42.18,60.29,60.49,V2104_007
31/01/2015 03:27:00,-48.41,64.81,62.25,V2104_007
31/01/2015 15:34:00,-50.15,63.98,64.29,V2104_007
01/02/2015 03:04:00,-42.75,58.5,62.44,V2104_007
01/02/2015 14:58:00,-41.11,60.22,59.79,V2104_007
02/02/2015 03:02:00,-42.09,61.31,60.69,V2104_007
02/02/2015 15:00:00,-41.7,61.86,61.67,V2104_007
03/02/2015 02:54:00,-39.94,60.68,61.72,V2104_007
03/02/2015 14:51:00,-39.43,61.37,61.16,V2104_007
04/02/2015 02:57:00,-40.66,62.64,62.05,V2104_007
04/02/2015 14:52:00,-39.53,63.74,63.38,V2104_007
05/02/2015 02:52:00,-39.64,64.09,64.09,V2104_007
05/02/2015 14:49:00,-38.88,64.87,64.7,V2104_007
06/02/2015 02:37:00,-35.74,62.84,64.36,V2104_007
06/02/2015 14:42:00,-37.11,61.98,62.41,V2104_007
07/02/2015 02:41:00,-36.85,62.06,62.28,V2104_007
07/02/2015 14:34:00,-34.85,64,63.4,V2104_007
08/02/2015 02:31:00,-34.22,63.8,64.19,V2104_007
08/02/2015 14:39:00,-36.33,62.3,62.97,V2104_007
09/02/2015 02:55:00,-40.08,65.62,63.71,V2104_007
09/02/2015 14:56:00,-40.33,65.74,65.74,V2104_007
10/02/2015 02:40:00,-36.57,63.04,65.12,V2104_007
10/02/2015 14:38:00,-35.82,64.02,63.81,V2104_007
11/02/2015 02:34:00,-34.94,63.59,64.03,V2104_007
11/02/2015 14:38:00,-36.07,62.89,63.36,V2104_007
12/02/2015 02:38:00,-35.82,63,63.24,V2104_007
12/02/2015 14:43:00,-37.32,61.83,62.36,V2104_007
13/02/2015 02:52:00,-39.45,64.3,63.11,V2104_007
13/02/2015 14:43:00,-37.2,66.53,65.94,V2104_007
14/02/2015 02:31:00,-34.08,64.2,65.98,V2104_007
14/02/2015 14:32:00,-34.46,64.22,64.46,V2104_007
15/02/2015 02:46:00,-37.96,67.57,65.76,V2104_007
15/02/2015 14:52:00,-39.47,66.76,67.17,V2104_007
16/02/2015 02:38:00,-36.1,64.02,65.96,V2104_007
16/02/2015 14:42:00,-36.98,63.49,63.77,V2104_007
17/02/2015 02:56:00,-40.49,67.28,65.23,V2104_007
17/02/2015 14:58:00,-40.87,67.36,67.57,V2104_007
18/02/2015 02:54:00,-40.01,67,67.43,V2104_007
18/02/2015 15:00:00,-41.52,66,66.49,V2104_007
19/02/2015 02:43:00,-37.4,61.55,64.71,V2104_007
19/02/2015 14:45:00,-37.79,61.51,61.87,V2104_007
20/02/2015 02:51:00,-39.3,64.03,62.72,V2104_007
20/02/2015 14:50:00,-39.07,64.83,64.83,V2104_007
21/02/2015 02:52:00,-39.58,65.9,65.62,V2104_007
21/02/2015 14:45:00,-37.97,68.08,67.33,V2104_007
22/02/2015 02:49:00,-38.86,69.36,68.91,V2104_007
22/02/2015 14:54:00,-40,68.8,69.27,V2104_007
23/02/2015 02:35:00,-35.39,63.82,67.35,V2104_007
23/02/2015 14:45:00,-37.78,60.47,62.25,V2104_007
24/02/2015 02:44:00,-37.68,60.88,60.88,V2104_007
24/02/2015 14:40:00,-36.69,63.29,62.43,V2104_007
25/02/2015 02:43:00,-37.59,65.3,64.54,V2104_007
25/02/2015 14:50:00,-39.36,63.11,64.39,V2104_007
26/02/2015 02:45:00,-38.13,61.41,62.88,V2104_007
26/02/2015 14:43:00,-37.52,63.35,62.88,V2104_007
27/02/2015 02:42:00,-37.29,63.61,64.08,V2104_007
27/02/2015 14:43:00,-37.69,63.64,64.13,V2104_007
28/02/2015 02:47:00,-38.59,66.02,65.13,V2104_007
28/02/2015 14:49:00,-39.11,65.91,66.35,V2104_007
01/03/2015 02:54:00,-40.38,68.72,67.55,V2104_007
01/03/2015 14:57:00,-41.03,68.53,68.92,V2104_007
02/03/2015 02:43:00,-37.81,62.93,66.75,V2104_007
02/03/2015 14:34:00,-35.46,68.71,66.89,V2104_007
03/03/2015 02:34:00,-35.48,69.57,69.57,V2104_007
03/03/2015 14:44:00,-38.13,65.28,68.02,V2104_007
04/03/2015 02:40:00,-37.03,63.36,64.74,V2104_007
04/03/2015 14:39:00,-36.81,65.19,65.19,V2104_007
05/03/2015 02:41:00,-37.34,67.61,67,V2104_007
05/03/2015 14:42:00,-37.62,68.17,68.76,V2104_007
06/03/2015 02:47:00,-38.9,71.95,70.48,V2104_007
06/03/2015 14:49:00,-39.42,72.16,72.62,V2104_007
07/03/2015 02:43:00,-38.08,70.43,72.12,V2104_007
07/03/2015 14:47:00,-38.86,69.9,70.57,V2104_007
08/03/2015 02:41:00,-37.51,67.05,69.62,V2104_007
08/03/2015 14:38:00,-36.92,70.9,70.12,V2104_007
09/03/2015 02:43:00,-38.07,75.37,74.26,V2104_007
09/03/2015 14:44:00,-38.36,76.46,76.94,V2104_007
10/03/2015 02:35:00,-36.01,71.71,75.69,V2104_007
10/03/2015 14:30:00,-34.92,77.39,76.1,V2104_007
11/03/2015 02:24:00,-33.33,74.86,77.38,V2104_007
11/03/2015 14:27:00,-34.36,73.43,75.93,V2104_007
12/03/2015 02:24:00,-33.52,71.66,75.37,V2104_007
12/03/2015 14:28:00,-34.67,63.35,71.3,V2104_007
13/03/2015 02:39:00,-37.33,87.88,86.01,V2104_007
13/03/2015 14:39:00,-37.49,87.46,87.46,V2104_007
14/03/2015 02:35:00,-36.4,90,78.31,V2104_007
14/03/2015 14:39:00,-37.44,90,90,V2104_007
15/03/2015 02:26:00,-34.34,74.33,90,V2104_007
15/03/2015 14:27:00,-34.5,70.28,70.28,V2104_007
16/03/2015 02:31:00,-35.54,90,55.06,V2104_007
16/03/2015 14:30:00,-35.2,90,90,V2104_007
17/03/2015 02:32:00,-35.74,90,90,V2104_007
17/03/2015 14:39:00,-37.77,-4.9,90,V2104_007
18/03/2015 02:43:00,-38.81,90,90,V2104_007
18/03/2015 14:46:00,-39.47,90,90,V2104_007
19/03/2015 02:47:00,-39.76,90,90,V2104_007
19/03/2015 14:45:00,-39.29,90,90,V2104_007
20/03/2015 02:43:00,-38.95,90,90,V2104_007
20/03/2015 14:45:00,-39.24,90,90,V2104_007
21/03/2015 02:38:00,-37.78,42.41,26.16,V2104_007
21/03/2015 14:40:00,-38.32,46.34,43.33,V2104_007
22/03/2015 02:36:00,-37.23,-63.2,50.25,V2104_007
22/03/2015 14:41:00,-38.64,59.86,56.13,V2104_007
23/03/2015 02:39:00,-38.18,60.5,59.47,V2104_007
23/03/2015 14:31:00,-36.09,46.73,53.64,V2104_007
24/03/2015 02:34:00,-36.75,38.99,41.59,V2104_007
24/03/2015 14:44:00,-39.54,56.41,-74.81,V2104_007
25/03/2015 02:45:00,-39.83,53.93,55.1,V2104_007
25/03/2015 14:45:00,-39.87,52.63,52.63,V2104_007
26/03/2015 02:39:00,-38.28,58.14,55.34,V2104_007
26/03/2015 14:38:00,-38.07,56.14,56.14,V2104_007
27/03/2015 02:29:00,-35.98,61.63,58.87,V2104_007
27/03/2015 14:32:00,-36.52,-88.08,61.33,V2104_007
28/03/2015 02:35:00,-37.43,58.76,60.11,V2104_007
28/03/2015 14:31:00,-36.34,54.26,55.95,V2104_007
29/03/2015 02:32:00,-36.63,52.37,53.29,V2104_007
29/03/2015 14:33:00,-37.04,52.79,51.88,V2104_007
30/03/2015 02:29:00,-36.08,55.18,53.6,V2104_007
30/03/2015 14:33:00,-37.12,57.15,55.79,V2104_007
31/03/2015 02:25:00,-35.15,60.95,59.38,V2104_007
31/03/2015 14:26:00,-35.32,60.48,60.48,V2104_007
01/04/2015 02:29:00,-36.23,57.9,59,V2104_007
01/04/2015 14:23:00,-34.77,53.32,55.36,V2104_007
02/04/2015 02:29:00,-36.18,48.12,49.84,V2104_007
02/04/2015 14:35:00,-37.84,52.52,49.48,V2104_007
03/04/2015 02:26:00,-35.63,57.33,55.08,V2104_007
03/04/2015 14:24:00,-35.16,55.57,56.13,V2104_007
04/04/2015 02:29:00,-36.33,52.13,53.42,V2104_007
04/04/2015 14:26:00,-35.86,50.06,50.77,V2104_007
05/04/2015 02:21:00,-34.65,52.73,51.46,V2104_007
05/04/2015 14:36:00,-38.18,59.19,55.48,V2104_007
06/04/2015 02:34:00,-37.72,59.45,59.05,V2104_007
06/04/2015 14:32:00,-37.38,58.3,58.71,V2104_007
07/04/2015 02:25:00,-35.67,60.47,59.37,V2104_007
07/04/2015 14:22:00,-34.95,58.85,59.6,V2104_007
08/04/2015 02:26:00,-35.99,56.7,57.54,V2104_007
08/04/2015 14:27:00,-36.4,56.81,56.39,V2104_007
09/04/2015 02:17:00,-33.93,60.07,58.67,V2104_007
09/04/2015 14:26:00,-36.21,62.35,60.58,V2104_007
10/04/2015 02:28:00,-36.5,61.64,61.64,V2104_007
10/04/2015 14:28:00,-36.53,61.2,61.2,V2104_007
11/04/2015 02:24:00,-35.69,61.77,61.49,V2104_007
11/04/2015 14:19:00,-34.6,60.06,60.94,V2104_007
12/04/2015 02:26:00,-36.13,57.68,58.36,V2104_007
12/04/2015 14:31:00,-37.41,58.9,57.93,V2104_007
13/04/2015 02:36:00,-38.82,56.63,57.33,V2104_007
13/04/2015 14:44:00,-40.85,58.84,57.24,V2104_007
14/04/2015 02:31:00,-37.51,62.08,60.84,V2104_007
14/04/2015 14:22:00,-35.42,59.52,60.85,V2104_007
15/04/2015 02:30:00,-37.32,56.85,57.8,V2104_007
15/04/2015 14:26:00,-36.35,55.08,55.78,V2104_007
16/04/2015 02:30:00,-37.38,53.19,53.95,V2104_007
16/04/2015 14:38:00,-39.54,55.83,54.1,V2104_007
17/04/2015 02:28:00,-36.94,58.62,57.49,V2104_007
17/04/2015 14:14:00,-33.47,53.87,56.83,V2104_007
18/04/2015 02:17:00,-34.37,52.19,52.57,V2104_007
18/04/2015 14:25:00,-36.4,54.66,52.93,V2104_007
19/04/2015 02:10:00,-32.55,58.81,57.21,V2104_007
19/04/2015 14:17:00,-34.58,60.38,59.22,V2104_007
20/04/2015 02:18:00,-34.73,59.94,59.94,V2104_007
20/04/2015 14:17:00,-34.63,59.51,59.51,V2104_007
21/04/2015 02:22:00,-35.79,58.12,58.61,V2104_007
21/04/2015 14:20:00,-35.44,57.42,57.68,V2104_007
22/04/2015 02:03:00,-31.09,61.05,59.82,V2104_007
22/04/2015 14:11:00,-33.11,62.24,61.33,V2104_007
23/04/2015 02:08:00,-32.38,62.48,62.31,V2104_007
23/04/2015 14:08:00,-32.28,62.12,62.12,V2104_007
24/04/2015 02:02:00,-30.81,62.85,62.52,V2104_007
24/04/2015 14:03:00,-31.2,62.82,62.66,V2104_007
25/04/2015 02:11:00,-33.23,61.23,61.75,V2104_007
25/04/2015 14:07:00,-32.25,60.24,60.79,V2104_007
26/04/2015 02:08:00,-32.52,59.79,59.79,V2104_007
26/04/2015 14:12:00,-33.54,60.27,59.71,V2104_007
27/04/2015 01:57:00,-29.94,62.41,61.8,V2104_007
27/04/2015 14:10:00,-33.08,63.9,62.68,V2104_007
28/04/2015 02:18:00,-35.1,62.59,62.87,V2104_007
28/04/2015 14:18:00,-35.24,62.43,62.43,V2104_007
29/04/2015 02:17:00,-34.89,62.41,62.41,V2104_007
29/04/2015 14:17:00,-34.9,62.18,62.18,V2104_007
30/04/2015 02:15:00,-34.42,62.24,62.1,V2104_007
30/04/2015 14:17:00,-35.06,62.36,62.08,V2104_007
01/05/2015 02:15:00,-34.33,62.54,62.41,V2104_007
01/05/2015 14:14:00,-34.22,62.26,62.26,V2104_007
02/05/2015 02:17:00,-34.98,61.64,61.78,V2104_007
02/05/2015 14:16:00,-34.75,61.29,61.43,V2104_007
03/05/2015 02:04:00,-31.76,62.66,62.28,V2104_007
03/05/2015 13:59:00,-30.52,61.82,62.33,V2104_007
04/05/2015 02:04:00,-31.91,60.87,61.15,V2104_007
04/05/2015 14:17:00,-35.17,62.36,61.22,V2104_007
05/05/2015 02:15:00,-34.44,62.52,62.4,V2104_007
05/05/2015 14:09:00,-33.07,61.67,62.15,V2104_007
06/05/2015 02:04:00,-31.71,62.14,62.03,V2104_007
06/05/2015 14:09:00,-33.09,62.58,62.13,V2104_007
07/05/2015 02:05:00,-32.1,62.84,62.73,V2104_007
07/05/2015 14:00:00,-30.98,62.17,62.5,V2104_007
08/05/2015 02:14:00,-34.24,60.4,60.91,V2104_007
08/05/2015 14:21:00,-36.12,61.16,60.54,V2104_007
09/05/2015 02:13:00,-34,61.97,61.74,V2104_007
09/05/2015 14:09:00,-33.14,61.4,61.74,V2104_007
10/05/2015 02:15:00,-34.77,60.45,60.69,V2104_007
10/05/2015 14:18:00,-35.4,60.58,60.34,V2104_007
11/05/2015 02:15:00,-34.65,60.77,60.65,V2104_007
11/05/2015 14:16:00,-35.03,60.78,60.66,V2104_007
12/05/2015 02:15:00,-34.53,60.85,60.73,V2104_007
12/05/2015 14:03:00,-31.53,59.21,60.34,V2104_007
13/05/2015 02:07:00,-32.66,58.44,58.58,V2104_007
13/05/2015 14:22:00,-36.41,60.19,58.81,V2104_007
14/05/2015 02:06:00,-32.41,61.76,61.36,V2104_007
14/05/2015 14:17:00,-35.29,62.67,61.85,V2104_007
15/05/2015 02:21:00,-36.29,62.17,62.26,V2104_007
15/05/2015 14:16:00,-34.91,61.51,61.89,V2104_007
16/05/2015 02:19:00,-35.66,61.07,61.17,V2104_007
16/05/2015 14:13:00,-34.03,60.25,60.77,V2104_007
17/05/2015 02:10:00,-33.41,60.37,60.27,V2104_007
17/05/2015 14:25:00,-37.15,61.7,60.65,V2104_007
18/05/2015 02:11:00,-33.65,62.74,62.5,V2104_007
18/05/2015 14:03:00,-31.64,61.96,62.45,V2104_007
19/05/2015 02:14:00,-34.39,60.84,61.03,V2104_007
03/09/2014 16:41:00,-70.3,76.26,76.26,V2104_008
04/09/2014 04:28:00,-67.21,77.08,76.95,V2104_008
04/09/2014 16:47:00,-71.88,78.02,77.46,V2104_008
05/09/2014 04:55:00,-74.04,77.94,78.02,V2104_008
05/09/2014 16:40:00,-70.34,77.57,78.05,V2104_008
06/09/2014 04:43:00,-71.25,77.65,77.7,V2104_008
06/09/2014 16:17:00,-64.79,76.53,77.61,V2104_008
07/09/2014 04:12:00,-63.59,77.09,77.03,V2104_008
07/09/2014 16:32:00,-68.51,78.31,77.6,V2104_008
08/09/2014 04:46:00,-71.92,77.94,78.08,V2104_008
08/09/2014 16:31:00,-68.47,77.44,77.99,V2104_008
09/09/2014 04:38:00,-70.26,77.29,77.42,V2104_008
09/09/2014 16:06:00,-62.18,75.01,76.94,V2104_008
10/09/2014 04:45:00,-71.97,69.91,72.33,V2104_008
10/09/2014 16:58:00,-75.39,72.67,71.21,V2104_008
11/09/2014 04:51:00,-73.56,74.09,73.7,V2104_008
11/09/2014 16:50:00,-73.23,74.29,74.42,V2104_008
12/09/2014 04:40:00,-70.77,75.82,75.5,V2104_008
12/09/2014 16:48:00,-72.82,76.95,76.39,V2104_008
13/09/2014 04:56:00,-74.99,76.51,76.8,V2104_008
13/09/2014 16:45:00,-72.28,75.7,76.48,V2104_008
14/09/2014 04:37:00,-70.45,76.91,76.7,V2104_008
14/09/2014 16:38:00,-70.74,77.39,77.29,V2104_008
15/09/2014 04:52:00,-74.16,76.35,76.92,V2104_008
15/09/2014 16:33:00,-69.58,74.15,75.96,V2104_008
16/09/2014 04:34:00,-69.75,74.57,74.57,V2104_008
16/09/2014 16:22:00,-66.8,72.78,74.2,V2104_008
17/09/2014 04:22:00,-66.72,73.47,73.47,V2104_008
17/09/2014 16:02:00,-61.88,68.61,72.07,V2104_008
18/09/2014 03:47:00,-58.3,73.56,72.06,V2104_008
18/09/2014 15:35:00,-55.22,-84.81,-85.37,V2104_008
19/09/2014 03:46:00,-58.14,67.02,-83.23,V2104_008
19/09/2014 15:41:00,-56.69,64.62,-80.88,V2104_008
20/09/2014 03:42:00,-57.11,64.73,65.38,V2104_008
20/09/2014 15:41:00,-56.78,64.85,65.53,V2104_008
21/09/2014 03:40:00,-56.69,-75.77,-75.77,V2104_008
21/09/2014 15:26:00,-53.24,53.02,62.09,V2104_008
22/09/2014 03:24:00,-52.78,57.89,56.44,V2104_008
22/09/2014 15:26:00,-53.33,-65.09,60.89,V2104_008
23/09/2014 03:26:00,-53.37,-63.43,-63.43,V2104_008
23/09/2014 15:21:00,-52.04,-53.84,62.6,V2104_008
24/09/2014 03:28:00,-53.96,38.22,53.52,V2104_008
24/09/2014 15:30:00,-54.5,50.64,46.9,V2104_008
25/09/2014 03:24:00,-53.17,-48.03,59.98,V2104_008
25/09/2014 15:11:00,-49.71,90,-21.77,V2104_008
26/09/2014 03:15:00,-50.76,90,90,V2104_008
26/09/2014 15:30:00,-54.67,-36.41,13.87,V2104_008
27/09/2014 03:29:00,-54.47,72.54,72.54,V2104_008
27/09/2014 15:21:00,-52.51,60.97,-22.79,V2104_008
28/09/2014 03:23:00,-53.05,57.35,62.85,V2104_008
28/09/2014 15:22:00,-52.84,59.44,59.44,V2104_008
29/09/2014 03:23:00,-53.26,55.18,66.66,V2104_008
29/09/2014 15:20:00,-52.43,90,90,V2104_008
30/09/2014 03:28:00,-54.59,90,90,V2104_008
30/09/2014 15:28:00,-54.51,86.78,86.78,V2104_008
01/10/2014 03:22:00,-52.92,65.48,79.14,V2104_008
01/10/2014 15:26:00,-54.21,28.21,46.12,V2104_008
02/10/2014 03:33:00,-55.88,58.55,44.53,V2104_008
02/10/2014 15:19:00,-52.42,79.39,72.31,V2104_008
03/10/2014 03:23:00,-53.58,79.56,78.48,V2104_008
03/10/2014 15:26:00,-54.25,75.91,76.59,V2104_008
04/10/2014 03:24:00,-53.91,72.49,73.35,V2104_008
04/10/2014 15:30:00,-55.45,62.57,66.95,V2104_008
05/10/2014 03:28:00,-54.86,55.46,57.47,V2104_008
05/10/2014 15:23:00,-53.78,61.2,57.99,V2104_008
06/10/2014 03:28:00,-54.94,64.97,62.62,V2104_008
06/10/2014 15:24:00,-54.1,66.73,64.83,V2104_008
07/10/2014 03:33:00,-56.14,71.01,68.43,V2104_008
07/10/2014 15:34:00,-56.67,68.45,69.11,V2104_008
08/10/2014 03:40:00,-57.96,70.22,68.47,V2104_008
08/10/2014 15:30:00,-55.74,73.22,71.59,V2104_008
09/10/2014 03:31:00,-56.03,72.65,72.27,V2104_008
09/10/2014 15:28:00,-55.19,73,72.66,V2104_008
10/10/2014 03:31:00,-55.97,73.15,72.49,V2104_008
10/10/2014 15:33:00,-56.38,71.83,72.17,V2104_008
11/10/2014 03:31:00,-56.04,70.46,70.83,V2104_008
11/10/2014 15:32:00,-56.32,69.24,69.24,V2104_008
12/10/2014 03:30:00,-55.98,67.78,68.21,V2104_008
12/10/2014 15:32:00,-56.38,66.26,66.73,V2104_008
13/10/2014 03:29:00,-55.66,63.9,64.94,V2104_008
13/10/2014 15:23:00,-54.32,65.83,64.88,V2104_008
14/10/2014 03:27:00,-55.22,66.59,65.73,V2104_008
14/10/2014 15:24:00,-54.5,67.07,66.68,V2104_008
15/10/2014 03:34:00,-57.03,69.76,67.84,V2104_008
15/10/2014 15:25:00,-54.81,71.54,70.55,V2104_008
16/10/2014 03:27:00,-55.46,71.58,71.11,V2104_008
16/10/2014 15:34:00,-56.99,69.54,70.07,V2104_008
17/10/2014 03:30:00,-56.14,67.98,68.56,V2104_008
17/10/2014 15:28:00,-55.66,68.01,67.71,V2104_008
18/10/2014 03:23:00,-54.56,66.04,67,V2104_008
18/10/2014 15:21:00,-53.96,66.29,65.97,V2104_008
19/10/2014 03:24:00,-54.86,66.82,66.22,V2104_008
19/10/2014 15:05:00,-50.01,71.02,69.33,V2104_008
20/10/2014 03:13:00,-52.16,72.11,71.24,V2104_008
20/10/2014 15:29:00,-56.18,68.5,69.82,V2104_008
21/10/2014 03:32:00,-56.82,68.62,68.15,V2104_008
21/10/2014 15:30:00,-56.34,68.62,68.4,V2104_008
22/10/2014 03:47:00,-60.74,71.49,69.54,V2104_008
22/10/2014 15:19:00,-53.63,74.78,73.69,V2104_008
23/10/2014 03:13:00,-52.28,73.88,74.31,V2104_008
23/10/2014 15:44:00,-59.92,69.02,70.93,V2104_008
24/10/2014 03:42:00,-59.44,68.24,68.44,V2104_008
24/10/2014 15:39:00,-58.58,68.54,68.35,V2104_008
25/10/2014 03:45:00,-60.22,69.36,68.64,V2104_008
25/10/2014 15:43:00,-59.61,69.43,69.26,V2104_008
26/10/2014 03:33:00,-57.24,67.32,68.47,V2104_008
26/10/2014 15:30:00,-56.63,67.45,67.26,V2104_008
27/10/2014 03:23:00,-54.89,65.63,66.49,V2104_008
27/10/2014 15:19:00,-53.78,66.24,65.81,V2104_008
28/10/2014 03:29:00,-56.29,67.81,66.69,V2104_008
28/10/2014 15:23:00,-54.93,68.42,68.08,V2104_008
29/10/2014 03:34:00,-57.44,69.62,68.58,V2104_008
29/10/2014 15:29:00,-56.32,69.94,69.81,V2104_008
30/10/2014 03:25:00,-55.45,69.17,69.45,V2104_008
30/10/2014 15:28:00,-56.21,68.43,68.58,V2104_008
31/10/2014 03:24:00,-55.09,67.43,67.91,V2104_008
31/10/2014 15:33:00,-57.22,65.63,66.18,V2104_008
01/11/2014 03:38:00,-58.6,66.32,65.6,V2104_008
01/11/2014 15:26:00,-55.6,67.95,67.35,V2104_008
02/11/2014 03:26:00,-55.73,67.75,67.75,V2104_008
02/11/2014 15:25:00,-55.36,67.69,67.69,V2104_008
03/11/2014 03:31:00,-56.98,68.33,67.78,V2104_008
03/11/2014 15:35:00,-57.86,67.58,67.72,V2104_008
04/11/2014 03:27:00,-55.98,66.2,66.96,V2104_008
04/11/2014 15:27:00,-55.85,66.01,66.01,V2104_008
05/11/2014 03:35:00,-57.85,66.95,66.21,V2104_008
05/11/2014 15:28:00,-56.22,67.6,67.33,V2104_008
06/11/2014 03:28:00,-56.22,67.35,67.35,V2104_008
06/11/2014 15:28:00,-56.09,67.18,67.18,V2104_008
07/11/2014 03:31:00,-56.71,67.27,67.01,V2104_008
07/11/2014 15:30:00,-56.58,67.1,67.1,V2104_008
08/11/2014 03:28:00,-56.19,66.68,66.81,V2104_008
08/11/2014 15:27:00,-55.93,66.58,66.58,V2104_008
09/11/2014 03:22:00,-54.55,65.6,66.16,V2104_008
09/11/2014 15:22:00,-54.41,65.44,65.44,V2104_008
10/11/2014 03:00:00,-49.15,61.72,64.17,V2104_008
10/11/2014 14:57:00,-48.27,62.14,61.96,V2104_008
11/11/2014 02:56:00,-47.88,61.62,61.81,V2104_008
11/11/2014 14:53:00,-47.36,61.77,61.58,V2104_008
12/11/2014 02:53:00,-47.23,61.44,61.44,V2104_008
12/11/2014 14:45:00,-45.33,62.56,62.04,V2104_008
13/11/2014 02:32:00,-41.94,59.82,61.55,V2104_008
13/11/2014 14:37:00,-43.05,58.63,59.06,V2104_008
14/11/2014 02:40:00,-43.91,59.16,58.73,V2104_008
14/11/2014 14:36:00,-42.89,59.76,59.56,V2104_008
15/11/2014 02:29:00,-41.12,58.07,59.14,V2104_008
15/11/2014 14:19:00,-38.72,59.83,59.23,V2104_008
16/11/2014 02:25:00,-40.2,60.74,60,V2104_008
16/11/2014 14:25:00,-40.05,60.63,60.63,V2104_008
17/11/2014 02:23:00,-39.65,60.16,60.34,V2104_008
17/11/2014 14:21:00,-39.13,60.33,60.15,V2104_008
18/11/2014 02:19:00,-38.61,59.77,59.96,V2104_008
18/11/2014 14:19:00,-38.45,59.68,59.68,V2104_008
19/11/2014 02:21:00,-38.93,59.85,59.67,V2104_008
19/11/2014 14:13:00,-36.9,61.05,60.55,V2104_008
20/11/2014 02:15:00,-37.5,61.27,60.95,V2104_008
20/11/2014 14:19:00,-38.47,60.45,60.61,V2104_008
21/11/2014 02:20:00,-38.56,60.36,60.36,V2104_008
21/11/2014 14:18:00,-38.15,60.44,60.28,V2104_008
22/11/2014 02:24:00,-39.37,61.08,60.6,V2104_008
22/11/2014 14:06:00,-34.96,63.36,62.72,V2104_008
23/11/2014 02:03:00,-34.06,62.77,63.15,V2104_008
23/11/2014 14:19:00,-38.27,60.13,60.92,V2104_008
24/11/2014 02:20:00,-38.36,60.06,60.06,V2104_008
24/11/2014 14:16:00,-37.32,60.54,60.39,V2104_008
25/11/2014 02:15:00,-37.04,60.24,60.4,V2104_008
25/11/2014 14:14:00,-36.75,60.26,60.26,V2104_008
26/11/2014 02:20:00,-38.34,61.09,60.5,V2104_008
26/11/2014 14:17:00,-37.55,61.38,61.24,V2104_008
27/11/2014 02:33:00,-41.26,63.16,61.92,V2104_008
27/11/2014 14:11:00,-35.72,65.32,64.76,V2104_008
28/11/2014 01:58:00,-32.55,63.98,64.88,V2104_008
28/11/2014 13:55:00,-31.88,64.13,64.02,V2104_008
29/11/2014 01:43:00,-28.72,62.63,63.65,V2104_008
29/11/2014 13:07:00,-19.55,66.09,65.34,V2104_008
30/11/2014 01:14:00,-21.38,66.56,66.11,V2104_008
04/09/2014 16:48:00,-72.25,78.07,78.07,V2104_009
05/09/2014 04:51:00,-72.92,78.2,78.24,V2104_009
05/09/2014 16:36:00,-69.34,77.81,78.29,V2104_009
06/09/2014 04:46:00,-71.88,77.58,77.68,V2104_009
06/09/2014 16:52:00,-73.42,78.13,77.89,V2104_009
07/09/2014 04:43:00,-71.21,78.76,78.68,V2104_009
07/09/2014 16:38:00,-70.01,78.8,78.97,V2104_009
08/09/2014 04:47:00,-72.17,78.68,78.77,V2104_009
08/09/2014 16:44:00,-71.59,78.82,78.91,V2104_009
09/09/2014 04:49:00,-72.89,78.84,78.89,V2104_009
09/09/2014 16:23:00,-66.43,77.61,78.75,V2104_009
10/09/2014 04:35:00,-69.47,77.04,77.35,V2104_009
10/09/2014 16:27:00,-67.51,76.7,77.13,V2104_009
11/09/2014 04:24:00,-66.81,77.29,77.21,V2104_009
11/09/2014 16:26:00,-67.35,77.79,77.71,V2104_009
12/09/2014 04:41:00,-71.27,76.8,77.27,V2104_009
12/09/2014 16:36:00,-70.07,76.68,76.98,V2104_009
13/09/2014 04:33:00,-69.36,77.35,77.25,V2104_009
13/09/2014 16:43:00,-71.78,78.54,78.04,V2104_009
14/09/2014 04:45:00,-72.2,78.78,78.85,V2104_009
14/09/2014 16:37:00,-70.49,78.57,78.98,V2104_009
15/09/2014 04:45:00,-72.41,78.29,78.56,V2104_009
15/09/2014 16:19:00,-65.83,75.49,77.72,V2104_009
16/09/2014 04:26:00,-67.63,74.84,75.36,V2104_009
16/09/2014 16:09:00,-63.67,71.88,74.25,V2104_009
17/09/2014 04:17:00,-65.59,70.32,-89.21,V2104_009
17/09/2014 16:05:00,-62.51,65.83,69.08,V2104_009
18/09/2014 03:59:00,-61.18,69.31,68.46,V2104_009
18/09/2014 15:47:00,-58.35,64.24,67.72,V2104_009
19/09/2014 03:45:00,-57.64,67.14,66.57,V2104_009
19/09/2014 15:46:00,-58.06,68.95,68.44,V2104_009
20/09/2014 03:46:00,-58.23,69.73,69.73,V2104_009
20/09/2014 15:47:00,-58.4,71,71,V2104_009
21/09/2014 03:51:00,-59.45,70.15,71.15,V2104_009
21/09/2014 15:43:00,-57.49,-74.84,69.07,V2104_009
22/09/2014 03:48:00,-58.78,-69.8,-71.38,V2104_009
22/09/2014 15:36:00,-55.95,39.28,57.07,V2104_009
23/09/2014 03:26:00,-53.37,65.48,-58.03,V2104_009
23/09/2014 15:28:00,-54.04,69.62,68.78,V2104_009
24/09/2014 03:32:00,-54.83,-60.88,-62.12,V2104_009
24/09/2014 15:29:00,-54.25,-55.2,-56.86,V2104_009
25/09/2014 03:29:00,-54.3,-53.25,-53.25,V2104_009
25/09/2014 15:24:00,-53.21,-40.37,70.14,V2104_009
26/09/2014 03:30:00,-54.63,56.69,-28.69,V2104_009
26/09/2014 15:31:00,-54.8,64,64,V2104_009
27/09/2014 03:31:00,-54.84,68.99,68.99,V2104_009
27/09/2014 15:35:00,-56.01,-31.22,-23.52,V2104_009
28/09/2014 03:48:00,-59.43,90,75.5,V2104_009
28/09/2014 15:44:00,-58.22,90,90,V2104_009
29/09/2014 04:02:00,-62.76,88.43,87.17,V2104_009
29/09/2014 15:56:00,-61.43,89.53,89.49,V2104_009
30/09/2014 03:30:00,-54.97,65.81,85.87,V2104_009
30/09/2014 15:30:00,-55.01,58.42,58.42,V2104_009
01/10/2014 03:41:00,-57.8,78.14,69.6,V2104_009
01/10/2014 15:40:00,-57.59,75.98,75.98,V2104_009
02/10/2014 03:25:00,-54,34.39,60.38,V2104_009
02/10/2014 15:19:00,-52.29,57.07,47.93,V2104_009
03/10/2014 03:33:00,-55.83,74.21,67.39,V2104_009
03/10/2014 15:35:00,-56.5,70.17,71.07,V2104_009
04/10/2014 03:27:00,-54.54,56.88,63.49,V2104_009
04/10/2014 15:19:00,-52.57,66.33,61.42,V2104_009
05/10/2014 03:21:00,-52.99,66.07,65.05,V2104_009
05/10/2014 15:25:00,-54.15,59,61.6,V2104_009
06/10/2014 03:26:00,-54.56,59.28,57.95,V2104_009
06/10/2014 15:30:00,-55.35,53.36,56.3,V2104_009
07/10/2014 03:40:00,-57.89,63.64,58.56,V2104_009
07/10/2014 15:29:00,-55.3,69.56,66.59,V2104_009
08/10/2014 03:37:00,-57.33,72.13,70.46,V2104_009
08/10/2014 15:41:00,-58.24,69.7,70.59,V2104_009
09/10/2014 03:32:00,-56.15,63.84,66.95,V2104_009
09/10/2014 15:22:00,-53.81,68.3,66.25,V2104_009
10/10/2014 03:30:00,-55.6,70.37,68.76,V2104_009
10/10/2014 15:30:00,-55.75,69.37,69.37,V2104_009
11/10/2014 03:32:00,-56.29,69.34,68.96,V2104_009
11/10/2014 15:29:00,-55.69,69.5,69.14,V2104_009
12/10/2014 03:27:00,-55.1,67.82,68.21,V2104_009
12/10/2014 15:34:00,-56.88,63.85,65.32,V2104_009
13/10/2014 03:34:00,-56.79,62.78,62.78,V2104_009
13/10/2014 15:23:00,-54.32,66.63,64.96,V2104_009
14/10/2014 03:27:00,-55.22,67.25,66.51,V2104_009
14/10/2014 15:23:00,-54.38,67.82,67.48,V2104_009
15/10/2014 03:29:00,-55.9,69.05,67.84,V2104_009
15/10/2014 15:28:00,-55.68,68.76,68.76,V2104_009
16/10/2014 03:32:00,-56.59,69.16,68.62,V2104_009
16/10/2014 15:36:00,-57.49,67.63,67.92,V2104_009
17/10/2014 03:32:00,-56.51,65.81,66.46,V2104_009
17/10/2014 15:32:00,-56.66,65.06,65.06,V2104_009
18/10/2014 03:34:00,-57.06,65.01,64.67,V2104_009
18/10/2014 15:34:00,-57.21,64.29,64.29,V2104_009
19/10/2014 03:38:00,-58.11,64.92,64.26,V2104_009
19/10/2014 15:34:00,-57.13,65.64,65.03,V2104_009
20/10/2014 03:37:00,-58.03,66.14,65.58,V2104_009
20/10/2014 15:33:00,-56.93,66.87,66.35,V2104_009
21/10/2014 03:28:00,-55.82,65.19,66.02,V2104_009
21/10/2014 15:28:00,-55.84,64.73,64.73,V2104_009
22/10/2014 03:31:00,-56.74,65.24,64.69,V2104_009
22/10/2014 15:28:00,-56.01,65.59,65.33,V2104_009
23/10/2014 03:40:00,-58.78,67.72,66.15,V2104_009
23/10/2014 15:44:00,-59.79,66.44,66.89,V2104_009
24/10/2014 03:34:00,-57.56,63.76,65.08,V2104_009
24/10/2014 15:30:00,-56.33,64.67,64.16,V2104_009
25/10/2014 03:41:00,-59.22,66.9,65.36,V2104_009
25/10/2014 15:41:00,-59.23,66.53,66.53,V2104_009
26/10/2014 03:32:00,-56.87,63.98,65.41,V2104_009
26/10/2014 15:33:00,-57.26,63.21,63.47,V2104_009
27/10/2014 03:37:00,-58.27,63.83,63.34,V2104_009
27/10/2014 15:37:00,-58.28,63.46,63.46,V2104_009
28/10/2014 03:38:00,-58.42,63.21,63.21,V2104_009
28/10/2014 15:33:00,-57.3,63.93,63.46,V2104_009
29/10/2014 03:27:00,-55.81,62.12,63.11,V2104_009
29/10/2014 15:25:00,-55.32,62.27,62.01,V2104_009
30/10/2014 03:35:00,-57.83,64.23,62.89,V2104_009
30/10/2014 15:31:00,-56.71,64.83,64.42,V2104_009
31/10/2014 03:30:00,-56.59,64.41,64.41,V2104_009
31/10/2014 15:36:00,-58.22,62.7,63.14,V2104_009
01/11/2014 03:42:00,-59.47,63.47,62.82,V2104_009
01/11/2014 15:38:00,-58.73,63.78,63.57,V2104_009
02/11/2014 03:38:00,-58.73,63.48,63.48,V2104_009
02/11/2014 15:36:00,-58.23,63.58,63.38,V2104_009
03/11/2014 03:34:00,-57.73,62.88,63.09,V2104_009
03/11/2014 15:33:00,-57.23,63,62.8,V2104_009
04/11/2014 03:34:00,-57.73,63.11,62.91,V2104_009
04/11/2014 15:34:00,-57.73,62.83,62.83,V2104_009
05/11/2014 03:42:00,-59.48,63.87,62.94,V2104_009
05/11/2014 15:39:00,-58.72,64.13,63.96,V2104_009
06/11/2014 03:36:00,-58.22,63.52,63.7,V2104_009
06/11/2014 15:39:00,-58.84,62.8,62.99,V2104_009
07/11/2014 03:45:00,-60.46,63.71,63,V2104_009
07/11/2014 15:45:00,-60.45,63.46,63.46,V2104_009
08/11/2014 03:42:00,-59.57,62.59,62.95,V2104_009
08/11/2014 15:43:00,-59.68,62.25,62.25,V2104_009
09/11/2014 03:45:00,-60.17,62.37,62.19,V2104_009
09/11/2014 15:41:00,-59.29,62.75,62.58,V2104_009
10/11/2014 03:46:00,-60.65,63.43,62.77,V2104_009
10/11/2014 15:47:00,-60.77,63.13,63.13,V2104_009
11/11/2014 03:49:00,-61.25,63.22,63.06,V2104_009
11/11/2014 15:47:00,-60.74,63.32,63.16,V2104_009
12/11/2014 03:44:00,-59.85,62.54,62.87,V2104_009
12/11/2014 15:39:00,-58.71,63.05,62.89,V2104_009
13/11/2014 03:44:00,-59.94,63.6,63.15,V2104_009
13/11/2014 15:41:00,-59.05,63.9,63.76,V2104_009
14/11/2014 03:35:00,-57.66,62.9,63.49,V2104_009
14/11/2014 15:40:00,-58.89,61.91,62.23,V2104_009
15/11/2014 03:51:00,-61.74,63.45,62.26,V2104_009
15/11/2014 15:51:00,-61.72,63.26,63.26,V2104_009
16/11/2014 03:44:00,-59.7,61.88,62.79,V2104_009
16/11/2014 15:46:00,-60.43,61.2,61.36,V2104_009
17/11/2014 03:44:00,-59.65,60.51,60.85,V2104_009
17/11/2014 15:38:00,-58.13,61.31,60.99,V2104_009
18/11/2014 03:40:00,-58.73,61.52,61.21,V2104_009
18/11/2014 15:36:00,-57.83,61.88,61.73,V2104_009
19/11/2014 03:45:00,-59.8,62.84,62.14,V2104_009
19/11/2014 15:53:00,-61.77,61.53,61.83,V2104_009
20/11/2014 03:52:00,-61.49,61.21,61.36,V2104_009
20/11/2014 15:50:00,-61.09,61.27,61.27,V2104_009
21/11/2014 03:45:00,-59.93,60.41,60.88,V2104_009
21/11/2014 15:44:00,-59.4,60.56,60.41,V2104_009
22/11/2014 03:43:00,-59.24,60.33,60.33,V2104_009
22/11/2014 15:40:00,-58.34,60.71,60.56,V2104_009
23/11/2014 03:46:00,-59.93,61.5,60.93,V2104_009
23/11/2014 15:48:00,-60.39,61.07,61.21,V2104_009
24/11/2014 03:45:00,-59.48,60.41,60.85,V2104_009
24/11/2014 15:41:00,-58.57,60.78,60.64,V2104_009
25/11/2014 03:46:00,-59.78,61.35,60.93,V2104_009
25/11/2014 15:44:00,-59.25,61.48,61.35,V2104_009
26/11/2014 03:44:00,-59.08,61.28,61.28,V2104_009
26/11/2014 15:49:00,-60.54,60.31,60.59,V2104_009
27/11/2014 03:48:00,-60.25,60.03,60.17,V2104_009
27/11/2014 15:45:00,-59.34,60.41,60.26,V2104_009
28/11/2014 04:02:00,-63.42,62.42,60.9,V2104_009
28/11/2014 15:57:00,-62.38,62.77,62.65,V2104_009
29/11/2014 03:43:00,-58.71,60.87,62.25,V2104_009
29/11/2014 15:45:00,-59.16,60.48,60.62,V2104_009
30/11/2014 03:47:00,-59.75,60.71,60.44,V2104_009
30/11/2014 15:46:00,-59.45,60.73,60.73,V2104_009
01/12/2014 04:00:00,-62.65,62.22,61.14,V2104_009
01/12/2014 16:01:00,-62.98,61.95,61.95,V2104_009
02/12/2014 04:16:00,-66.68,63.46,62.3,V2104_009
02/12/2014 16:19:00,-67.26,63.11,63.22,V2104_009
03/12/2014 03:52:00,-60.71,59.95,62.28,V2104_009
03/12/2014 15:43:00,-58.29,61.09,60.71,V2104_009
04/12/2014 03:47:00,-59.36,61.54,61.18,V2104_009
04/12/2014 15:38:00,-56.81,62.56,62.24,V2104_009
05/12/2014 03:35:00,-56.26,62.26,62.48,V2104_009
05/12/2014 15:39:00,-57.09,61.8,61.91,V2104_009
06/12/2014 03:39:00,-56.91,61.66,61.78,V2104_009
06/12/2014 15:45:00,-58.48,60.82,61.06,V2104_009
07/12/2014 03:45:00,-58.55,60.81,60.81,V2104_009
07/12/2014 15:46:00,-58.75,60.61,60.61,V2104_009
08/12/2014 03:48:00,-59.19,60.79,60.67,V2104_009
08/12/2014 15:45:00,-58.39,61.07,60.96,V2104_009
09/12/2014 03:46:00,-58.59,61.12,61.01,V2104_009
09/12/2014 15:43:00,-57.53,61.51,61.4,V2104_009
10/12/2014 03:43:00,-57.47,61.45,61.45,V2104_009
10/12/2014 15:48:00,-58.79,60.77,60.89,V2104_009
11/12/2014 03:45:00,-57.98,60.36,60.6,V2104_009
11/12/2014 15:44:00,-57.55,60.48,60.48,V2104_009
12/12/2014 03:48:00,-58.62,60.96,60.61,V2104_009
12/12/2014 15:41:00,-56.69,61.73,61.52,V2104_009
13/12/2014 03:51:00,-59.38,62.78,62,V2104_009
13/12/2014 15:55:00,-60.19,62.4,62.5,V2104_009
14/12/2014 03:55:00,-60.13,62.36,62.36,V2104_009
14/12/2014 15:53:00,-59.57,62.52,62.43,V2104_009
15/12/2014 03:40:00,-56.14,61.1,62.15,V2104_009
15/12/2014 15:41:00,-56.45,60.91,60.91,V2104_009
16/12/2014 03:47:00,-57.89,61.53,61.1,V2104_009
16/12/2014 15:51:00,-58.96,61.01,61.12,V2104_009
17/12/2014 03:49:00,-58.27,60.71,60.93,V2104_009
17/12/2014 15:47:00,-57.84,60.86,60.86,V2104_009
18/12/2014 04:06:00,-62.4,62.71,61.33,V2104_009
18/12/2014 16:02:00,-61.21,63.09,63.01,V2104_009
19/12/2014 03:47:00,-57.65,61.76,62.81,V2104_009
19/12/2014 15:56:00,-59.71,60.85,61.07,V2104_009
20/12/2014 03:48:00,-57.65,59.91,60.61,V2104_009
20/12/2014 15:45:00,-56.97,60.2,60.08,V2104_009
21/12/2014 03:54:00,-59.03,61.15,60.48,V2104_009
21/12/2014 15:56:00,-59.47,60.93,60.93,V2104_009
22/12/2014 03:45:00,-56.66,59.64,60.59,V2104_009
22/12/2014 15:39:00,-54.97,60.43,60.19,V2104_009
23/12/2014 03:39:00,-55.03,60.49,60.49,V2104_009
23/12/2014 15:45:00,-56.47,59.78,60.02,V2104_009
24/12/2014 03:53:00,-58.28,60.68,60.09,V2104_009
24/12/2014 15:45:00,-56.22,61.55,61.34,V2104_009
25/12/2014 03:44:00,-55.91,61.46,61.57,V2104_009
25/12/2014 15:56:00,-59.09,60.02,60.38,V2104_009
26/12/2014 04:06:00,-61.41,61.13,60.34,V2104_009
26/12/2014 16:02:00,-60.22,61.63,61.52,V2104_009
27/12/2014 03:51:00,-57.53,60.5,61.39,V2104_009
27/12/2014 15:50:00,-57.22,60.64,60.64,V2104_009
28/12/2014 03:42:00,-55.04,59.65,60.38,V2104_009
28/12/2014 15:46:00,-56.23,59.04,59.17,V2104_009
29/12/2014 03:46:00,-56.04,59.01,59.14,V2104_009
29/12/2014 15:49:00,-56.73,58.64,58.78,V2104_009
30/12/2014 03:51:00,-57.29,59.02,58.75,V2104_009
30/12/2014 15:46:00,-55.98,59.72,59.59,V2104_009
31/12/2014 03:57:00,-58.55,61.02,60.2,V2104_009
31/12/2014 15:59:00,-58.99,60.84,60.84,V2104_009
01/01/2015 03:55:00,-57.93,60.42,60.77,V2104_009
01/01/2015 15:48:00,-56.12,61.28,61.05,V2104_009
02/01/2015 03:46:00,-55.69,61.16,61.28,V2104_009
02/01/2015 15:50:00,-56.5,60.82,60.93,V2104_009
03/01/2015 03:49:00,-56.32,60.82,60.94,V2104_009
03/01/2015 15:53:00,-57.26,60.4,60.52,V2104_009
04/01/2015 03:48:00,-55.83,59.77,60.28,V2104_009
04/01/2015 15:38:00,-53.15,61.13,60.78,V2104_009
05/01/2015 03:39:00,-53.47,61.37,61.26,V2104_009
05/01/2015 15:46:00,-55.29,60.55,60.8,V2104_009
06/01/2015 03:50:00,-56.23,61.11,60.75,V2104_009
06/01/2015 15:55:00,-57.3,60.65,60.77,V2104_009
07/01/2015 03:51:00,-56.37,60.29,60.67,V2104_009
07/01/2015 15:53:00,-56.82,60.11,60.24,V2104_009
08/01/2015 03:50:00,-56.01,59.8,60.07,V2104_009
08/01/2015 15:43:00,-54.09,60.86,60.61,V2104_009
09/01/2015 03:36:00,-52.28,60.05,60.7,V2104_009
09/01/2015 15:39:00,-52.98,59.73,59.87,V2104_009
10/01/2015 03:40:00,-53.06,59.9,59.9,V2104_009
10/01/2015 15:40:00,-53.13,59.93,59.93,V2104_009
11/01/2015 03:43:00,-53.83,60.44,60.17,V2104_009
11/01/2015 15:49:00,-55.28,59.72,60,V2104_009
12/01/2015 03:41:00,-53.11,58.56,59.47,V2104_009
12/01/2015 15:18:00,-47.31,61.84,60.96,V2104_009
13/01/2015 03:18:00,-47.39,62.01,62.01,V2104_009
13/01/2015 15:37:00,-52.09,59.59,60.45,V2104_009
14/01/2015 03:40:00,-52.67,60.08,59.79,V2104_009
14/01/2015 15:35:00,-51.62,60.76,60.63,V2104_009
15/01/2015 03:33:00,-50.95,60.54,60.82,V2104_009
15/01/2015 15:43:00,-53.41,59.18,59.65,V2104_009
16/01/2015 03:39:00,-52.36,58.67,59.16,V2104_009
16/01/2015 15:38:00,-52.07,58.97,58.97,V2104_009
17/01/2015 03:46:00,-54.03,60.35,59.59,V2104_009
17/01/2015 15:36:00,-51.49,61.88,61.48,V2104_009
18/01/2015 03:22:00,-48.07,60.11,61.55,V2104_009
18/01/2015 15:34:00,-51.03,58.28,58.97,V2104_009
19/01/2015 03:33:00,-50.49,58.08,58.26,V2104_009
19/01/2015 15:31:00,-49.95,58.59,58.42,V2104_009
20/01/2015 03:42:00,-52.79,60.64,59.36,V2104_009
20/01/2015 15:37:00,-51.5,61.53,61.24,V2104_009
21/01/2015 03:26:00,-48.72,60.01,61.25,V2104_009
21/01/2015 15:34:00,-50.56,58.9,59.25,V2104_009
22/01/2015 03:29:00,-49.4,58.24,58.8,V2104_009
22/01/2015 15:26:00,-48.74,58.88,58.7,V2104_009
23/01/2015 03:34:00,-50.7,60.44,59.6,V2104_009
23/01/2015 15:44:00,-53.05,58.97,59.52,V2104_009
24/01/2015 03:50:00,-54.52,60.22,59.52,V2104_009
24/01/2015 15:50:00,-54.48,60.41,60.41,V2104_009
25/01/2015 03:42:00,-52.46,59.17,60.08,V2104_009
25/01/2015 15:30:00,-49.43,61.43,60.78,V2104_009
26/01/2015 03:30:00,-49.4,61.62,61.62,V2104_009
26/01/2015 15:45:00,-53,59.29,60.22,V2104_009
27/01/2015 03:40:00,-51.84,58.61,59.21,V2104_009
27/01/2015 15:39:00,-51.44,59.12,58.92,V2104_009
28/01/2015 03:45:00,-53.17,60.65,59.73,V2104_009
28/01/2015 15:45:00,-53.15,60.87,60.87,V2104_009
29/01/2015 03:37:00,-51,59.47,60.62,V2104_009
29/01/2015 15:44:00,-52.73,58.23,58.67,V2104_009
30/01/2015 03:47:00,-53.58,59.22,58.79,V2104_009
30/01/2015 15:40:00,-51.56,61.02,60.45,V2104_009
31/01/2015 03:35:00,-50.41,60.39,60.96,V2104_009
31/01/2015 15:01:00,-41.9,65.94,64.47,V2104_009
01/02/2015 02:57:00,-40.88,65.64,66.02,V2104_009
01/02/2015 15:31:00,-49.49,60.2,62.48,V2104_009
02/02/2015 03:38:00,-51.09,61.73,60.96,V2104_009
02/02/2015 15:40:00,-51.58,61.6,61.79,V2104_009
03/02/2015 03:30:00,-49.06,59.79,61.26,V2104_009
03/02/2015 15:29:00,-48.8,60.27,60.27,V2104_009
04/02/2015 03:37:00,-50.66,62.07,61.07,V2104_009
04/02/2015 15:44:00,-52.4,60.92,61.34,V2104_009
05/02/2015 03:38:00,-51.01,59.98,60.87,V2104_009
05/02/2015 15:36:00,-50.5,60.71,60.49,V2104_009
06/02/2015 03:36:00,-50.49,60.99,60.99,V2104_009
06/02/2015 15:31:00,-49.24,62.34,61.92,V2104_009
07/02/2015 03:28:00,-48.6,62.11,62.52,V2104_009
07/02/2015 15:33:00,-49.85,61.31,61.76,V2104_009
08/02/2015 03:26:00,-48.09,59.95,60.92,V2104_009
08/02/2015 15:26:00,-48.08,60.26,60.26,V2104_009
09/02/2015 03:25:00,-47.83,60.33,60.58,V2104_009
09/02/2015 15:32:00,-49.33,59.07,59.62,V2104_009
10/02/2015 03:27:00,-48.32,58.26,58.84,V2104_009
10/02/2015 15:25:00,-47.82,59.19,58.9,V2104_009
11/02/2015 03:23:00,-47.32,58.96,59.25,V2104_009
11/02/2015 15:21:00,-46.57,60.17,59.89,V2104_009
12/02/2015 03:16:00,-45.32,59.09,59.97,V2104_009
12/02/2015 15:17:00,-45.7,59,59.31,V2104_009
13/02/2015 03:17:00,-45.57,59.23,59.23,V2104_009
13/02/2015 15:16:00,-45.33,59.92,59.92,V2104_009
14/02/2015 03:18:00,-45.83,60.89,60.6,V2104_009
14/02/2015 15:15:00,-45.33,61.84,61.56,V2104_009
15/02/2015 03:02:00,-42.09,58.19,60.79,V2104_009
15/02/2015 15:02:00,-42.09,58.61,58.61,V2104_009
16/02/2015 03:02:00,-41.98,58.87,58.87,V2104_009
16/02/2015 15:03:00,-42.36,58.78,59.13,V2104_009
17/02/2015 03:02:00,-41.99,58.68,59.04,V2104_009
17/02/2015 15:02:00,-42.12,58.95,58.95,V2104_009
18/02/2015 03:00:00,-41.38,58.27,59.04,V2104_009
18/02/2015 14:55:00,-40.14,60.59,59.88,V2104_009
19/02/2015 02:56:00,-40.53,61.57,61.24,V2104_009
19/02/2015 15:01:00,-41.79,60.3,61.03,V2104_009
20/02/2015 02:53:00,-39.8,57.56,59.65,V2104_009
20/02/2015 14:54:00,-39.94,57.87,57.87,V2104_009
21/02/2015 03:01:00,-41.83,61.45,59.9,V2104_009
21/02/2015 15:03:00,-42.47,61.03,61.42,V2104_009
22/02/2015 03:00:00,-41.48,59.96,60.78,V2104_009
22/02/2015 14:56:00,-40.5,62.11,61.34,V2104_009
23/02/2015 02:49:00,-38.89,60.01,61.7,V2104_009
23/02/2015 14:55:00,-40.28,58.01,59,V2104_009
24/02/2015 02:56:00,-40.68,59.38,58.89,V2104_009
24/02/2015 14:56:00,-40.69,60.02,60.02,V2104_009
25/02/2015 03:09:00,-43.84,65.66,63.08,V2104_009
25/02/2015 15:13:00,-44.98,64.67,65.4,V2104_009
26/02/2015 02:52:00,-39.88,54.95,61.27,V2104_009
26/02/2015 14:46:00,-38.27,59.65,57.93,V2104_009
27/02/2015 02:49:00,-39.17,62.18,61.18,V2104_009
27/02/2015 14:57:00,-40.94,59.15,60.86,V2104_009
28/02/2015 02:53:00,-40.21,58.06,59.33,V2104_009
28/02/2015 14:53:00,-40.24,58.88,58.88,V2104_009
01/03/2015 02:59:00,-41.51,62.67,60.97,V2104_009
01/03/2015 14:57:00,-41.03,64.5,64,V2104_009
02/03/2015 02:50:00,-39.56,62.08,63.78,V2104_009
02/03/2015 14:54:00,-40.46,60.77,62.06,V2104_009
03/03/2015 02:53:00,-40.23,61.04,61.04,V2104_009
03/03/2015 14:49:00,-39.38,64.23,63,V2104_009
04/03/2015 02:49:00,-39.29,64.9,64.9,V2104_009
04/03/2015 14:58:00,-41.56,59.59,62.71,V2104_009
05/03/2015 02:55:00,-40.84,58.02,59.87,V2104_009
05/03/2015 14:52:00,-40.24,61.51,60.64,V2104_009
06/03/2015 02:51:00,-40.02,61.89,61.89,V2104_009
06/03/2015 14:38:00,-36.8,71.23,68.15,V2104_009
07/03/2015 02:33:00,-35.45,69.59,71.14,V2104_009
07/03/2015 14:44:00,-38.36,62.28,66.67,V2104_009
08/03/2015 02:43:00,-38.01,62.27,63.33,V2104_009
08/03/2015 14:48:00,-39.29,57.65,60.43,V2104_009
09/03/2015 02:45:00,-38.57,54.62,56.38,V2104_009
09/03/2015 14:46:00,-38.98,53.83,55.79,V2104_009
10/03/2015 02:43:00,-38.14,47.92,52.86,V2104_009
10/03/2015 14:41:00,-37.79,54.17,51.67,V2104_009
11/03/2015 02:50:00,-40.08,71.15,64.83,V2104_009
11/03/2015 14:33:00,-35.73,81.72,79.21,V2104_009
12/03/2015 02:20:00,-32.52,78.74,81.53,V2104_009
12/03/2015 14:14:00,-30.92,83.01,82.14,V2104_009
13/03/2015 02:14:00,-30.96,84.69,84.69,V2104_009
13/03/2015 14:40:00,-37.62,54.36,82.82,V2104_009
14/03/2015 02:37:00,-36.9,39.94,47.61,V2104_009
14/03/2015 14:39:00,-37.56,23.95,32.34,V2104_009
15/03/2015 02:40:00,-37.85,80.55,82.41,V2104_009
15/03/2015 14:40:00,-37.76,90,90,V2104_009
16/03/2015 02:42:00,-38.29,90,90,V2104_009
16/03/2015 14:40:00,-37.95,90,90,V2104_009
17/03/2015 02:46:00,-39.36,90,90,V2104_009
17/03/2015 14:50:00,-40.4,90,90,V2104_009
18/03/2015 02:42:00,-38.56,90,90,V2104_009
18/03/2015 14:43:00,-38.84,90,90,V2104_009
19/03/2015 02:43:00,-38.76,90,90,V2104_009
19/03/2015 14:34:00,-36.54,90,90,V2104_009
20/03/2015 02:34:00,-36.58,90,90,V2104_009
20/03/2015 14:57:00,-42.24,64.88,20.73,V2104_009
21/03/2015 03:00:00,-43.15,-59.08,60.75,V2104_009
21/03/2015 14:57:00,-42.32,-53.87,-58.71,V2104_009
22/03/2015 02:46:00,-39.73,-71.48,56.61,V2104_009
22/03/2015 14:52:00,-41.27,67.05,64.64,V2104_009
23/03/2015 03:02:00,-43.93,53.5,60.55,V2104_009
23/03/2015 14:56:00,-42.22,-64.79,45.28,V2104_009
24/03/2015 02:52:00,-41.38,42.03,35.95,V2104_009
24/03/2015 14:58:00,-42.92,52.44,47.16,V2104_009
25/03/2015 02:49:00,-40.83,60.89,56.91,V2104_009
25/03/2015 14:55:00,-42.24,63.92,61.75,V2104_009
26/03/2015 02:59:00,-43.28,59.76,61.38,V2104_009
26/03/2015 14:58:00,-43.07,57.7,57.7,V2104_009
27/03/2015 02:59:00,-43.23,56.05,56.05,V2104_009
27/03/2015 14:57:00,-42.77,52.79,53.88,V2104_009
28/03/2015 02:47:00,-40.43,60.15,57.07,V2104_009
28/03/2015 14:51:00,-41.59,62.1,60.22,V2104_009
29/03/2015 02:55:00,-42.51,58.94,60.28,V2104_009
29/03/2015 14:56:00,-42.67,58.37,58.37,V2104_009
30/03/2015 03:00:00,-43.96,53.49,55.19,V2104_009
30/03/2015 14:54:00,-42.24,45.04,49.65,V2104_009
31/03/2015 02:39:00,-38.66,57.5,52.97,V2104_009
31/03/2015 14:41:00,-39.32,58.28,57.65,V2104_009
01/04/2015 02:43:00,-39.86,56.2,56.86,V2104_009
01/04/2015 14:43:00,-39.77,55.06,55.06,V2104_009
02/04/2015 02:46:00,-40.55,52.03,52.81,V2104_009
02/04/2015 14:46:00,-40.72,51.64,51.64,V2104_009
03/04/2015 02:49:00,-41.38,48.79,49.64,V2104_009
03/04/2015 14:48:00,-41.17,47.12,47.12,V2104_009
04/04/2015 02:37:00,-38.33,54.95,51.65,V2104_009
04/04/2015 14:34:00,-37.74,52.68,53.33,V2104_009
05/04/2015 02:31:00,-36.9,54.22,53.61,V2104_009
05/04/2015 14:41:00,-39.69,59.22,56.36,V2104_009
06/04/2015 02:52:00,-42.35,53.2,55.47,V2104_009
06/04/2015 14:52:00,-42.38,52.57,52.57,V2104_009
07/04/2015 02:44:00,-40.42,56.32,54.8,V2104_009
07/04/2015 14:49:00,-41.58,57.81,56.46,V2104_009
08/04/2015 02:37:00,-38.74,61.64,59.89,V2104_009
08/04/2015 14:34:00,-37.9,59.94,60.65,V2104_009
09/04/2015 02:37:00,-38.81,58.1,58.49,V2104_009
09/04/2015 14:44:00,-40.59,60.18,58.75,V2104_009
10/04/2015 02:40:00,-39.75,60.87,60.54,V2104_009
10/04/2015 14:35:00,-38.28,58.34,59.75,V2104_009
11/04/2015 02:23:00,-35.57,61.5,60.28,V2104_009
11/04/2015 14:23:00,-35.47,60.92,60.92,V2104_009
12/04/2015 02:26:00,-36.38,59.39,59.72,V2104_009
12/04/2015 14:32:00,-37.66,60.51,59.59,V2104_009
13/04/2015 02:34:00,-38.2,59.48,59.79,V2104_009
13/04/2015 14:38:00,-39.48,60.55,59.67,V2104_009
14/04/2015 02:42:00,-40.51,58.95,59.56,V2104_009
14/04/2015 14:46:00,-41.42,59.59,59,V2104_009
15/04/2015 02:45:00,-41.2,59.49,59.49,V2104_009
15/04/2015 14:40:00,-40.1,57.74,58.66,V2104_009
16/04/2015 02:45:00,-41.13,56.01,56.69,V2104_009
16/04/2015 14:46:00,-41.41,55.95,55.61,V2104_009
17/04/2015 02:25:00,-36.19,61.51,59.51,V2104_009
17/04/2015 14:37:00,-39.22,63.7,62.06,V2104_009
18/04/2015 02:41:00,-40.5,62.37,62.78,V2104_009
18/04/2015 14:38:00,-39.53,61.17,61.83,V2104_009
19/04/2015 02:33:00,-38.43,61.83,61.4,V2104_009
19/04/2015 14:39:00,-39.96,62.72,61.92,V2104_009
20/04/2015 02:39:00,-39.98,62.41,62.41,V2104_009
20/04/2015 14:45:00,-41.51,63.23,62.49,V2104_009
21/04/2015 02:35:00,-38.91,64.7,64.22,V2104_009
21/04/2015 14:36:00,-39.31,64.65,64.5,V2104_009
22/04/2015 02:37:00,-39.59,64.22,64.22,V2104_009
22/04/2015 14:38:00,-39.74,64.02,64.02,V2104_009
23/04/2015 02:36:00,-39.39,63.99,63.99,V2104_009
23/04/2015 14:39:00,-40.16,64.18,63.87,V2104_009
24/04/2015 02:41:00,-40.68,63.61,63.76,V2104_009
24/04/2015 14:39:00,-40.21,63.03,63.19,V2104_009
25/04/2015 02:41:00,-40.73,62.44,62.61,V2104_009
25/04/2015 14:40:00,-40.5,62.01,62.18,V2104_009
26/04/2015 02:47:00,-42.15,60.59,60.96,V2104_009
26/04/2015 14:43:00,-41.29,59.65,60.04,V2104_009
27/04/2015 02:37:00,-39.81,60.53,60.16,V2104_009
27/04/2015 14:44:00,-41.71,61.57,60.71,V2104_009
28/04/2015 02:39:00,-40.48,62.13,61.81,V2104_009
28/04/2015 14:46:00,-42.12,62.86,62.12,V2104_009
29/04/2015 02:36:00,-39.51,64.04,63.66,V2104_009
29/04/2015 14:36:00,-39.53,63.82,63.82,V2104_009
30/04/2015 02:39:00,-40.42,63.14,63.27,V2104_009
30/04/2015 14:35:00,-39.31,62.3,62.72,V2104_009
01/05/2015 02:32:00,-38.7,62.43,62.29,V2104_009
01/05/2015 14:33:00,-38.84,62.28,62.28,V2104_009
02/05/2015 02:42:00,-41.36,60.57,61.04,V2104_009
02/05/2015 14:44:00,-41.75,60.59,60.43,V2104_009
03/05/2015 02:34:00,-39.14,61.91,61.49,V2104_009
03/05/2015 14:26:00,-37.15,60.54,61.42,V2104_009
04/05/2015 02:38:00,-40.16,58.34,59.03,V2104_009
04/05/2015 14:50:00,-43.42,60.26,58.81,V2104_009
05/05/2015 02:36:00,-39.69,62.15,61.63,V2104_009
05/05/2015 14:40:00,-40.95,62.57,62.07,V2104_009
06/05/2015 02:43:00,-41.71,62,62.13,V2104_009
06/05/2015 14:49:00,-42.97,62.42,61.94,V2104_009
07/05/2015 02:35:00,-39.6,63.72,63.41,V2104_009
07/05/2015 14:33:00,-39.11,63.33,63.44,V2104_009
08/05/2015 02:38:00,-40.24,62.67,62.78,V2104_009
08/05/2015 14:49:00,-43.12,63.68,62.76,V2104_009
09/05/2015 02:45:00,-42.13,63.9,63.8,V2104_009
09/05/2015 14:34:00,-39.39,62.64,63.45,V2104_009
10/05/2015 02:29:00,-38.02,63.03,62.93,V2104_009
10/05/2015 14:35:00,-39.65,63.5,63.02,V2104_009
11/05/2015 02:32:00,-38.9,63.61,63.52,V2104_009
11/05/2015 14:39:00,-40.78,64.1,63.59,V2104_009
12/05/2015 02:50:00,-43.53,62.97,63.25,V2104_009
12/05/2015 14:34:00,-39.28,61.02,62.42,V2104_009
13/05/2015 02:25:00,-37.16,61.8,61.59,V2104_009
13/05/2015 14:45:00,-42.04,63.5,62.11,V2104_009
14/05/2015 02:32:00,-38.91,64.35,64.12,V2104_009
14/05/2015 14:24:00,-37.04,63.62,64.09,V2104_009
15/05/2015 02:36:00,-39.91,62.48,62.75,V2104_009
15/05/2015 14:43:00,-41.66,62.96,62.52,V2104_009
16/05/2015 02:37:00,-40.16,63.32,63.24,V2104_009
16/05/2015 14:38:00,-40.53,63.3,63.22,V2104_009
17/05/2015 02:29:00,-38.03,63.92,63.78,V2104_009
17/05/2015 14:26:00,-37.4,63.61,63.76,V2104_009
18/05/2015 02:26:00,-37.4,63.48,63.48,V2104_009
18/05/2015 14:31:00,-38.64,63.72,63.43,V2104_009
19/05/2015 02:42:00,-41.39,62.77,62.92,V2104_009
19/05/2015 14:40:00,-41.01,62.52,62.6,V2104_009
20/05/2015 02:36:00,-39.75,62.79,62.72,V2104_009
20/05/2015 14:30:00,-38.37,62.23,62.56,V2104_009
21/05/2015 02:39:00,-40.61,61.33,61.51,V2104_009
21/05/2015 14:28:00,-37.98,60.2,60.98,V2104_009
22/05/2015 02:41:00,-41.22,58.64,58.99,V2104_009
22/05/2015 15:17:00,-50.09,62,59.47,V2104_009
23/05/2015 03:20:00,-50.7,61.68,61.76,V2104_009
23/05/2015 15:45:00,-57.07,63.41,62.01,V2104_009
02/09/2013 05:02:00,-75.57,77.34,77.34,V1282_006
02/09/2013 16:43:00,-70.86,76.85,77.41,V1282_006
03/09/2013 04:52:00,-73.15,76.69,76.78,V1282_006
03/09/2013 16:42:00,-70.69,76.45,76.83,V1282_006
04/09/2013 04:18:00,-64.73,77.7,77.51,V1282_006
04/09/2013 15:42:00,-55.64,76.26,77.63,V1282_006
05/09/2013 04:10:00,-62.94,74.57,75.18,V1282_006
05/09/2013 16:52:00,-73.23,77.39,75.68,V1282_006
06/09/2013 04:46:00,-71.9,77.88,77.83,V1282_006
06/09/2013 16:28:00,-67.44,77.26,77.94,V1282_006
07/09/2013 04:30:00,-68.11,77.39,77.44,V1282_006
07/09/2013 16:30:00,-68.02,77.62,77.62,V1282_006
08/09/2013 04:54:00,-74.19,76.39,76.87,V1282_006
08/09/2013 16:45:00,-71.86,75.97,76.5,V1282_006
09/09/2013 04:35:00,-69.4,77.01,76.8,V1282_006
09/09/2013 16:15:00,-64.45,75.74,76.87,V1282_006
10/09/2013 04:23:00,-66.49,75.32,75.61,V1282_006
10/09/2013 15:44:00,-56.78,70.15,74.23,V1282_006
11/09/2013 03:56:00,-59.95,67.76,69.01,V1282_006
11/09/2013 15:51:00,-58.62,66.76,67.62,V1282_006
12/09/2013 03:45:00,-57.16,68.94,68.43,V1282_006
12/09/2013 15:37:00,-55.21,67.29,68.71,V1282_006
13/09/2013 03:42:00,-56.38,66.46,67.11,V1282_006
13/09/2013 15:39:00,-55.8,66.23,66.58,V1282_006
14/09/2013 03:40:00,-56.09,66.53,66.53,V1282_006
14/09/2013 15:39:00,-55.76,66.65,67.01,V1282_006
15/09/2013 03:39:00,-55.93,67.15,67.15,V1282_006
15/09/2013 15:39:00,-55.85,67.67,67.67,V1282_006
16/09/2013 03:48:00,-58.27,64.45,66.27,V1282_006
16/09/2013 15:35:00,-55.06,56.95,62.01,V1282_006
17/09/2013 03:31:00,-54.23,-85.51,59.95,V1282_006
17/09/2013 15:32:00,-54.4,61.99,61.99,V1282_006
18/09/2013 03:30:00,-54.07,63.92,63.3,V1282_006
18/09/2013 15:40:00,-56.37,69.22,67.03,V1282_006
19/09/2013 03:38:00,-55.91,70.79,70.43,V1282_006
19/09/2013 15:29:00,-53.83,68.15,70.32,V1282_006
20/09/2013 03:36:00,-55.5,-78.15,67.36,V1282_006
20/09/2013 15:39:00,-56.42,68.66,67.59,V1282_006
21/09/2013 03:39:00,-56.47,-76.98,-76.98,V1282_006
21/09/2013 15:39:00,-56.38,70.51,70.51,V1282_006
22/09/2013 03:46:00,-58.43,-70.83,69.59,V1282_006
22/09/2013 15:35:00,-55.6,56.05,63.9,V1282_006
23/09/2013 03:34:00,-55.39,59.64,59.64,V1282_006
23/09/2013 15:41:00,-57.19,68.75,-59.77,V1282_006
24/09/2013 03:45:00,-58.35,66.51,68.36,V1282_006
24/09/2013 15:45:00,-58.15,67.36,67.36,V1282_006
25/09/2013 03:42:00,-57.57,71.36,-54.9,V1282_006
25/09/2013 15:41:00,-57.23,72.01,72.75,V1282_006
26/09/2013 03:42:00,-57.53,73.15,-51.07,V1282_006
26/09/2013 15:33:00,-55.44,-24.98,71.28,V1282_006
27/09/2013 03:41:00,-57.49,90,58.25,V1282_006
27/09/2013 15:40:00,-57.15,90,90,V1282_006
28/09/2013 03:43:00,-57.95,90,90,V1282_006
28/09/2013 15:40:00,-57.24,90,90,V1282_006
29/09/2013 03:39:00,-57.15,90,90,V1282_006
29/09/2013 15:37:00,-56.82,90,90,V1282_006
30/09/2013 03:40:00,-57.49,90,90,V1282_006
30/09/2013 15:39:00,-57.15,88.44,88.04,V1282_006
01/10/2013 03:37:00,-56.82,78.05,79.9,V1282_006
01/10/2013 15:34:00,-55.98,77.86,74.7,V1282_006
02/10/2013 03:30:00,-55.27,67.47,69.79,V1282_006
02/10/2013 15:30:00,-55.31,63.18,63.18,V1282_006
03/10/2013 03:31:00,-55.48,60.76,60.76,V1282_006
03/10/2013 15:34:00,-56.27,49.03,54.94,V1282_006
04/10/2013 03:40:00,-57.81,61.19,54.67,V1282_006
04/10/2013 15:35:00,-56.59,66.46,63.74,V1282_006
05/10/2013 03:39:00,-57.51,68.27,66.14,V1282_006
05/10/2013 15:36:00,-56.79,69.2,68.34,V1282_006
06/10/2013 03:37:00,-57.21,68.78,67.96,V1282_006
06/10/2013 15:30:00,-55.49,71.97,70.18,V1282_006
07/10/2013 03:27:00,-54.9,69.15,69.79,V1282_006
07/10/2013 15:34:00,-56.44,62.92,65.58,V1282_006
08/10/2013 03:45:00,-59.47,70.19,66.52,V1282_006
08/10/2013 15:43:00,-58.88,70.37,69.87,V1282_006
09/10/2013 03:42:00,-58.54,68.54,69.07,V1282_006
09/10/2013 15:38:00,-57.83,69.07,68.57,V1282_006
10/10/2013 03:41:00,-58.36,69.06,68.58,V1282_006
10/10/2013 15:40:00,-58.27,68.36,68.36,V1282_006
11/10/2013 03:44:00,-59.18,69.04,68.16,V1282_006
11/10/2013 15:45:00,-59.58,67.52,67.97,V1282_006
12/10/2013 03:45:00,-59.74,66.91,66.91,V1282_006
12/10/2013 15:50:00,-60.9,63.76,64.84,V1282_006
13/10/2013 03:45:00,-59.68,59.78,61.73,V1282_006
13/10/2013 15:38:00,-57.96,63.19,61.49,V1282_006
14/10/2013 03:36:00,-57.49,61.26,61.83,V1282_006
14/10/2013 15:35:00,-57.26,61.04,61.04,V1282_006
15/10/2013 03:41:00,-58.67,63.17,61.64,V1282_006
15/10/2013 15:43:00,-59.2,61.43,61.95,V1282_006
16/10/2013 03:43:00,-59.22,60.7,60.7,V1282_006
16/10/2013 15:42:00,-59.12,60.26,60.26,V1282_006
17/10/2013 03:44:00,-59.65,60.6,60.09,V1282_006
17/10/2013 15:37:00,-57.8,63.38,62.09,V1282_006
18/10/2013 03:41:00,-58.82,64.33,63.57,V1282_006
18/10/2013 15:41:00,-58.97,63.56,63.56,V1282_006
19/10/2013 03:50:00,-61.37,66.24,64.27,V1282_006
19/10/2013 15:48:00,-60.77,66.47,66.17,V1282_006
20/10/2013 03:43:00,-59.54,64.39,65.36,V1282_006
20/10/2013 15:43:00,-59.56,63.87,63.87,V1282_006
21/10/2013 03:39:00,-58.58,61.91,62.65,V1282_006
21/10/2013 15:41:00,-59.1,60.6,61,V1282_006
22/10/2013 03:45:00,-60.25,61.79,60.67,V1282_006
22/10/2013 15:47:00,-60.64,60.73,61.11,V1282_006
23/10/2013 03:52:00,-62.03,62.2,61.16,V1282_006
23/10/2013 15:49:00,-61.18,62.88,62.56,V1282_006
24/10/2013 03:51:00,-61.69,63.04,62.73,V1282_006
24/10/2013 15:49:00,-61.33,63.05,62.75,V1282_006
25/10/2013 03:54:00,-62.6,64.04,63.2,V1282_006
25/10/2013 15:46:00,-60.49,65.78,65.06,V1282_006
26/10/2013 03:41:00,-59.25,64.16,64.91,V1282_006
26/10/2013 15:40:00,-59.01,64.02,64.02,V1282_006
27/10/2013 03:41:00,-59.15,63.76,63.76,V1282_006
27/10/2013 15:40:00,-59.03,63.5,63.5,V1282_006
28/10/2013 03:35:00,-57.92,61.91,62.73,V1282_006
28/10/2013 15:34:00,-57.55,61.94,61.67,V1282_006
29/10/2013 03:44:00,-60.06,64.1,62.63,V1282_006
29/10/2013 15:45:00,-60.32,63.51,63.51,V1282_006
30/10/2013 03:48:00,-61.08,63.86,63.4,V1282_006
30/10/2013 15:40:00,-59.08,65.24,64.62,V1282_006
31/10/2013 03:42:00,-59.46,65.21,65.01,V1282_006
31/10/2013 15:34:00,-57.72,66.21,65.85,V1282_006
01/11/2013 03:34:00,-57.72,65.91,65.91,V1282_006
01/11/2013 15:44:00,-60.1,63.76,64.37,V1282_006
02/11/2013 03:41:00,-59.23,62.68,63.13,V1282_006
02/11/2013 15:39:00,-58.85,62.71,62.48,V1282_006
03/11/2013 03:49:00,-61.36,64.45,63.26,V1282_006
03/11/2013 15:49:00,-61.35,64.16,64.16,V1282_006
04/11/2013 03:47:00,-60.98,63.58,63.78,V1282_006
04/11/2013 15:44:00,-59.98,64.07,63.88,V1282_006
05/11/2013 03:48:00,-61.1,64.6,64.07,V1282_006
05/11/2013 15:50:00,-61.72,63.89,64.07,V1282_006
06/11/2013 03:48:00,-61.21,63.25,63.43,V1282_006
06/11/2013 15:46:00,-60.71,63.36,63.17,V1282_006
07/11/2013 03:46:00,-60.7,63.09,63.09,V1282_006
07/11/2013 15:46:00,-60.7,62.84,62.84,V1282_006
08/11/2013 03:51:00,-61.81,63.4,62.86,V1282_006
08/11/2013 15:44:00,-59.93,64.42,63.93,V1282_006
09/11/2013 03:40:00,-59.04,63.61,63.94,V1282_006
09/11/2013 15:41:00,-59.28,63.2,63.2,V1282_006
10/11/2013 03:44:00,-60.02,63.47,63.13,V1282_006
10/11/2013 15:43:00,-59.63,63.49,63.33,V1282_006
11/11/2013 03:42:00,-59.37,63.1,63.26,V1282_006
11/11/2013 15:42:00,-59.36,62.87,62.87,V1282_006
12/11/2013 03:41:00,-59.09,62.48,62.65,V1282_006
12/11/2013 15:43:00,-59.7,61.82,62,V1282_006
13/11/2013 03:51:00,-61.68,62.96,62.13,V1282_006
13/11/2013 15:49:00,-61.16,63.07,62.91,V1282_006
14/11/2013 03:49:00,-61.14,62.86,62.86,V1282_006
14/11/2013 15:45:00,-60.13,63.28,63.13,V1282_006
15/11/2013 03:47:00,-60.6,63.38,63.23,V1282_006
15/11/2013 15:52:00,-61.96,62.34,62.65,V1282_006
16/11/2013 03:50:00,-61.31,61.74,62.06,V1282_006
16/11/2013 15:47:00,-60.66,61.95,61.79,V1282_006
17/11/2013 03:53:00,-62.01,62.62,62,V1282_006
17/11/2013 15:48:00,-60.74,63.17,62.88,V1282_006
18/11/2013 03:50:00,-61.34,63.34,63.06,V1282_006
18/11/2013 15:51:00,-61.56,63.02,63.02,V1282_006
19/11/2013 03:54:00,-62.16,63.2,62.92,V1282_006
19/11/2013 15:56:00,-62.5,62.82,62.82,V1282_006
20/11/2013 03:54:00,-62.1,62.44,62.59,V1282_006
20/11/2013 15:50:00,-61.2,62.77,62.63,V1282_006
21/11/2013 03:51:00,-61.29,62.68,62.68,V1282_006
21/11/2013 15:50:00,-61.01,62.66,62.66,V1282_006
22/11/2013 03:46:00,-60.1,62.02,62.44,V1282_006
22/11/2013 15:48:00,-60.44,61.65,61.65,V1282_006
23/11/2013 03:51:00,-61.16,61.92,61.64,V1282_006
23/11/2013 15:47:00,-60.12,62.33,62.19,V1282_006
24/11/2013 03:56:00,-62.34,63.33,62.58,V1282_006
24/11/2013 15:51:00,-61.05,63.79,63.67,V1282_006
25/11/2013 03:43:00,-59.01,62.69,63.42,V1282_006
25/11/2013 15:41:00,-58.35,62.87,62.74,V1282_006
26/11/2013 03:44:00,-59.19,63.16,62.92,V1282_006
26/11/2013 15:56:00,-62.27,61.43,61.97,V1282_006
27/11/2013 03:47:00,-59.98,59.99,60.88,V1282_006
27/11/2013 15:41:00,-58.31,60.83,60.54,V1282_006
28/11/2013 03:56:00,-62.02,62.67,61.39,V1282_006
28/11/2013 15:55:00,-61.6,62.73,62.73,V1282_006
29/11/2013 03:48:00,-59.94,61.81,62.43,V1282_006
29/11/2013 15:49:00,-60.27,61.51,61.51,V1282_006
30/11/2013 03:49:00,-60.22,61.39,61.39,V1282_006
30/11/2013 15:43:00,-58.43,62.17,61.92,V1282_006
01/12/2013 03:42:00,-58.13,61.94,62.06,V1282_006
01/12/2013 15:47:00,-59.46,61.14,61.4,V1282_006
02/12/2013 03:46:00,-59.16,60.91,61.04,V1282_006
02/12/2013 15:38:00,-57.24,61.76,61.51,V1282_006
03/12/2013 03:46:00,-59.06,62.54,61.97,V1282_006
03/12/2013 15:52:00,-60.51,61.75,61.99,V1282_006
04/12/2013 03:52:00,-60.46,61.66,61.66,V1282_006
04/12/2013 15:52:00,-60.41,61.58,61.58,V1282_006
05/12/2013 03:57:00,-61.61,62.08,61.73,V1282_006
05/12/2013 15:52:00,-60.31,62.56,62.45,V1282_006
06/12/2013 03:49:00,-59.63,62.2,62.42,V1282_006
06/12/2013 15:44:00,-58.08,62.78,62.56,V1282_006
07/12/2013 03:44:00,-58.03,62.7,62.7,V1282_006
07/12/2013 15:49:00,-59.47,61.98,62.2,V1282_006
08/12/2013 03:58:00,-61.42,62.77,62.13,V1282_006
08/12/2013 15:57:00,-61.24,62.76,62.76,V1282_006
09/12/2013 03:54:00,-60.43,62.38,62.59,V1282_006
09/12/2013 15:55:00,-60.5,62.27,62.27,V1282_006
10/12/2013 03:54:00,-60.32,62.16,62.26,V1282_006
10/12/2013 15:49:00,-59.01,62.63,62.52,V1282_006
11/12/2013 03:52:00,-59.7,62.87,62.67,V1282_006
11/12/2013 15:51:00,-59.4,62.92,62.92,V1282_006
12/12/2013 03:57:00,-60.71,63.4,63.02,V1282_006
12/12/2013 15:54:00,-60.03,63.58,63.49,V1282_006
13/12/2013 04:01:00,-61.6,64.1,63.67,V1282_006
13/12/2013 16:03:00,-62.16,63.85,63.94,V1282_006
14/12/2013 03:57:00,-60.48,63.23,63.68,V1282_006
14/12/2013 15:52:00,-59.17,63.65,63.56,V1282_006
15/12/2013 03:49:00,-58.61,63.44,63.62,V1282_006
15/12/2013 15:47:00,-58.05,63.59,63.5,V1282_006
16/12/2013 03:51:00,-58.99,63.9,63.65,V1282_006
16/12/2013 15:51:00,-58.93,63.88,63.88,V1282_006
17/12/2013 03:52:00,-58.99,63.9,63.9,V1282_006
17/12/2013 15:51:00,-58.68,63.96,63.96,V1282_006
18/12/2013 03:36:00,-54.99,62.64,63.65,V1282_006
18/12/2013 15:41:00,-56.06,62.18,62.28,V1282_006
19/12/2013 03:50:00,-58.37,63.08,62.41,V1282_006
19/12/2013 15:43:00,-56.43,63.74,63.56,V1282_006
20/12/2013 03:44:00,-56.5,63.77,63.77,V1282_006
20/12/2013 15:57:00,-59.93,62.49,62.78,V1282_006
21/12/2013 03:56:00,-59.37,62.28,62.48,V1282_006
21/12/2013 15:45:00,-56.69,63.28,63.01,V1282_006
22/12/2013 03:46:00,-57,63.41,63.33,V1282_006
22/12/2013 15:55:00,-58.93,62.68,62.87,V1282_006
23/12/2013 03:48:00,-57.37,62.09,62.59,V1282_006
23/12/2013 15:48:00,-57.19,62.15,62.15,V1282_006
24/12/2013 03:41:00,-55.37,61.42,61.95,V1282_006
24/12/2013 15:39:00,-54.69,61.7,61.59,V1282_006
25/12/2013 03:42:00,-55.38,62.03,61.82,V1282_006
25/12/2013 15:41:00,-55.06,62.16,62.16,V1282_006
26/12/2013 03:40:00,-54.88,62.12,62.23,V1282_006
26/12/2013 15:35:00,-53.57,62.65,62.55,V1282_006
27/12/2013 03:29:00,-52,62.07,62.58,V1282_006
27/12/2013 15:38:00,-54.07,61.17,61.4,V1282_006
28/12/2013 03:43:00,-55.38,61.81,61.37,V1282_006
28/12/2013 15:33:00,-52.82,62.86,62.57,V1282_006
29/12/2013 03:28:00,-51.63,62.45,62.85,V1282_006
29/12/2013 15:36:00,-53.45,61.7,61.92,V1282_006
30/12/2013 03:27:00,-51.26,60.77,61.46,V1282_006
30/12/2013 15:26:00,-50.83,60.99,60.99,V1282_006
31/12/2013 03:28:00,-51.27,61.27,61.15,V1282_006
31/12/2013 15:27:00,-50.96,61.43,61.43,V1282_006
01/01/2014 03:44:00,-55.15,63.25,62.04,V1282_006
01/01/2014 15:34:00,-52.47,64.24,63.98,V1282_006
02/01/2014 03:11:00,-46.78,62.15,63.81,V1282_006
02/01/2014 15:21:00,-49.22,61.07,61.42,V1282_006
03/01/2014 03:22:00,-49.42,61.25,61.13,V1282_006
03/01/2014 15:20:00,-48.86,61.55,61.43,V1282_006
04/01/2014 03:18:00,-48.18,61.32,61.56,V1282_006
04/01/2014 15:19:00,-48.37,61.27,61.27,V1282_006
05/01/2014 03:22:00,-49.06,61.7,61.46,V1282_006
05/01/2014 15:20:00,-48.63,61.94,61.94,V1282_006
06/01/2014 03:19:00,-48.2,61.85,61.96,V1282_006
06/01/2014 15:24:00,-49.65,61.21,61.46,V1282_006
07/01/2014 03:31:00,-51.22,62.07,61.48,V1282_006
07/01/2014 15:17:00,-47.67,63.63,63.23,V1282_006
08/01/2014 03:31:00,-50.99,64.94,64.05,V1282_006
08/01/2014 15:42:00,-53.68,64.04,64.32,V1282_006
09/01/2014 03:24:00,-49.26,62.3,63.69,V1282_006
09/01/2014 15:28:00,-50.33,61.87,61.99,V1282_006
10/01/2014 03:30:00,-50.65,62.14,62.02,V1282_006
10/01/2014 15:22:00,-48.6,63.14,62.93,V1282_006
11/01/2014 03:19:00,-47.68,62.86,63.19,V1282_006
11/01/2014 15:27:00,-49.88,61.91,62.15,V1282_006
12/01/2014 03:31:00,-50.58,62.38,62.14,V1282_006
12/01/2014 15:33:00,-51.03,62.25,62.37,V1282_006
13/01/2014 03:29:00,-50.24,61.99,62.24,V1282_006
13/01/2014 15:40:00,-52.81,60.71,61.13,V1282_006
14/01/2014 03:42:00,-53.27,61.11,60.97,V1282_006
14/01/2014 15:36:00,-51.6,62.1,61.84,V1282_006
15/01/2014 03:40:00,-52.55,62.72,62.35,V1282_006
15/01/2014 15:32:00,-50.76,63.66,63.43,V1282_006
16/01/2014 03:39:00,-52.34,64.48,63.95,V1282_006
16/01/2014 15:43:00,-53.3,64.19,64.29,V1282_006
17/01/2014 03:31:00,-50.26,62.93,63.99,V1282_006
17/01/2014 15:26:00,-49.09,63.61,63.49,V1282_006
18/01/2014 03:29:00,-49.67,64.03,63.8,V1282_006
18/01/2014 15:36:00,-51.38,63.35,63.59,V1282_006
19/01/2014 03:21:00,-47.6,61.49,62.99,V1282_006
19/01/2014 15:23:00,-48.06,61.35,61.5,V1282_006
20/01/2014 03:34:00,-50.89,63.1,62.02,V1282_006
20/01/2014 15:35:00,-50.98,63.19,63.19,V1282_006
21/01/2014 03:40:00,-52.07,63.91,63.54,V1282_006
21/01/2014 15:40:00,-52.16,64.01,64.01,V1282_006
22/01/2014 03:42:00,-52.63,64.41,64.29,V1282_006
22/01/2014 15:40:00,-51.97,64.86,64.74,V1282_006
23/01/2014 03:28:00,-49.06,63.61,64.61,V1282_006
23/01/2014 15:33:00,-50.28,63.1,63.24,V1282_006
24/01/2014 03:18:00,-46.5,60.99,62.56,V1282_006
24/01/2014 15:15:00,-45.59,61.74,61.58,V1282_006
25/01/2014 03:15:00,-45.57,61.93,61.93,V1282_006
25/01/2014 15:22:00,-47.41,60.88,61.22,V1282_006
26/01/2014 03:17:00,-46.13,60.17,60.72,V1282_006
26/01/2014 15:12:00,-44.98,61.19,60.83,V1282_006
27/01/2014 03:17:00,-46.08,62.15,61.65,V1282_006
27/01/2014 15:18:00,-46.18,62.27,62.27,V1282_006
28/01/2014 03:08:00,-43.78,60.83,61.89,V1282_006
28/01/2014 14:59:00,-41.51,62.6,62.1,V1282_006
29/01/2014 03:09:00,-43.99,64.35,63.3,V1282_006
29/01/2014 15:26:00,-48.21,61.85,62.88,V1282_006
30/01/2014 03:20:00,-46.57,60.87,61.63,V1282_006
30/01/2014 15:19:00,-46.42,61.2,61.2,V1282_006
31/01/2014 03:20:00,-46.65,61.63,61.44,V1282_006
31/01/2014 15:20:00,-46.63,61.86,61.86,V1282_006
01/02/2014 03:25:00,-47.99,63.09,62.38,V1282_006
01/02/2014 15:28:00,-48.73,62.81,62.98,V1282_006
02/02/2014 03:26:00,-48.08,62.6,62.96,V1282_006
02/02/2014 15:27:00,-48.44,62.57,62.76,V1282_006
03/02/2014 03:34:00,-50.18,64.07,63.2,V1282_006
03/02/2014 15:42:00,-52.04,63,63.54,V1282_006
04/02/2014 03:43:00,-52.28,63.44,63.26,V1282_006
04/02/2014 15:42:00,-52.02,63.89,63.89,V1282_006
05/02/2014 03:35:00,-50.26,62.84,63.79,V1282_006
05/02/2014 15:42:00,-52,61.67,62.31,V1282_006
06/02/2014 03:41:00,-51.74,61.74,61.96,V1282_006
06/02/2014 15:37:00,-50.85,62.78,62.57,V1282_006
07/02/2014 03:40:00,-51.47,63.58,63.18,V1282_006
07/02/2014 15:40:00,-51.47,63.87,63.87,V1282_006
08/02/2014 03:33:00,-49.83,62.83,63.67,V1282_006
08/02/2014 15:36:00,-50.58,62.48,62.71,V1282_006
09/02/2014 03:35:00,-50.33,62.57,62.8,V1282_006
09/02/2014 15:35:00,-50.32,62.9,62.9,V1282_006
10/02/2014 03:35:00,-50.2,63.11,63.11,V1282_006
10/02/2014 15:38:00,-50.94,62.75,62.99,V1282_006
11/02/2014 03:40:00,-51.44,63.56,63.33,V1282_006
11/02/2014 15:41:00,-51.57,63.79,63.79,V1282_006
12/02/2014 03:34:00,-50.07,62.71,63.67,V1282_006
12/02/2014 15:35:00,-50.32,62.82,62.82,V1282_006
13/02/2014 03:44:00,-52.45,65.16,64.04,V1282_006
13/02/2014 15:47:00,-53.2,64.86,65.09,V1282_006
14/02/2014 03:47:00,-53.33,65.34,65.34,V1282_006
14/02/2014 15:47:00,-53.33,65.71,65.71,V1282_006
15/02/2014 03:44:00,-52.34,65.18,65.64,V1282_006
15/02/2014 15:53:00,-54.85,63.04,64.11,V1282_006
16/02/2014 03:50:00,-53.98,62.45,63.03,V1282_006
16/02/2014 15:45:00,-52.86,64.14,63.6,V1282_006
17/02/2014 03:42:00,-51.99,63.6,64.16,V1282_006
17/02/2014 15:45:00,-52.75,63.17,63.47,V1282_006
18/02/2014 03:43:00,-52.14,62.86,63.17,V1282_006
18/02/2014 15:40:00,-51.4,64.22,63.93,V1282_006
19/02/2014 03:42:00,-51.91,65.25,64.97,V1282_006
19/02/2014 15:48:00,-53.67,63.66,64.58,V1282_006
20/02/2014 03:47:00,-53.31,63.67,63.99,V1282_006
20/02/2014 15:46:00,-53.07,64.49,64.49,V1282_006
21/02/2014 03:37:00,-50.84,61.89,63.7,V1282_006
21/02/2014 15:39:00,-51.23,61.86,62.25,V1282_006
22/02/2014 03:39:00,-51.37,62.63,62.63,V1282_006
22/02/2014 15:42:00,-52.13,62.02,62.42,V1282_006
23/02/2014 03:39:00,-51.4,61.34,62.2,V1282_006
23/02/2014 15:38:00,-51.17,62.39,62.39,V1282_006
24/02/2014 03:36:00,-50.68,62.15,62.59,V1282_006
24/02/2014 15:36:00,-50.83,62.58,62.58,V1282_006
25/02/2014 03:29:00,-49.1,59.84,61.87,V1282_006
25/02/2014 15:26:00,-48.37,62.08,61.59,V1282_006
26/02/2014 03:28:00,-48.76,63.5,63.03,V1282_006
26/02/2014 15:21:00,-47.03,67.03,65.89,V1282_006
27/02/2014 03:18:00,-46.3,66.59,67.34,V1282_006
27/02/2014 15:16:00,-45.82,68.03,67.67,V1282_006
28/02/2014 03:04:00,-42.85,63.58,66.82,V1282_006
28/02/2014 15:06:00,-43.37,63.34,63.88,V1282_006
01/03/2014 03:03:00,-42.64,62.48,63.64,V1282_006
01/03/2014 15:04:00,-42.92,62.79,63.39,V1282_006
02/03/2014 02:57:00,-41.19,58.81,61.79,V1282_006
02/03/2014 14:53:00,-40.09,63.11,61.74,V1282_006
03/03/2014 02:49:00,-39.37,62.07,63.47,V1282_006
03/03/2014 14:46:00,-38.64,65.17,64.53,V1282_006
04/03/2014 02:43:00,-37.92,64.27,65.61,V1282_006
04/03/2014 14:46:00,-38.45,63.99,64.72,V1282_006
05/03/2014 02:46:00,-38.6,65.58,65.58,V1282_006
05/03/2014 14:47:00,-38.75,66.48,66.48,V1282_006
06/03/2014 02:42:00,-37.78,64.69,66.31,V1282_006
06/03/2014 14:44:00,-38.19,64.83,65.71,V1282_006
07/03/2014 02:44:00,-38.22,66.37,66.37,V1282_006
07/03/2014 14:46:00,-38.75,66.18,67.11,V1282_006
08/03/2014 02:41:00,-37.53,62.33,65.92,V1282_006
08/03/2014 14:43:00,-38.06,61.58,63.04,V1282_006
09/03/2014 02:46:00,-38.84,67.78,65.29,V1282_006
09/03/2014 14:49:00,-39.62,66.33,68.92,V1282_006
10/03/2014 02:45:00,-38.78,63.29,66.78,V1282_006
10/03/2014 14:46:00,-39.06,64.51,66.47,V1282_006
11/03/2014 02:45:00,-38.84,66.03,66.03,V1282_006
11/03/2014 14:49:00,-39.75,60.57,66.79,V1282_006
12/03/2014 02:43:00,-38.28,35.92,52.71,V1282_006
12/03/2014 14:43:00,-38.31,39.67,39.67,V1282_006
13/03/2014 02:53:00,-40.72,89.73,90,V1282_006
13/03/2014 14:56:00,-41.51,90,90,V1282_006
14/03/2014 02:55:00,-41.29,90,90,V1282_006
14/03/2014 14:43:00,-38.45,77.45,90,V1282_006
15/03/2014 02:33:00,-35.86,90,90,V1282_006
15/03/2014 14:49:00,-39.9,72.62,90,V1282_006
16/03/2014 02:46:00,-39.31,72.6,71.28,V1282_006
16/03/2014 14:42:00,-38.34,60.69,-19.35,V1282_006
17/03/2014 02:46:00,-39.25,90,46.87,V1282_006
17/03/2014 14:40:00,-37.91,90,90,V1282_006
18/03/2014 02:47:00,-39.57,90,90,V1282_006
18/03/2014 14:54:00,-41.36,90,90,V1282_006
19/03/2014 02:47:00,-39.65,90,90,V1282_006
19/03/2014 14:55:00,-41.68,57.16,45.95,V1282_006
20/03/2014 02:55:00,-41.72,-49.34,-49.34,V1282_006
20/03/2014 14:54:00,-41.51,49.92,49.92,V1282_006
21/03/2014 02:48:00,-40.05,59.1,54.3,V1282_006
21/03/2014 14:53:00,-41.33,63.14,59.92,V1282_006
22/03/2014 02:50:00,-40.87,-71.68,-71.05,V1282_006
22/03/2014 14:45:00,-39.66,56.68,-71.94,V1282_006
23/03/2014 02:44:00,-39.44,56.42,56.42,V1282_006
23/03/2014 14:50:00,-40.98,61.28,58.43,V1282_006
24/03/2014 02:49:00,-40.64,61.32,-78.58,V1282_006
24/03/2014 14:50:00,-40.93,60.96,60.13,V1282_006
25/03/2014 02:49:00,-40.85,60.22,60.22,V1282_006
25/03/2014 14:49:00,-40.88,59.11,59.11,V1282_006
26/03/2014 02:49:00,-40.67,58.85,58.85,V1282_006
26/03/2014 14:51:00,-41.21,59.36,-85.96,V1282_006
27/03/2014 02:45:00,-39.87,62.08,60.83,V1282_006
27/03/2014 14:42:00,-39.28,59.57,60.24,V1282_006
28/03/2014 02:55:00,-42.32,47.34,52.89,V1282_006
28/03/2014 14:58:00,-43.24,50.35,48.11,V1282_006
29/03/2014 02:52:00,-41.77,54.94,52.34,V1282_006
29/03/2014 14:48:00,-40.81,50.44,52.32,V1282_006
30/03/2014 02:46:00,-40.35,51.41,50.48,V1282_006
30/03/2014 14:49:00,-41.14,53.09,51.41,V1282_006
31/03/2014 02:45:00,-40.05,55.61,54.19,V1282_006
31/03/2014 14:45:00,-40.21,55.16,55.16,V1282_006
01/04/2014 02:46:00,-40.5,53.69,54.39,V1282_006
01/04/2014 14:54:00,-42.41,57.66,55.29,V1282_006
02/04/2014 02:49:00,-41.32,59.31,58.31,V1282_006
02/04/2014 14:44:00,-40.23,56.29,57.91,V1282_006
03/04/2014 02:44:00,-40.14,55.9,55.9,V1282_006
03/04/2014 14:43:00,-39.93,54.65,54.65,V1282_006
04/04/2014 02:38:00,-38.84,56.5,55.43,V1282_006
04/04/2014 14:42:00,-39.75,57.62,56.65,V1282_006
05/04/2014 02:38:00,-38.91,58.63,58.19,V1282_006
05/04/2014 14:40:00,-39.33,58.7,58.28,V1282_006
06/04/2014 02:44:00,-40.49,56.1,57.04,V1282_006
06/04/2014 14:44:00,-40.52,55.53,55.53,V1282_006
07/04/2014 02:38:00,-39.06,57.7,56.84,V1282_006
07/04/2014 14:45:00,-40.84,59.89,58.39,V1282_006
08/04/2014 02:49:00,-41.63,58.27,58.65,V1282_006
08/04/2014 14:56:00,-43.54,60.45,58.71,V1282_006
09/04/2014 02:51:00,-42.32,61.56,60.95,V1282_006
09/04/2014 14:48:00,-41.48,60.02,60.66,V1282_006
10/04/2014 02:54:00,-43.01,57.46,58.19,V1282_006
10/04/2014 14:55:00,-43.3,57.36,56.99,V1282_006
11/04/2014 02:48:00,-41.58,59.33,58.34,V1282_006
11/04/2014 14:49:00,-41.99,59.37,59.05,V1282_006
12/04/2014 02:46:00,-41.4,59.72,59.41,V1282_006
12/04/2014 14:44:00,-40.8,58.53,58.84,V1282_006
13/04/2014 02:37:00,-38.96,60.35,59.5,V1282_006
13/04/2014 14:38:00,-39.37,60.37,60.09,V1282_006
14/04/2014 02:43:00,-40.65,58.54,59.13,V1282_006
14/04/2014 14:46:00,-41.31,58.89,58.3,V1282_006
15/04/2014 02:35:00,-38.71,61.29,60.29,V1282_006
15/04/2014 14:38:00,-39.49,61.64,61.17,V1282_006
16/04/2014 02:38:00,-39.4,61.4,61.4,V1282_006
16/04/2014 14:36:00,-39.05,60.71,60.94,V1282_006
17/04/2014 02:38:00,-39.58,59.87,60.12,V1282_006
17/04/2014 14:41:00,-40.36,60.26,59.77,V1282_006
18/04/2014 02:33:00,-38.26,61.82,61.18,V1282_006
18/04/2014 14:35:00,-38.91,62.01,61.6,V1282_006
19/04/2014 02:34:00,-38.69,61.9,61.9,V1282_006
19/04/2014 14:33:00,-38.34,61.29,61.49,V1282_006
20/04/2014 02:31:00,-37.87,61.39,61.18,V1282_006
20/04/2014 14:35:00,-38.9,61.87,61.28,V1282_006
21/04/2014 02:39:00,-40.17,60.57,60.98,V1282_006
21/04/2014 14:35:00,-38.95,59.19,59.85,V1282_006
22/04/2014 02:37:00,-39.47,58.42,58.66,V1282_006
22/04/2014 14:32:00,-38.37,57.02,57.76,V1282_006
23/04/2014 02:32:00,-38.27,56.84,56.84,V1282_006
23/04/2014 14:33:00,-38.54,56.79,56.53,V1282_006
24/04/2014 02:27:00,-37.19,57.82,57.35,V1282_006
24/04/2014 14:35:00,-39.09,59.17,58.09,V1282_006
25/04/2014 02:39:00,-40.36,57.81,58.25,V1282_006
25/04/2014 14:40:00,-40.63,57.75,57.53,V1282_006
26/04/2014 02:27:00,-37.4,60.12,59.36,V1282_006
26/04/2014 14:32:00,-38.55,60.67,60.13,V1282_006
27/04/2014 02:25:00,-36.69,61.67,61.35,V1282_006
27/04/2014 14:29:00,-37.71,62.04,61.58,V1282_006
28/04/2014 02:33:00,-38.73,61.18,61.34,V1282_006
28/04/2014 14:29:00,-38,60.45,60.78,V1282_006
29/04/2014 02:28:00,-37.64,60.46,60.46,V1282_006
29/04/2014 14:25:00,-36.79,59.63,59.97,V1282_006
30/04/2014 02:29:00,-37.93,58.58,58.76,V1282_006
30/04/2014 14:29:00,-37.82,58.24,58.24,V1282_006
01/05/2014 02:35:00,-39.33,56.82,57.23,V1282_006
01/05/2014 14:30:00,-38.1,55.52,56.16,V1282_006
02/05/2014 02:26:00,-37.36,55.93,55.71,V1282_006
02/05/2014 14:40:00,-40.88,58.41,56.72,V1282_006
03/05/2014 02:35:00,-39.39,59.21,58.88,V1282_006
03/05/2014 14:30:00,-38.28,58.23,58.75,V1282_006
04/05/2014 02:25:00,-37.04,58.87,58.53,V1282_006
04/05/2014 14:46:00,-42.3,61.7,59.6,V1282_006
05/05/2014 02:35:00,-39.44,62.88,62.54,V1282_006
05/05/2014 14:16:00,-34.82,60.38,62.18,V1282_006
06/05/2014 02:24:00,-36.83,59,59.3,V1282_006
06/05/2014 14:34:00,-39.34,60.26,59.25,V1282_006
07/05/2014 02:30:00,-38.35,60.61,60.48,V1282_006
07/05/2014 14:30:00,-38.24,60.36,60.36,V1282_006
08/05/2014 02:33:00,-38.99,59.76,59.9,V1282_006
08/05/2014 14:37:00,-40.13,60.18,59.78,V1282_006
09/05/2014 02:35:00,-39.51,60.33,60.2,V1282_006
09/05/2014 14:47:00,-42.64,61.65,60.59,V1282_006
10/05/2014 02:41:00,-41.14,62.13,62.02,V1282_006
10/05/2014 14:36:00,-39.9,61.42,61.86,V1282_006
11/05/2014 02:29:00,-38.03,62.06,61.85,V1282_006
11/05/2014 14:33:00,-39.03,62.3,62,V1282_006
12/05/2014 02:43:00,-41.66,61.04,61.37,V1282_006
12/05/2014 14:42:00,-41.53,60.83,60.83,V1282_006
13/05/2014 02:32:00,-38.91,61.78,61.48,V1282_006
13/05/2014 14:28:00,-37.91,61.22,61.53,V1282_006
14/05/2014 02:27:00,-37.66,61.17,61.17,V1282_006
14/05/2014 14:33:00,-39.04,61.58,61.18,V1282_006
15/05/2014 02:28:00,-37.79,61.91,61.82,V1282_006
15/05/2014 14:30:00,-38.41,62,61.82,V1282_006
16/05/2014 02:37:00,-40.16,61.19,61.39,V1282_006
16/05/2014 14:32:00,-38.91,60.55,60.96,V1282_006
17/05/2014 02:22:00,-36.53,61.35,61.16,V1282_006
17/05/2014 14:40:00,-40.9,62.72,61.54,V1282_006
18/05/2014 02:24:00,-37.02,63.7,63.5,V1282_006
18/05/2014 14:26:00,-37.51,63.71,63.58,V1282_006
19/05/2014 02:29:00,-38.01,63.46,63.46,V1282_006
19/05/2014 14:35:00,-39.5,63.72,63.4,V1282_006
20/05/2014 02:27:00,-37.62,64.05,63.99,V1282_006
20/05/2014 14:22:00,-36.49,63.67,63.9,V1282_006
21/05/2014 02:37:00,-39.98,62.64,62.85,V1282_006
21/05/2014 14:32:00,-38.85,62.2,62.49,V1282_006
22/05/2014 02:25:00,-36.97,62.62,62.55,V1282_006
22/05/2014 14:26:00,-37.33,62.61,62.55,V1282_006
03/09/2014 15:11:00,-48.04,68.19,68.19,V1282_006
04/09/2014 03:11:00,-47.96,68.63,68.63,V1282_006
04/09/2014 16:41:00,-70.5,77.05,72.6,V1282_006
05/09/2014 04:31:00,-68.17,77.69,77.6,V1282_006
05/09/2014 16:43:00,-71.09,78.34,78.02,V1282_006
06/09/2014 04:36:00,-69.38,78.79,78.75,V1282_006
06/09/2014 16:24:00,-66.42,78.61,78.94,V1282_006
07/09/2014 04:32:00,-68.46,78.55,78.63,V1282_006
07/09/2014 16:28:00,-67.5,78.63,78.75,V1282_006
08/09/2014 04:38:00,-70.05,78.47,78.55,V1282_006
08/09/2014 16:32:00,-68.59,78.45,78.63,V1282_006
09/09/2014 04:46:00,-72.14,78.02,78.23,V1282_006
09/09/2014 16:22:00,-66.18,76.8,77.96,V1282_006
10/09/2014 04:39:00,-70.35,75.78,76.22,V1282_006
10/09/2014 16:31:00,-68.51,75.4,75.88,V1282_006
11/09/2014 04:35:00,-69.68,75.3,75.51,V1282_006
11/09/2014 16:43:00,-71.6,76.39,75.91,V1282_006
12/09/2014 04:48:00,-72.9,76.27,76.46,V1282_006
12/09/2014 16:21:00,-66.32,73.43,75.65,V1282_006
13/09/2014 04:16:00,-64.98,74.64,74.37,V1282_006
13/09/2014 16:02:00,-61.53,72.94,74.37,V1282_006
14/09/2014 03:58:00,-60.57,74.07,73.91,V1282_006
14/09/2014 15:50:00,-58.62,73.2,74.05,V1282_006
15/09/2014 03:54:00,-59.66,72.96,73.34,V1282_006
15/09/2014 15:48:00,-58.33,72.38,73,V1282_006
16/09/2014 03:52:00,-59.25,72.17,72.4,V1282_006
16/09/2014 15:41:00,-56.54,69.87,71.55,V1282_006
17/09/2014 03:33:00,-54.46,72.77,72.05,V1282_006
17/09/2014 15:24:00,-52.51,71.36,72.67,V1282_006
18/09/2014 03:40:00,-56.43,66.43,69.36,V1282_006
18/09/2014 15:34:00,-54.97,64.12,65.82,V1282_006
19/09/2014 03:35:00,-55.27,64.51,-81.86,V1282_006
19/09/2014 15:37:00,-55.94,66.94,66.4,V1282_006
20/09/2014 03:41:00,-56.73,66.29,66.86,V1282_006
20/09/2014 15:37:00,-55.9,65.19,-77.7,V1282_006
21/09/2014 03:35:00,-55.44,67.57,66.98,V1282_006
21/09/2014 15:34:00,-55.11,67.82,68.41,V1282_006
22/09/2014 03:33:00,-55.03,69.28,69.28,V1282_006
22/09/2014 15:32:00,-54.83,-72.11,-72.11,V1282_006
23/09/2014 03:34:00,-55.37,-69.76,70.57,V1282_006
23/09/2014 15:34:00,-55.41,71.28,71.28,V1282_006
24/09/2014 03:43:00,-57.58,66.62,69.89,V1282_006
24/09/2014 15:32:00,-55.13,52.25,62.66,V1282_006
25/09/2014 03:35:00,-55.8,46.11,50.49,V1282_006
25/09/2014 15:40:00,-56.96,-38.48,58.51,V1282_006
26/09/2014 03:43:00,-57.88,57.87,62.77,V1282_006
26/09/2014 15:35:00,-56.05,90,5.84,V1282_006
27/09/2014 03:31:00,-54.84,57.71,42.38,V1282_006
27/09/2014 15:34:00,-55.76,-22.77,-13.22,V1282_006
28/09/2014 03:35:00,-56.18,-14.8,73.21,V1282_006
28/09/2014 15:27:00,-54.22,90,67.4,V1282_006
29/09/2014 03:28:00,-54.51,90,90,V1282_006
29/09/2014 15:34:00,-55.93,6.03,74.01,V1282_006
30/09/2014 03:38:00,-56.97,80.24,82.9,V1282_006
30/09/2014 15:30:00,-55.01,90,83.64,V1282_006
01/10/2014 03:30:00,-54.92,75.64,75.64,V1282_006
01/10/2014 15:28:00,-54.59,71.81,68.53,V1282_006
02/10/2014 03:30:00,-55.26,72.08,69.85,V1282_006
02/10/2014 15:25:00,-54.04,75.56,73.02,V1282_006
03/10/2014 03:45:00,-59.09,83.13,79.49,V1282_006
03/10/2014 15:51:00,-60.5,80,81.01,V1282_006
04/10/2014 03:42:00,-58.16,72.44,76.12,V1282_006
04/10/2014 15:45:00,-59.08,66.25,68.69,V1282_006
05/10/2014 03:42:00,-58.36,59.27,60.98,V1282_006
05/10/2014 15:34:00,-56.4,67.81,63.27,V1282_006
06/10/2014 03:41:00,-58.06,71.33,69.15,V1282_006
06/10/2014 15:38:00,-57.35,71.76,71.16,V1282_006
07/10/2014 03:44:00,-58.89,73.53,72.09,V1282_006
07/10/2014 15:37:00,-57.3,75,73.89,V1282_006
08/10/2014 03:37:00,-57.33,74,74,V1282_006
08/10/2014 15:42:00,-58.49,71.12,72.01,V1282_006
09/10/2014 03:39:00,-57.9,68.8,69.33,V1282_006
09/10/2014 15:28:00,-55.31,72.48,70.48,V1282_006
10/10/2014 03:37:00,-57.35,74.18,72.65,V1282_006
10/10/2014 15:34:00,-56.75,74.12,73.84,V1282_006
11/10/2014 03:32:00,-56.29,72.81,73.1,V1282_006
11/10/2014 15:31:00,-56.19,72.22,72.22,V1282_006
12/10/2014 03:19:00,-53.1,66.64,69.62,V1282_006
12/10/2014 15:24:00,-54.38,63.07,64.22,V1282_006
13/10/2014 03:34:00,-57.04,67.46,64.68,V1282_006
13/10/2014 15:37:00,-57.57,65.81,66.26,V1282_006
14/10/2014 03:37:00,-57.6,65.04,65.04,V1282_006
14/10/2014 15:24:00,-54.5,69.17,67.45,V1282_006
15/10/2014 03:30:00,-56.03,70.33,69.16,V1282_006
15/10/2014 15:26:00,-55.06,70.81,70.28,V1282_006
16/10/2014 03:28:00,-55.59,70.75,70.5,V1282_006
16/10/2014 15:36:00,-57.61,67.94,68.84,V1282_006
17/10/2014 03:40:00,-58.64,68.56,67.97,V1282_006
17/10/2014 15:30:00,-56.16,70.59,69.63,V1282_006
18/10/2014 03:25:00,-54.94,68.85,69.61,V1282_006
18/10/2014 15:29:00,-55.96,67.2,67.78,V1282_006
19/10/2014 03:33:00,-56.99,67.81,67.25,V1282_006
19/10/2014 15:33:00,-57.01,67.3,67.3,V1282_006
20/10/2014 03:38:00,-58.16,67.99,67.2,V1282_006
20/10/2014 15:40:00,-58.68,66.98,67.25,V1282_006
21/10/2014 03:38:00,-58.32,66.08,66.36,V1282_006
21/10/2014 15:29:00,-56.09,67.94,66.96,V1282_006
22/10/2014 03:25:00,-55.11,66.5,67.01,V1282_006
22/10/2014 15:20:00,-53.88,67.3,66.82,V1282_006
23/10/2014 03:29:00,-56.15,68.84,67.56,V1282_006
23/10/2014 15:35:00,-57.79,67.02,67.7,V1282_006
24/10/2014 03:34:00,-57.56,66.37,66.61,V1282_006
24/10/2014 15:38:00,-58.45,65.08,65.34,V1282_006
25/10/2014 03:39:00,-58.59,64.79,64.79,V1282_006
25/10/2014 15:36:00,-57.98,65.02,64.76,V1282_006
26/10/2014 03:34:00,-57.49,64.1,64.36,V1282_006
26/10/2014 15:39:00,-58.76,62.3,62.87,V1282_006
27/10/2014 03:46:00,-60.52,63.82,62.75,V1282_006
27/10/2014 15:39:00,-58.78,65.14,64.43,V1282_006
28/10/2014 03:40:00,-59.04,65,64.77,V1282_006
28/10/2014 15:32:00,-57.05,66.34,65.73,V1282_006
29/10/2014 03:26:00,-55.69,64.85,65.49,V1282_006
29/10/2014 15:34:00,-57.57,62.71,63.45,V1282_006
30/10/2014 03:39:00,-58.83,63.57,62.85,V1282_006
30/10/2014 15:36:00,-58.08,63.92,63.69,V1282_006
31/10/2014 03:42:00,-59.46,64.77,64.13,V1282_006
31/10/2014 15:45:00,-60.34,63.69,63.91,V1282_006
01/11/2014 03:43:00,-59.72,62.8,63.25,V1282_006
01/11/2014 15:38:00,-58.48,63.59,63.16,V1282_006
02/11/2014 03:42:00,-59.48,64.12,63.49,V1282_006
02/11/2014 15:41:00,-59.36,63.91,63.91,V1282_006
03/11/2014 03:37:00,-58.23,62.66,63.3,V1282_006
03/11/2014 15:35:00,-57.86,62.68,62.47,V1282_006
04/11/2014 03:41:00,-59.23,63.53,62.92,V1282_006
04/11/2014 15:40:00,-59.1,63.34,63.34,V1282_006
05/11/2014 03:38:00,-58.73,62.75,62.96,V1282_006
05/11/2014 15:36:00,-58.1,62.98,62.78,V1282_006
06/11/2014 03:36:00,-58.22,62.8,62.8,V1282_006
06/11/2014 15:39:00,-58.84,62.02,62.22,V1282_006
07/11/2014 03:40:00,-58.96,61.85,61.85,V1282_006
07/11/2014 15:38:00,-58.58,61.89,61.69,V1282_006
08/11/2014 03:45:00,-60.44,63.08,62.13,V1282_006
08/11/2014 15:44:00,-59.93,63.19,63.01,V1282_006
09/11/2014 03:39:00,-58.67,62.01,62.58,V1282_006
09/11/2014 15:33:00,-57.29,62.79,62.43,V1282_006
10/11/2014 03:41:00,-59.28,63.91,63.08,V1282_006
10/11/2014 15:35:00,-57.89,64.55,64.24,V1282_006
11/11/2014 03:38:00,-58.5,64.7,64.4,V1282_006
11/11/2014 15:43:00,-59.61,63.79,63.95,V1282_006
12/11/2014 03:40:00,-58.97,63.17,63.5,V1282_006
12/11/2014 15:36:00,-57.96,63.6,63.44,V1282_006
13/11/2014 03:37:00,-58.19,63.54,63.38,V1282_006
13/11/2014 15:38:00,-58.42,63.17,63.17,V1282_006
14/11/2014 03:38:00,-58.41,62.97,62.97,V1282_006
14/11/2014 15:43:00,-59.51,62.02,62.19,V1282_006
15/11/2014 03:44:00,-59.87,62.07,61.9,V1282_006
15/11/2014 15:39:00,-58.47,62.75,62.44,V1282_006
16/11/2014 03:42:00,-59.2,63.01,62.71,V1282_006
16/11/2014 15:41:00,-59.05,62.9,62.9,V1282_006
17/11/2014 03:39:00,-58.53,62.41,62.56,V1282_006
17/11/2014 15:39:00,-58.5,62.22,62.22,V1282_006
18/11/2014 03:39:00,-58.35,61.96,61.96,V1282_006
18/11/2014 15:40:00,-58.7,61.54,61.54,V1282_006
19/11/2014 03:54:00,-62.17,63.42,62.14,V1282_006
19/11/2014 15:50:00,-61.27,63.71,63.58,V1282_006
20/11/2014 03:38:00,-58.12,61.79,63.09,V1282_006
20/11/2014 15:40:00,-58.59,61.32,61.47,V1282_006
21/11/2014 03:47:00,-60.43,62.27,61.53,V1282_006
21/11/2014 15:42:00,-59.03,62.87,62.6,V1282_006
22/11/2014 03:40:00,-58.37,62.38,62.65,V1282_006
22/11/2014 15:43:00,-59.09,61.8,61.94,V1282_006
23/11/2014 03:46:00,-59.93,62.14,61.86,V1282_006
23/11/2014 15:48:00,-60.39,61.71,61.85,V1282_006
24/11/2014 03:50:00,-60.98,61.91,61.63,V1282_006
24/11/2014 15:46:00,-59.82,62.38,62.25,V1282_006
25/11/2014 03:41:00,-58.41,61.49,62.04,V1282_006
25/11/2014 15:41:00,-58.5,61.28,61.28,V1282_006
26/11/2014 03:44:00,-59.21,61.56,61.28,V1282_006
26/11/2014 15:48:00,-60.29,60.79,60.93,V1282_006
27/11/2014 03:55:00,-61.88,61.57,61.02,V1282_006
27/11/2014 15:50:00,-60.59,62.1,61.84,V1282_006
28/11/2014 03:48:00,-60.04,61.72,61.98,V1282_006
28/11/2014 15:48:00,-60.13,61.53,61.53,V1282_006
29/11/2014 03:56:00,-61.83,62.31,61.68,V1282_006
29/11/2014 15:50:00,-60.54,62.79,62.67,V1282_006
30/11/2014 03:43:00,-58.62,61.77,62.51,V1282_006
30/11/2014 15:45:00,-59.2,61.34,61.47,V1282_006
01/12/2014 03:54:00,-61.15,62.23,61.49,V1282_006
01/12/2014 15:55:00,-61.36,62.01,62.01,V1282_006
02/12/2014 03:49:00,-60.06,61.28,61.78,V1282_006
02/12/2014 15:49:00,-60.01,61.18,61.18,V1282_006
03/12/2014 03:48:00,-59.59,60.89,61.02,V1282_006
03/12/2014 15:42:00,-57.91,61.62,61.37,V1282_006
04/12/2014 03:44:00,-58.49,61.83,61.59,V1282_006
04/12/2014 15:35:00,-56.31,62.71,62.49,V1282_006
05/12/2014 03:31:00,-55.14,62.12,62.46,V1282_006
05/12/2014 15:36:00,-56.46,61.39,61.51,V1282_006
06/12/2014 03:41:00,-57.41,61.79,61.43,V1282_006
06/12/2014 15:42:00,-57.61,61.59,61.59,V1282_006
07/12/2014 03:39:00,-56.8,61.15,61.4,V1282_006
07/12/2014 15:38:00,-56.63,61.14,61.14,V1282_006
08/12/2014 03:42:00,-57.45,61.49,61.25,V1282_006
08/12/2014 15:42:00,-57.39,61.42,61.42,V1282_006
09/12/2014 03:47:00,-58.71,61.98,61.53,V1282_006
09/12/2014 15:44:00,-57.78,62.3,62.19,V1282_006
10/12/2014 03:43:00,-57.47,62.13,62.24,V1282_006
10/12/2014 15:48:00,-58.92,61.41,61.63,V1282_006
11/12/2014 03:48:00,-58.86,61.35,61.35,V1282_006
11/12/2014 15:45:00,-57.8,61.75,61.64,V1282_006
12/12/2014 03:49:00,-58.87,62.19,61.86,V1282_006
12/12/2014 15:38:00,-55.94,63.28,63,V1282_006
13/12/2014 03:39:00,-56.13,63.33,63.24,V1282_006
13/12/2014 15:39:00,-56.19,63.24,63.24,V1282_006
14/12/2014 03:36:00,-55.38,62.92,63.11,V1282_006
14/12/2014 15:36:00,-55.45,62.84,62.84,V1282_006
15/12/2014 03:34:00,-54.89,62.61,62.8,V1282_006
15/12/2014 15:47:00,-57.95,61.25,61.59,V1282_006
16/12/2014 03:56:00,-60.14,62.19,61.55,V1282_006
16/12/2014 15:53:00,-59.21,62.52,62.42,V1282_006
17/12/2014 03:49:00,-58.27,62.14,62.44,V1282_006
17/12/2014 15:46:00,-57.46,62.42,62.32,V1282_006
18/12/2014 03:46:00,-57.4,62.4,62.4,V1282_006
18/12/2014 15:42:00,-56.34,62.78,62.68,V1282_006
19/12/2014 03:54:00,-59.4,63.88,63.09,V1282_006
19/12/2014 15:58:00,-60.21,63.57,63.66,V1282_006
20/12/2014 03:48:00,-57.78,62.69,63.34,V1282_006
20/12/2014 15:48:00,-57.72,62.68,62.68,V1282_006
21/12/2014 03:44:00,-56.53,62.24,62.63,V1282_006
21/12/2014 15:47:00,-57.34,61.87,61.98,V1282_006
22/12/2014 03:48:00,-57.53,61.98,61.87,V1282_006
22/12/2014 15:39:00,-55.09,62.92,62.73,V1282_006
23/12/2014 03:45:00,-56.66,63.51,63.06,V1282_006
23/12/2014 15:46:00,-56.84,63.43,63.43,V1282_006
24/12/2014 03:41:00,-55.28,62.89,63.35,V1282_006
24/12/2014 15:47:00,-56.97,62.22,62.42,V1282_006
25/12/2014 03:44:00,-56.03,61.87,62.18,V1282_006
25/12/2014 15:49:00,-57.34,61.29,61.4,V1282_006
26/12/2014 04:12:00,-63.03,63.59,61.96,V1282_006
26/12/2014 16:02:00,-60.35,64.47,64.31,V1282_006
27/12/2014 03:44:00,-55.79,62.95,64.18,V1282_006
27/12/2014 15:56:00,-58.6,61.82,62.14,V1282_006
28/12/2014 04:00:00,-59.54,62.27,61.96,V1282_006
28/12/2014 15:56:00,-58.6,62.65,62.55,V1282_006
29/12/2014 03:53:00,-57.79,62.39,62.59,V1282_006
29/12/2014 15:59:00,-59.35,61.74,61.95,V1282_006
30/12/2014 03:59:00,-59.29,61.78,61.78,V1282_006
30/12/2014 15:56:00,-58.48,62.14,62.04,V1282_006
31/12/2014 03:58:00,-58.67,62.29,62.19,V1282_006
31/12/2014 15:54:00,-57.74,62.69,62.59,V1282_006
01/01/2015 03:45:00,-55.55,61.85,62.59,V1282_006
01/01/2015 15:49:00,-56.5,61.46,61.57,V1282_006
02/01/2015 03:48:00,-56.06,61.34,61.45,V1282_006
02/01/2015 15:46:00,-55.63,61.57,61.57,V1282_006
03/01/2015 03:48:00,-55.94,61.8,61.69,V1282_006
03/01/2015 15:50:00,-56.51,61.58,61.69,V1282_006
04/01/2015 03:54:00,-57.2,61.98,61.76,V1282_006
04/01/2015 16:00:00,-58.65,61.36,61.6,V1282_006
05/01/2015 03:48:00,-55.84,60.04,61.07,V1282_006
05/01/2015 15:45:00,-54.79,60.64,60.51,V1282_006
06/01/2015 03:45:00,-54.98,60.85,60.72,V1282_006
06/01/2015 15:52:00,-56.55,60.07,60.34,V1282_006
07/01/2015 03:50:00,-56,59.88,60.16,V1282_006
07/01/2015 15:46:00,-54.94,60.51,60.38,V1282_006
08/01/2015 03:50:00,-55.89,61.12,60.73,V1282_006
08/01/2015 15:47:00,-55.21,61.52,61.39,V1282_006
09/01/2015 03:51:00,-56.16,62.09,61.73,V1282_006
09/01/2015 15:54:00,-56.61,61.94,61.94,V1282_006
10/01/2015 03:43:00,-53.8,60.64,61.68,V1282_006
10/01/2015 15:48:00,-55.13,59.98,60.26,V1282_006
11/01/2015 03:47:00,-54.95,60.01,60.16,V1282_006
11/01/2015 15:47:00,-54.9,60.12,60.12,V1282_006
12/01/2015 03:53:00,-56.23,61,60.45,V1282_006
12/01/2015 15:49:00,-55.31,61.57,61.44,V1282_006
13/01/2015 03:42:00,-53.26,60.61,61.42,V1282_006
13/01/2015 15:47:00,-54.71,59.85,60.15,V1282_006
14/01/2015 03:40:00,-52.79,58.79,59.59,V1282_006
14/01/2015 15:38:00,-52.12,59.32,59.16,V1282_006
15/01/2015 03:40:00,-52.58,59.77,59.61,V1282_006
15/01/2015 15:41:00,-52.91,59.66,59.66,V1282_006
16/01/2015 03:37:00,-51.74,59.07,59.56,V1282_006
16/01/2015 15:31:00,-50.19,60.17,59.86,V1282_006
17/01/2015 03:31:00,-50.15,60.31,60.31,V1282_006
17/01/2015 15:27:00,-49.36,60.9,60.75,V1282_006
18/01/2015 03:27:00,-49.32,61.05,61.05,V1282_006
18/01/2015 15:34:00,-51.03,60.12,60.44,V1282_006
19/01/2015 03:30:00,-49.99,59.62,60.11,V1282_006
19/01/2015 15:24:00,-48.33,60.82,60.51,V1282_006
20/01/2015 03:25:00,-48.54,61.13,60.98,V1282_006
20/01/2015 15:26:00,-48.88,61.06,61.06,V1282_006
21/01/2015 03:21:00,-47.47,60.34,60.99,V1282_006
21/01/2015 15:29:00,-49.56,59.03,59.57,V1282_006
22/01/2015 03:29:00,-49.4,59.12,59.12,V1282_006
22/01/2015 15:28:00,-49.11,59.48,59.48,V1282_006
23/01/2015 03:19:00,-46.83,57.93,59.11,V1282_006
23/01/2015 15:21:00,-47.3,57.71,57.92,V1282_006
24/01/2015 03:22:00,-47.39,58.01,58.01,V1282_006
24/01/2015 15:19:00,-46.74,58.71,58.51,V1282_006
25/01/2015 03:20:00,-46.96,59.1,58.91,V1282_006
25/01/2015 15:16:00,-45.93,60.06,59.87,V1282_006
26/01/2015 03:21:00,-47.15,61.15,60.62,V1282_006
26/01/2015 15:28:00,-49,60,60.56,V1282_006
27/01/2015 03:25:00,-48.22,59.63,60.02,V1282_006
27/01/2015 15:27:00,-48.57,59.55,59.55,V1282_006
28/01/2015 03:26:00,-48.29,59.56,59.76,V1282_006
28/01/2015 15:24:00,-47.9,60.08,59.88,V1282_006
29/01/2015 03:27:00,-48.5,60.79,60.4,V1282_006
29/01/2015 15:32:00,-49.73,60.04,60.43,V1282_006
30/01/2015 03:28:00,-48.7,59.44,60.06,V1282_006
30/01/2015 15:25:00,-47.93,60.3,60.09,V1282_006
31/01/2015 03:24:00,-47.66,60.33,60.54,V1282_006
31/01/2015 15:24:00,-47.77,60.47,60.47,V1282_006
01/02/2015 03:17:00,-45.88,59.09,60.19,V1282_006
01/02/2015 15:13:00,-44.86,60.23,60.01,V1282_006
02/02/2015 03:18:00,-45.97,61.42,60.8,V1282_006
02/02/2015 15:18:00,-46.08,61.57,61.57,V1282_006
03/02/2015 03:18:00,-46.06,61.83,61.83,V1282_006
03/02/2015 15:15:00,-45.18,62.77,62.58,V1282_006
04/02/2015 03:01:00,-41.79,60.22,62.15,V1282_006
04/02/2015 15:00:00,-41.4,60.84,60.62,V1282_006
05/02/2015 02:56:00,-40.51,60.32,60.78,V1282_006
05/02/2015 15:00:00,-41.38,59.77,60.02,V1282_006
06/02/2015 03:05:00,-42.74,61.36,60.67,V1282_006
06/02/2015 15:04:00,-42.61,61.77,61.77,V1282_006
07/02/2015 02:53:00,-39.73,59.28,61.04,V1282_006
07/02/2015 14:47:00,-38.22,61.1,60.62,V1282_006
08/02/2015 02:43:00,-37.34,60.56,61.05,V1282_006
08/02/2015 14:50:00,-38.96,59.16,59.71,V1282_006
09/02/2015 02:49:00,-38.58,59.07,59.36,V1282_006
09/02/2015 14:48:00,-38.33,59.7,59.7,V1282_006
10/02/2015 02:42:00,-37.07,58.59,59.48,V1282_006
10/02/2015 14:41:00,-36.82,59.25,59.25,V1282_006
11/02/2015 02:42:00,-36.94,59.75,59.75,V1282_006
11/02/2015 14:43:00,-37.32,59.68,59.97,V1282_006
12/02/2015 02:41:00,-36.82,59.45,59.75,V1282_006
12/02/2015 14:39:00,-36.32,60.43,60.13,V1282_006
13/02/2015 02:41:00,-36.7,61.24,60.96,V1282_006
13/02/2015 14:38:00,-35.95,62.45,62.18,V1282_006
14/02/2015 02:32:00,-34.33,61,62.15,V1282_006
14/02/2015 14:37:00,-35.71,59.68,60.33,V1282_006
15/02/2015 02:38:00,-35.96,60.43,60.1,V1282_006
15/02/2015 14:48:00,-38.34,57.5,59,V1282_006
16/02/2015 02:45:00,-37.72,56.96,57.37,V1282_006
16/02/2015 14:44:00,-37.48,57.83,57.83,V1282_006
17/02/2015 02:46:00,-37.87,58.89,58.5,V1282_006
17/02/2015 14:46:00,-38,59.17,59.17,V1282_006
18/02/2015 02:47:00,-38.26,60.03,59.65,V1282_006
18/02/2015 14:57:00,-40.64,56.6,58.36,V1282_006
19/02/2015 02:58:00,-40.9,57.58,57.13,V1282_006
19/02/2015 14:54:00,-39.92,59.8,58.97,V1282_006
20/02/2015 02:45:00,-37.8,56.55,58.86,V1282_006
20/02/2015 14:44:00,-37.57,57.59,57.59,V1282_006
21/02/2015 02:49:00,-38.83,60.39,59.09,V1282_006
21/02/2015 14:46:00,-38.09,62.13,61.75,V1282_006
22/02/2015 02:44:00,-37.73,62.11,62.5,V1282_006
22/02/2015 14:41:00,-37,63.8,63.44,V1282_006
23/02/2015 02:40:00,-36.64,63.82,64.18,V1282_006
23/02/2015 14:50:00,-39.16,60.24,62.05,V1282_006
24/02/2015 02:43:00,-37.55,57.5,59.66,V1282_006
24/02/2015 14:38:00,-36.07,61.29,59.81,V1282_006
25/02/2015 02:34:00,-35.09,59.97,60.99,V1282_006
25/02/2015 14:40:00,-36.73,56.93,58.76,V1282_006
26/02/2015 02:38:00,-36.25,56.37,57.04,V1282_006
26/02/2015 14:30:00,-34.27,61.87,59.67,V1282_006
27/02/2015 02:38:00,-36.17,66.01,64.31,V1282_006
27/02/2015 14:46:00,-38.44,62.63,64.6,V1282_006
28/02/2015 02:40:00,-36.96,59.96,61.78,V1282_006
28/02/2015 14:37:00,-35.98,63.17,62.04,V1282_006
01/03/2015 02:37:00,-36.01,64.01,64.01,V1282_006
01/03/2015 14:39:00,-36.66,63.5,64.07,V1282_006
02/03/2015 02:45:00,-38.18,67.44,66.01,V1282_006
02/03/2015 14:49:00,-39.21,66.41,67.39,V1282_006
03/03/2015 02:46:00,-38.48,65.74,66.82,V1282_006
03/03/2015 14:48:00,-38.88,65.88,66.45,V1282_006
04/03/2015 02:43:00,-37.91,64.41,65.71,V1282_006
04/03/2015 14:47:00,-38.81,63.02,64.51,V1282_006
05/03/2015 02:43:00,-37.96,61.3,63.04,V1282_006
05/03/2015 14:49:00,-39.49,56.27,59.72,V1282_006
06/03/2015 02:57:00,-41.4,65.28,61.68,V1282_006
06/03/2015 14:51:00,-39.92,70.61,68.79,V1282_006
07/03/2015 02:56:00,-41.08,74,72.64,V1282_006
07/03/2015 15:00:00,-42.11,73.42,74.34,V1282_006
08/03/2015 02:55:00,-41.01,72.36,73.48,V1282_006
08/03/2015 14:57:00,-41.54,72.67,73.28,V1282_006
09/03/2015 02:54:00,-40.82,72.32,73.68,V1282_006
09/03/2015 14:58:00,-41.73,71.44,73.09,V1282_006
10/03/2015 02:50:00,-39.89,64.61,70.17,V1282_006
10/03/2015 14:35:00,-36.17,79.82,76.11,V1282_006
11/03/2015 02:36:00,-36.45,81.9,81.58,V1282_006
11/03/2015 14:53:00,-40.73,72.83,80.34,V1282_006
12/03/2015 02:46:00,-38.89,57.28,70.67,V1282_006
12/03/2015 14:48:00,-39.55,49.97,55.77,V1282_006
13/03/2015 02:50:00,-40.21,73.54,67.54,V1282_006
13/03/2015 14:50:00,-40.12,90,90,V1282_006
14/03/2015 02:49:00,-39.9,90,90,V1282_006
14/03/2015 14:53:00,-40.81,90,90,V1282_006
15/03/2015 02:51:00,-40.47,90,90,V1282_006
15/03/2015 14:48:00,-39.63,90,90,V1282_006
16/03/2015 02:55:00,-41.54,90,90,V1282_006
16/03/2015 14:56:00,-41.7,90,90,V1282_006
17/03/2015 02:46:00,-39.49,90,90,V1282_006
17/03/2015 14:55:00,-41.52,50.55,90,V1282_006
18/03/2015 02:57:00,-42.06,90,34.59,V1282_006
18/03/2015 14:52:00,-40.97,90,90,V1282_006
19/03/2015 02:46:00,-39.38,33.75,90,V1282_006
19/03/2015 14:38:00,-37.42,90,90,V1282_006
20/03/2015 02:36:00,-37.08,90,90,V1282_006
20/03/2015 14:52:00,-41.24,59.05,-25.15,V1282_006
21/03/2015 02:49:00,-40.53,61.26,-61.27,V1282_006
21/03/2015 14:57:00,-42.32,66.38,62.9,V1282_006
22/03/2015 02:54:00,-41.73,66.85,66.15,V1282_006
22/03/2015 14:48:00,-40.27,60.39,-72.72,V1282_006
23/03/2015 02:42:00,-38.93,63.99,62.35,V1282_006
23/03/2015 14:38:00,-37.71,58.05,-75.86,V1282_006
24/03/2015 02:45:00,-39.5,-71.14,51.32,V1282_006
24/03/2015 14:50:00,-40.92,53.4,-75.15,V1282_006
25/03/2015 02:40:00,-38.58,61.56,58.2,V1282_006
25/03/2015 14:40:00,-38.62,-82.77,-82.77,V1282_006
26/03/2015 02:38:00,-37.9,61.59,60.89,V1282_006
26/03/2015 14:44:00,-39.57,-86.21,62.23,V1282_006
27/03/2015 02:43:00,-39.35,64.17,64.17,V1282_006
27/03/2015 14:45:00,-39.89,64.34,63.84,V1282_006
28/03/2015 02:48:00,-40.68,61.91,62.46,V1282_006
28/03/2015 14:51:00,-41.34,62.44,61.9,V1282_006
29/03/2015 02:42:00,-39.38,65.38,64.1,V1282_006
29/03/2015 14:40:00,-38.79,63.59,64.03,V1282_006
30/03/2015 02:42:00,-39.33,61.9,62.39,V1282_006
30/03/2015 14:47:00,-40.62,63.47,62.13,V1282_006
31/03/2015 02:38:00,-38.41,66.21,64.8,V1282_006
31/03/2015 14:37:00,-38.07,65.08,65.43,V1282_006
01/04/2015 02:41:00,-39.36,62.52,63.33,V1282_006
01/04/2015 14:42:00,-39.64,62.29,61.88,V1282_006
02/04/2015 02:47:00,-40.8,59.64,60.57,V1282_006
02/04/2015 14:41:00,-39.34,55.76,57.45,V1282_006
03/04/2015 02:43:00,-39.88,53.82,54.45,V1282_006
03/04/2015 14:51:00,-41.92,57.69,54.97,V1282_006
04/04/2015 02:39:00,-38.95,62.22,60.28,V1282_006
04/04/2015 14:41:00,-39.49,62.38,62.02,V1282_006
05/04/2015 02:53:00,-42.4,57.07,59.32,V1282_006
05/04/2015 14:53:00,-42.44,56.47,56.47,V1282_006
06/04/2015 02:41:00,-39.6,60.77,58.84,V1282_006
06/04/2015 14:43:00,-40.13,60.97,60.61,V1282_006
07/04/2015 02:42:00,-39.92,60.81,60.81,V1282_006
07/04/2015 14:43:00,-40.33,60.82,60.48,V1282_006
08/04/2015 02:41:00,-39.86,61,60.67,V1282_006
08/04/2015 14:44:00,-40.52,61.33,60.69,V1282_006
09/04/2015 02:43:00,-40.43,61.02,61.02,V1282_006
09/04/2015 14:41:00,-39.97,59.92,60.25,V1282_006
10/04/2015 02:38:00,-39,60.74,60.12,V1282_006
10/04/2015 14:43:00,-40.53,62.04,60.9,V1282_006
11/04/2015 02:34:00,-38.19,64.01,63.3,V1282_006
11/04/2015 14:36:00,-38.72,64.07,63.85,V1282_006
12/04/2015 02:40:00,-39.88,62.63,63.11,V1282_006
12/04/2015 14:35:00,-38.54,60.81,61.61,V1282_006
13/04/2015 02:37:00,-39.07,59.84,60.12,V1282_006
13/04/2015 14:42:00,-40.35,60.82,60.01,V1282_006
14/04/2015 02:31:00,-37.63,63.11,62.2,V1282_006
14/04/2015 14:36:00,-38.92,63.8,63.18,V1282_006
15/04/2015 02:39:00,-39.82,62.72,62.93,V1282_006
15/04/2015 14:32:00,-37.98,60.62,61.81,V1282_006
16/04/2015 02:28:00,-37.13,61.11,60.87,V1282_006
16/04/2015 14:33:00,-38.16,61.68,61,V1282_006
17/04/2015 02:30:00,-37.44,62,61.79,V1282_006
17/04/2015 14:31:00,-37.72,61.88,61.67,V1282_006
18/04/2015 02:31:00,-37.75,61.56,61.56,V1282_006
18/04/2015 14:33:00,-38.28,61.66,61.45,V1282_006
19/04/2015 02:31:00,-37.93,61.65,61.65,V1282_006
19/04/2015 14:39:00,-39.96,62.89,61.94,V1282_006
20/04/2015 02:33:00,-38.48,63.65,63.31,V1282_006
20/04/2015 14:38:00,-39.64,64.1,63.61,V1282_006
21/04/2015 02:36:00,-39.16,64.13,63.98,V1282_006
21/04/2015 14:41:00,-40.69,64.76,64.16,V1282_006
22/04/2015 02:44:00,-41.46,64.05,64.2,V1282_006
22/04/2015 14:38:00,-39.99,62.82,63.47,V1282_006
23/04/2015 02:25:00,-36.64,64.61,64.04,V1282_006
23/04/2015 14:21:00,-35.66,63.79,64.22,V1282_006
24/04/2015 02:27:00,-37.31,62.51,62.84,V1282_006
24/04/2015 14:32:00,-38.33,62.89,62.41,V1282_006
25/04/2015 02:30:00,-37.98,62.86,62.86,V1282_006
25/04/2015 14:30:00,-37.87,62.53,62.53,V1282_006
26/04/2015 02:30:00,-38.02,62.2,62.2,V1282_006
26/04/2015 14:32:00,-38.54,62.27,62.11,V1282_006
27/04/2015 02:34:00,-38.94,61.79,61.79,V1282_006
27/04/2015 14:38:00,-40.08,62.23,61.77,V1282_006
28/04/2015 02:42:00,-41.23,61.29,61.45,V1282_006
28/04/2015 14:47:00,-42.37,61.75,61.29,V1282_006
29/04/2015 02:38:00,-40.14,62.82,62.4,V1282_006
29/04/2015 14:34:00,-39.15,62.03,62.45,V1282_006
30/04/2015 02:31:00,-38.3,62.3,62.16,V1282_006
30/04/2015 14:36:00,-39.69,62.81,62.28,V1282_006
01/05/2015 02:33:00,-38.95,62.98,62.86,V1282_006
01/05/2015 14:27:00,-37.47,61.99,62.52,V1282_006
02/05/2015 02:34:00,-39.11,60.85,61.14,V1282_006
02/05/2015 14:35:00,-39.37,60.78,60.63,V1282_006
03/05/2015 02:25:00,-37.01,61.89,61.49,V1282_006
03/05/2015 14:36:00,-39.65,62.98,62.01,V1282_006
04/05/2015 02:37:00,-40.04,62.61,62.61,V1282_006
04/05/2015 14:36:00,-39.8,62.29,62.41,V1282_006
05/05/2015 02:36:00,-39.69,62.16,62.16,V1282_006
05/05/2015 14:45:00,-42.07,63.05,62.26,V1282_006
06/05/2015 02:35:00,-39.58,63.9,63.7,V1282_006
06/05/2015 14:34:00,-39.22,63.57,63.67,V1282_006
07/05/2015 02:35:00,-39.47,63.3,63.3,V1282_006
07/05/2015 14:38:00,-40.36,63.47,63.17,V1282_006
08/05/2015 02:41:00,-41.12,62.99,63.09,V1282_006
08/05/2015 14:36:00,-39.75,62.25,62.67,V1282_006
09/05/2015 02:41:00,-41.13,61.45,61.57,V1282_006
09/05/2015 14:41:00,-41.26,61.34,61.34,V1282_006
10/05/2015 02:35:00,-39.64,61.89,61.67,V1282_006
10/05/2015 14:40:00,-40.9,62.25,61.83,V1282_006
11/05/2015 02:36:00,-39.9,62.49,62.39,V1282_006
11/05/2015 14:32:00,-38.9,61.93,62.23,V1282_006
12/05/2015 02:34:00,-39.41,61.56,61.66,V1282_006
12/05/2015 14:38:00,-40.53,61.86,61.55,V1282_006
13/05/2015 02:39:00,-40.66,61.66,61.66,V1282_006
13/05/2015 14:41:00,-41.29,61.75,61.55,V1282_006
14/05/2015 02:23:00,-36.79,63.23,62.9,V1282_006
14/05/2015 14:11:00,-33.66,61.99,62.88,V1282_006
15/05/2015 02:18:00,-35.54,61.11,61.31,V1282_006
15/05/2015 14:26:00,-37.54,61.75,61.16,V1282_006
16/05/2015 02:28:00,-38.04,61.41,61.41,V1282_006
16/05/2015 14:34:00,-39.41,61.79,61.41,V1282_006
17/05/2015 02:18:00,-35.53,62.96,62.72,V1282_006
