timestamp,location-long,location-lat,tag-local-identifier
04/09/2014 04:37,-69.59,76.5,V1282_002
04/09/2014 15:58,-59.88,74.22,V1282_002
05/09/2014 04:22,-65.79,72.25,V1282_002
05/09/2014 15:46,-56.83,67.01,V1282_002
06/09/2014 03:44,-56.25,67.92,V1282_002
06/09/2014 15:40,-55.42,67.63,V1282_002
07/09/2014 03:50,-57.96,65.78,V1282_002
07/09/2014 15:43,-56.13,64.21,V1282_002
08/09/2014 03:43,-56.17,64.7,V1282_002
08/09/2014 15:43,-56.21,65.2,V1282_002
09/09/2014 03:41,-55.88,66.12,V1282_002
09/09/2014 15:36,-54.67,65.2,V1282_002
10/09/2014 03:47,-57.59,61.77,V1282_002
10/09/2014 15:45,-57.14,61.55,V1282_002
11/09/2014 03:43,-56.56,63.16,V1282_002
11/09/2014 15:44,-56.72,63.96,V1282_002
12/09/2014 03:47,-57.64,63.23,V1282_002
12/09/2014 15:45,-57.31,63.26,V1282_002
13/09/2014 03:44,-56.98,64.52,V1282_002
13/09/2014 15:40,-55.9,63.33,V1282_002
14/09/2014 03:45,-57.32,61.42,V1282_002
14/09/2014 15:45,-57.49,62.44,V1282_002
15/09/2014 03:37,-55.41,66.82,V1282_002
15/09/2014 15:34,-54.58,66.18,V1282_002
16/09/2014 03:46,-57.75,60.69,V1282_002
16/09/2014 15:37,-55.67,55.11,V1282_002
17/09/2014 03:32,-54.34,60.54,V1282_002
17/09/2014 15:31,-54.26,61.17,V1282_002
18/09/2014 03:34,-54.93,60.38,V1282_002
18/09/2014 15:41,-56.6,65.56,V1282_002
19/09/2014 03:36,-55.52,68.63,V1282_002
19/09/2014 15:33,-54.69,67.94,V1282_002
20/09/2014 03:35,-55.48,-79.81,V1282_002
20/09/2014 15:34,-55.28,67.89,V1282_002
21/09/2014 03:41,-56.94,-74.93,V1282_002
21/09/2014 15:40,-56.61,-72.86,V1282_002
22/09/2014 03:37,-56.16,67.79,V1282_002
22/09/2014 15:34,-55.33,66.64,V1282_002
23/09/2014 03:39,-56.62,63.72,V1282_002
23/09/2014 15:30,-54.41,50.91,V1282_002
24/09/2014 03:31,-54.83,-37.98,V1282_002
24/09/2014 15:31,-54.75,-33.55,V1282_002
25/09/2014 03:28,-54.17,-40.47,V1282_002
25/09/2014 15:32,-55.09,-47.26,V1282_002
26/09/2014 03:34,-55.63,-40.88,V1282_002
26/09/2014 15:31,-54.92,-29.79,V1282_002
27/09/2014 03:32,-55.22,67.22,V1282_002
27/09/2014 15:28,-54.26,61.02,V1282_002
28/09/2014 03:32,-55.3,90,V1282_002
28/09/2014 15:30,-54.84,90,V1282_002
29/09/2014 03:27,-54.26,66.71,V1282_002
29/09/2014 15:24,-53.43,90,V1282_002
30/09/2014 03:32,-55.34,90,V1282_002
30/09/2014 15:32,-55.51,90,V1282_002
01/10/2014 03:35,-56.3,84.64,V1282_002
01/10/2014 15:38,-57.09,71.71,V1282_002
02/10/2014 03:45,-58.88,78.47,V1282_002
02/10/2014 15:36,-56.55,81.63,V1282_002
03/10/2014 03:41,-57.83,81.53,V1282_002
03/10/2014 15:41,-58,79.63,V1282_002
04/10/2014 03:33,-55.91,72.46,V1282_002
04/10/2014 15:39,-57.45,62.54,V1282_002
05/10/2014 03:40,-57.86,62.56,V1282_002
05/10/2014 15:37,-57.28,63.9,V1282_002
06/10/2014 03:37,-57.19,61.29,V1282_002
06/10/2014 15:26,-54.6,69.88,V1282_002
07/10/2014 03:30,-55.64,71.02,V1282_002
07/10/2014 15:34,-56.55,67.4,V1282_002
08/10/2014 03:45,-59.33,72.4,V1282_002
08/10/2014 15:35,-56.87,75.06,V1282_002
09/10/2014 03:35,-56.9,74.19,V1282_002
09/10/2014 15:28,-55.19,75.36,V1282_002
10/10/2014 03:31,-55.97,75.36,V1282_002
10/10/2014 15:34,-56.63,73.98,V1282_002
11/10/2014 03:24,-54.41,70.28,V1282_002
11/10/2014 15:15,-51.94,72.82,V1282_002
12/10/2014 03:18,-52.73,72.95,V1282_002
12/10/2014 15:27,-55.13,69.22,V1282_002
13/10/2014 03:22,-53.91,66.39,V1282_002
13/10/2014 15:21,-53.69,66.05,V1282_002
14/10/2014 03:30,-55.97,68.84,V1282_002
14/10/2014 15:22,-54,70.67,V1282_002
15/10/2014 03:22,-54.15,70.2,V1282_002
15/10/2014 15:22,-53.93,69.88,V1282_002
16/10/2014 03:27,-55.46,70.87,V1282_002
16/10/2014 15:27,-55.49,70.32,V1282_002
17/10/2014 03:24,-54.64,68.85,V1282_002
17/10/2014 15:25,-55.04,67.86,V1282_002
18/10/2014 03:26,-55.19,67.45,V1282_002
18/10/2014 15:28,-55.71,66.29,V1282_002
19/10/2014 03:42,-59.24,69.55,V1282_002
19/10/2014 15:44,-59.63,68.72,V1282_002
20/10/2014 03:37,-58.03,66.51,V1282_002
20/10/2014 15:33,-56.93,67.25,V1282_002
21/10/2014 03:28,-55.82,65.51,V1282_002
21/10/2014 15:25,-55.22,65.75,V1282_002
22/10/2014 03:33,-56.99,67.13,V1282_002
22/10/2014 15:21,-54.13,69.25,V1282_002
23/10/2014 03:18,-53.28,68.12,V1282_002
23/10/2014 15:10,-51.29,69.32,V1282_002
24/10/2014 03:21,-54.06,70.82,V1282_002
24/10/2014 15:39,-58.58,67.11,V1282_002
25/10/2014 03:27,-55.84,63.99,V1282_002
25/10/2014 15:25,-55.23,64.25,V1282_002
26/10/2014 03:37,-58.37,66.81,V1282_002
26/10/2014 15:34,-57.51,67.16,V1282_002
27/10/2014 03:33,-57.27,66.59,V1282_002
27/10/2014 15:25,-55.41,67.7,V1282_002
28/10/2014 03:23,-54.92,66.98,V1282_002
28/10/2014 15:26,-55.68,66.04,V1282_002
29/10/2014 03:33,-57.31,66.96,V1282_002
29/10/2014 15:31,-56.82,67,V1282_002
30/10/2014 03:33,-57.2,66.94,V1282_002
30/10/2014 15:26,-55.71,67.65,V1282_002
31/10/2014 03:28,-56.09,67.59,V1282_002
31/10/2014 15:32,-57.09,66.62,V1282_002
01/11/2014 03:41,-59.22,67.71,V1282_002
01/11/2014 15:32,-56.98,68.72,V1282_002
02/11/2014 03:23,-54.85,67.22,V1282_002
02/11/2014 15:26,-55.73,66.38,V1282_002
03/11/2014 03:34,-57.73,67.35,V1282_002
03/11/2014 15:28,-56.23,67.93,V1282_002
04/11/2014 03:23,-54.86,66.89,V1282_002
04/11/2014 15:25,-55.48,66.25,V1282_002
05/11/2014 03:34,-57.48,67.16,V1282_002
05/11/2014 15:28,-56.1,67.66,V1282_002
06/11/2014 03:26,-55.72,67.22,V1282_002
06/11/2014 15:27,-55.96,66.84,V1282_002
07/11/2014 03:29,-56.46,66.87,V1282_002
07/11/2014 15:29,-56.33,66.71,V1282_002
08/11/2014 03:25,-55.32,65.92,V1282_002
08/11/2014 15:28,-56.06,65.24,V1282_002
09/11/2014 03:35,-57.8,66.01,V1282_002
09/11/2014 15:32,-56.91,66.26,V1282_002
10/11/2014 03:37,-58.28,66.75,V1282_002
10/11/2014 15:39,-58.64,66.35,V1282_002
11/11/2014 03:40,-59,66.32,V1282_002
11/11/2014 15:36,-58.11,66.55,V1282_002
12/11/2014 03:26,-55.6,65.05,V1282_002
12/11/2014 15:25,-55.21,65.05,V1282_002
13/11/2014 03:33,-57.07,65.82,V1282_002
13/11/2014 15:37,-58.05,65.11,V1282_002
14/11/2014 03:34,-57.53,64.65,V1282_002
14/11/2014 15:32,-56.89,64.79,V1282_002
15/11/2014 03:34,-57.37,64.86,V1282_002
15/11/2014 15:36,-57.72,64.47,V1282_002
16/11/2014 03:38,-58.2,64.55,V1282_002
16/11/2014 15:26,-55.43,65.71,V1282_002
17/11/2014 03:30,-56.15,65.88,V1282_002
17/11/2014 15:35,-57.38,65.13,V1282_002
18/11/2014 03:32,-56.73,64.66,V1282_002
18/11/2014 15:34,-57.08,64.31,V1282_002
19/11/2014 03:48,-60.67,65.81,V1282_002
19/11/2014 15:40,-58.52,66.51,V1282_002
20/11/2014 03:22,-54.24,64.54,V1282_002
20/11/2014 15:26,-55.09,63.96,V1282_002
21/11/2014 03:32,-56.56,64.52,V1282_002
21/11/2014 15:18,-53.03,65.87,V1282_002
22/11/2014 03:19,-53.24,65.82,V1282_002
22/11/2014 15:41,-58.59,63.28,V1282_002
23/11/2014 03:53,-61.8,64.66,V1282_002
23/11/2014 15:36,-57.52,66.21,V1282_002
24/11/2014 03:25,-54.61,64.97,V1282_002
24/11/2014 15:29,-55.7,64.36,V1282_002
25/11/2014 03:40,-58.28,65.3,V1282_002
25/11/2014 15:38,-57.75,65.37,V1282_002
26/11/2014 03:34,-56.71,64.86,V1282_002
26/11/2014 15:36,-57.29,64.48,V1282_002
27/11/2014 03:57,-62.38,66.24,V1282_002
27/11/2014 15:59,-62.84,65.96,V1282_002
28/11/2014 03:45,-59.17,64.53,V1282_002
28/11/2014 15:40,-57.88,64.9,V1282_002
29/11/2014 03:50,-60.46,65.72,V1282_002
29/11/2014 15:41,-58.17,66.34,V1282_002
30/11/2014 03:34,-56.25,65.64,V1282_002
30/11/2014 15:44,-58.7,64.66,V1282_002
01/12/2014 03:43,-58.53,64.51,V1282_002
01/12/2014 15:25,-53.98,65.96,V1282_002
02/12/2014 03:23,-53.56,65.75,V1282_002
02/12/2014 15:41,-57.89,64.13,V1282_002
03/12/2014 03:39,-57.34,63.85,V1282_002
03/12/2014 15:39,-57.29,63.76,V1282_002
04/12/2014 03:45,-58.61,64.2,V1282_002
04/12/2014 15:31,-55.19,65.28,V1282_002
05/12/2014 03:34,-56.01,65.48,V1282_002
05/12/2014 15:46,-58.84,64.45,V1282_002
06/12/2014 03:40,-57.16,63.78,V1282_002
06/12/2014 15:41,-57.48,63.57,V1282_002
07/12/2014 03:45,-58.43,63.87,V1282_002
07/12/2014 15:45,-58.37,63.8,V1282_002
08/12/2014 03:54,-60.57,64.53,V1282_002
08/12/2014 15:56,-61.01,64.29,V1282_002
09/12/2014 03:48,-58.96,63.51,V1282_002
09/12/2014 15:46,-58.53,63.59,V1282_002
10/12/2014 03:40,-56.72,62.86,V1282_002
10/12/2014 15:35,-55.54,63.25,V1282_002
11/12/2014 03:39,-56.48,63.57,V1282_002
11/12/2014 15:40,-56.68,63.42,V1282_002
12/12/2014 03:57,-60.87,64.81,V1282_002
12/12/2014 16:09,-63.93,63.73,V1282_002
13/12/2014 03:56,-60.5,62.41,V1282_002
13/12/2014 15:42,-56.82,63.74,V1282_002
14/12/2014 03:50,-59.01,64.45,V1282_002
14/12/2014 15:54,-59.82,64.13,V1282_002
15/12/2014 03:52,-59.26,63.93,V1282_002
15/12/2014 15:50,-58.7,64.07,V1282_002
16/12/2014 03:38,-55.64,62.98,V1282_002
16/12/2014 15:39,-55.83,62.86,V1282_002
17/12/2014 03:45,-57.15,63.34,V1282_002
17/12/2014 15:45,-57.34,63.23,V1282_002
18/12/2014 03:49,-58.27,63.57,V1282_002
18/12/2014 15:49,-58.09,63.6,V1282_002
19/12/2014 03:45,-57.03,63.23,V1282_002
19/12/2014 15:36,-54.59,64.03,V1282_002
20/12/2014 03:34,-54.15,63.9,V1282_002
20/12/2014 15:48,-57.59,62.64,V1282_002
21/12/2014 03:56,-59.53,63.37,V1282_002
21/12/2014 15:51,-58.34,63.76,V1282_002
22/12/2014 03:34,-54.03,62.18,V1282_002
22/12/2014 15:34,-53.84,62.23,V1282_002
23/12/2014 03:45,-56.66,63.33,V1282_002
23/12/2014 15:45,-56.59,63.34,V1282_002
24/12/2014 03:44,-56.16,63.21,V1282_002
24/12/2014 15:44,-55.97,63.27,V1282_002
25/12/2014 03:42,-55.41,63.1,V1282_002
25/12/2014 15:45,-56.22,62.79,V1282_002
26/12/2014 04:02,-60.28,64.25,V1282_002
26/12/2014 15:57,-59.22,64.59,V1282_002
27/12/2014 03:35,-53.66,62.71,V1282_002
27/12/2014 15:44,-55.6,61.93,V1282_002
28/12/2014 03:43,-55.29,61.85,V1282_002
28/12/2014 15:42,-54.98,61.99,V1282_002
29/12/2014 03:43,-55.29,62.18,V1282_002
29/12/2014 15:36,-53.48,62.91,V1282_002
30/12/2014 03:28,-51.42,62.15,V1282_002
30/12/2014 15:35,-53.23,61.37,V1282_002
31/12/2014 03:36,-53.3,61.48,V1282_002
31/12/2014 15:38,-53.74,61.3,V1282_002
01/01/2015 03:39,-53.93,61.46,V1282_002
01/01/2015 15:37,-53.37,61.74,V1282_002
02/01/2015 03:35,-52.94,61.62,V1282_002
02/01/2015 15:42,-54.38,60.98,V1282_002
03/01/2015 03:44,-54.95,61.34,V1282_002
03/01/2015 15:44,-54.89,61.4,V1282_002
04/01/2015 03:42,-54.33,61.23,V1282_002
04/01/2015 15:43,-54.52,61.18,V1282_002
05/01/2015 03:36,-52.72,60.37,V1282_002
05/01/2015 15:27,-50.54,61.5,V1282_002
06/01/2015 03:34,-52.11,62.32,V1282_002
06/01/2015 15:43,-54.18,61.42,V1282_002
07/01/2015 03:38,-53,60.94,V1282_002
07/01/2015 15:40,-53.32,60.84,V1282_002
08/01/2015 03:32,-51.39,59.92,V1282_002
08/01/2015 15:35,-52.09,59.58,V1282_002
09/01/2015 03:41,-53.53,60.52,V1282_002
09/01/2015 15:40,-53.11,60.81,V1282_002
10/01/2015 03:34,-51.68,60.16,V1282_002
10/01/2015 15:33,-51.38,60.4,V1282_002
11/01/2015 03:35,-51.83,60.78,V1282_002
11/01/2015 15:39,-52.65,60.41,V1282_002
12/01/2015 03:32,-50.98,59.57,V1282_002
12/01/2015 15:30,-50.43,59.98,V1282_002
13/01/2015 03:35,-51.63,60.81,V1282_002
13/01/2015 15:36,-51.96,60.72,V1282_002
14/01/2015 03:34,-51.42,60.56,V1282_002
14/01/2015 15:32,-50.62,61.11,V1282_002
15/01/2015 03:29,-49.95,60.88,V1282_002
15/01/2015 15:31,-50.53,60.65,V1282_002
16/01/2015 03:32,-50.61,60.86,V1282_002
16/01/2015 15:30,-50.19,61.21,V1282_002
17/01/2015 03:26,-49.15,60.76,V1282_002
17/01/2015 15:26,-48.99,60.98,V1282_002
18/01/2015 03:30,-49.95,61.7,V1282_002
18/01/2015 15:40,-52.28,60.44,V1282_002
19/01/2015 03:30,-49.74,58.93,V1282_002
19/01/2015 15:21,-47.45,60.58,V1282_002
20/01/2015 03:18,-46.67,60.26,V1282_002
20/01/2015 15:05,-43.5,62.3,V1282_002
21/01/2015 03:05,-43.47,62.46,V1282_002
21/01/2015 15:19,-46.81,60.59,V1282_002
22/01/2015 03:13,-45.4,59.83,V1282_002
22/01/2015 15:12,-45.11,60.18,V1282_002
23/01/2015 02:58,-41.58,57.72,V1282_002
23/01/2015 14:48,-39.05,59.83,V1282_002
24/01/2015 03:00,-42.14,62.09,V1282_002
24/01/2015 15:07,-43.74,61.24,V1282_002
25/01/2015 02:57,-41.21,59.67,V1282_002
25/01/2015 14:56,-40.8,60.15,V1282_002
26/01/2015 02:59,-41.65,60.97,V1282_002
26/01/2015 15:00,-42,60.91,V1282_002
27/01/2015 02:51,-39.6,59.32,V1282_002
27/01/2015 14:50,-39.32,59.73,V1282_002
28/01/2015 02:49,-39.05,59.75,V1282_002
28/01/2015 14:45,-38.02,60.74,V1282_002
29/01/2015 02:42,-37.25,60.39,V1282_002
29/01/2015 14:48,-38.6,59.51,V1282_002
30/01/2015 02:39,-36.58,57.97,V1282_002
30/01/2015 14:33,-34.81,59.76,V1282_002
31/01/2015 02:46,-38.17,62.59,V1282_002
31/01/2015 14:38,-36.27,64.04,V1282_002
01/02/2015 02:27,-33.5,62.43,V1282_002
01/02/2015 14:37,-35.86,60.85,V1282_002
02/02/2015 02:39,-36.47,61.6,V1282_002
02/02/2015 14:36,-35.58,62.52,V1282_002
03/02/2015 02:41,-36.81,63.67,V1282_002
03/02/2015 14:44,-37.43,63.49,V1282_002
04/02/2015 02:42,-37.04,63.48,V1282_002
04/02/2015 14:38,-36.03,64.43,V1282_002
05/02/2015 02:49,-38.64,66.33,V1282_002
05/02/2015 14:49,-38.63,66.58,V1282_002
06/02/2015 02:35,-35.12,64.62,V1282_002
06/02/2015 14:35,-35.24,64.81,V1282_002
07/02/2015 02:34,-34.98,64.91,V1282_002
07/02/2015 14:34,-34.85,65.27,V1282_002
08/02/2015 02:41,-36.71,66.78,V1282_002
08/02/2015 14:41,-36.71,67.05,V1282_002
09/02/2015 02:26,-32.96,64.78,V1282_002
09/02/2015 14:10,-28.83,67.82,V1282_002
10/02/2015 02:09,-28.7,68.03,V1282_002
10/02/2015 14:21,-31.82,66.33,V1282_002
11/02/2015 02:22,-32.07,66.81,V1282_002
11/02/2015 14:27,-33.19,66.33,V1282_002
12/02/2015 02:37,-35.69,68.31,V1282_002
12/02/2015 14:47,-38.2,66.98,V1282_002
13/02/2015 02:38,-35.82,65.49,V1282_002
13/02/2015 14:35,-35.08,66.43,V1282_002
14/02/2015 02:36,-35.33,66.97,V1282_002
14/02/2015 14:44,-37.46,65.6,V1282_002
15/02/2015 02:34,-34.96,63.61,V1282_002
15/02/2015 14:46,-37.84,60.7,V1282_002
16/02/2015 02:55,-40.1,63.76,V1282_002
16/02/2015 14:59,-41.11,63.08,V1282_002
17/02/2015 02:55,-40.24,62.48,V1282_002
17/02/2015 14:51,-39.12,64.21,V1282_002
18/02/2015 02:49,-38.76,64.23,V1282_002
18/02/2015 14:52,-39.64,63.67,V1282_002
19/02/2015 02:44,-37.65,61.55,V1282_002
19/02/2015 14:56,-40.54,57.43,V1282_002
20/02/2015 03:02,-42.05,60.53,V1282_002
20/02/2015 14:55,-40.19,63.73,V1282_002
21/02/2015 02:48,-38.58,61.97,V1282_002
21/02/2015 14:40,-36.59,65.22,V1282_002
22/02/2015 02:43,-37.36,66.61,V1282_002
22/02/2015 14:45,-37.87,66.55,V1282_002
23/02/2015 02:41,-37.02,66.03,V1282_002
23/02/2015 14:46,-38.16,65.11,V1282_002
24/02/2015 02:39,-36.55,63.28,V1282_002
24/02/2015 14:42,-37.32,62.66,V1282_002
25/02/2015 02:58,-41.21,68.7,V1282_002
25/02/2015 14:57,-40.98,69.54,V1282_002
26/02/2015 02:50,-39.38,68.24,V1282_002
26/02/2015 14:49,-39.02,69.3,V1282_002
27/02/2015 02:47,-38.54,69.32,V1282_002
27/02/2015 14:47,-38.44,70.1,V1282_002
28/02/2015 02:39,-36.59,68.35,V1282_002
28/02/2015 14:39,-36.73,68.88,V1282_002
01/03/2015 02:51,-39.63,72.93,V1282_002
01/03/2015 14:59,-41.53,71.6,V1282_002
02/03/2015 02:46,-38.43,67.88,V1282_002
02/03/2015 14:41,-37.21,70.65,V1282_002
03/03/2015 02:38,-36.48,70.36,V1282_002
03/03/2015 14:49,-39.13,66.45,V1282_002
04/03/2015 02:59,-41.79,72.09,V1282_002
04/03/2015 14:56,-41.06,73.92,V1282_002
05/03/2015 02:46,-38.59,71.19,V1282_002
05/03/2015 14:56,-40.99,67.25,V1282_002
06/03/2015 03:05,-43.4,73.26,V1282_002
06/03/2015 14:55,-40.92,77.35,V1282_002
07/03/2015 02:42,-37.83,74.39,V1282_002
07/03/2015 14:52,-40.23,70.9,V1282_002
08/03/2015 02:55,-41.01,74,V1282_002
08/03/2015 14:56,-41.29,74.91,V1282_002
09/03/2015 02:46,-38.95,70.29,V1282_002
09/03/2015 14:52,-40.36,66.51,V1282_002
10/03/2015 02:51,-40.14,67.67,V1282_002
10/03/2015 14:31,-35.17,82.01,V1282_002
11/03/2015 02:31,-35.08,83.31,V1282_002
11/03/2015 14:45,-38.73,80.31,V1282_002
12/03/2015 02:50,-40.14,84.73,V1282_002
12/03/2015 14:56,-41.55,85.75,V1282_002
13/03/2015 03:07,-44.46,89.25,V1282_002
13/03/2015 15:10,-44.99,88.96,V1282_002
14/03/2015 02:44,-38.65,90,V1282_002
14/03/2015 14:45,-39.06,90,V1282_002
15/03/2015 02:47,-39.47,90,V1282_002
15/03/2015 14:55,-41.51,56.2,V1282_002
16/03/2015 02:47,-39.54,74.09,V1282_002
16/03/2015 14:44,-38.83,-13.53,V1282_002
17/03/2015 02:49,-40.24,90,V1282_002
17/03/2015 14:51,-40.65,90,V1282_002
18/03/2015 03:04,-43.93,90,V1282_002
18/03/2015 14:56,-41.85,23.97,V1282_002
19/03/2015 02:38,-37.63,90,V1282_002
19/03/2015 14:37,-37.17,90,V1282_002
20/03/2015 02:54,-41.46,33.28,V1282_002
20/03/2015 15:10,-45.49,90,V1282_002
21/03/2015 02:50,-40.65,-57.62,V1282_002
21/03/2015 14:51,-41.07,-61.89,V1282_002
22/03/2015 02:48,-40.23,59.69,V1282_002
22/03/2015 14:52,-41.14,-71.83,V1282_002
23/03/2015 02:49,-40.43,-74.92,V1282_002
23/03/2015 14:40,-38.34,-71.28,V1282_002
24/03/2015 02:45,-39.63,40.3,V1282_002
24/03/2015 14:58,-42.79,58.45,V1282_002
25/03/2015 02:51,-41.08,62.96,V1282_002
25/03/2015 14:51,-41.12,61.91,V1282_002
26/03/2015 02:49,-40.65,62.24,V1282_002
26/03/2015 14:48,-40.57,60.92,V1282_002
27/03/2015 02:46,-40.1,61.29,V1282_002
27/03/2015 14:49,-41.02,62.49,V1282_002
28/03/2015 02:46,-40.3,63.26,V1282_002
28/03/2015 14:48,-40.72,63.21,V1282_002
29/03/2015 02:49,-41.13,61.63,V1282_002
29/03/2015 14:56,-42.79,64.01,V1282_002
30/03/2015 02:51,-41.58,65.36,V1282_002
30/03/2015 14:50,-41.37,64.29,V1282_002
31/03/2015 02:47,-40.78,64.61,V1282_002
31/03/2015 14:44,-39.94,62.54,V1282_002
01/04/2015 02:41,-39.36,62.93,V1282_002
01/04/2015 14:32,-36.89,57.46,V1282_002
02/04/2015 02:43,-39.93,48.1,V1282_002
02/04/2015 14:52,-42.09,53.87,V1282_002
03/04/2015 02:46,-40.63,56.77,V1282_002
03/04/2015 14:53,-42.29,59.35,V1282_002
04/04/2015 02:53,-42.33,58.74,V1282_002
04/04/2015 14:54,-42.61,58.6,V1282_002
05/04/2015 02:54,-42.77,57.78,V1282_002
05/04/2015 14:56,-43.19,57.88,V1282_002
06/04/2015 02:53,-42.6,58.41,V1282_002
06/04/2015 14:50,-41.76,56.28,V1282_002
07/04/2015 02:42,-39.92,58.97,V1282_002
07/04/2015 14:49,-41.58,60.82,V1282_002
08/04/2015 02:54,-42.86,58.51,V1282_002
08/04/2015 14:53,-42.65,57.61,V1282_002
09/04/2015 02:45,-40.81,59.89,V1282_002
09/04/2015 14:48,-41.59,60.4,V1282_002
10/04/2015 02:48,-41.5,60.11,V1282_002
10/04/2015 14:51,-42.41,60.75,V1282_002
11/04/2015 02:50,-42.19,60.62,V1282_002
11/04/2015 14:41,-40.1,57.41,V1282_002
12/04/2015 02:46,-41.38,55.05,V1282_002
12/04/2015 14:52,-42.92,56.88,V1282_002
13/04/2015 02:49,-41.95,57.82,V1282_002
13/04/2015 14:50,-42.35,57.89,V1282_002
14/04/2015 02:57,-44.01,55.22,V1282_002
14/04/2015 14:53,-43.04,53.23,V1282_002
15/04/2015 02:42,-40.57,56.51,V1282_002
15/04/2015 14:44,-41.1,56.77,V1282_002
16/04/2015 02:44,-41.13,56.38,V1282_002
16/04/2015 14:57,-44.16,59.5,V1282_002
17/04/2015 02:53,-43.32,60.04,V1282_002
17/04/2015 14:35,-38.72,54.22,V1282_002
18/04/2015 02:40,-40.25,51.59,V1282_002
18/04/2015 14:55,-43.9,56.23,V1282_002
19/04/2015 02:46,-41.68,58.41,V1282_002
19/04/2015 14:47,-41.83,58.2,V1282_002
20/04/2015 02:52,-43.23,56.36,V1282_002
20/04/2015 14:56,-44.26,57.14,V1282_002
21/04/2015 02:39,-40.04,60.82,V1282_002
21/04/2015 14:36,-39.19,59.78,V1282_002
22/04/2015 02:42,-40.96,57.85,V1282_002
22/04/2015 14:34,-38.86,55.29,V1282_002
23/04/2015 02:29,-37.64,56.35,V1282_002
23/04/2015 14:41,-40.78,59.03,V1282_002
24/04/2015 02:36,-39.43,59.89,V1282_002
24/04/2015 14:34,-38.83,59.1,V1282_002
25/04/2015 02:43,-41.35,56.54,V1282_002
25/04/2015 14:41,-40.87,55.75,V1282_002
26/04/2015 02:37,-39.65,56.69,V1282_002
26/04/2015 14:39,-40.29,56.99,V1282_002
27/04/2015 02:41,-40.81,56.25,V1282_002
27/04/2015 14:47,-42.21,57.23,V1282_002
28/04/2015 02:32,-38.6,59.86,V1282_002
28/04/2015 14:38,-39.99,60.56,V1282_002
29/04/2015 02:36,-39.64,60.57,V1282_002
29/04/2015 14:33,-38.78,59.74,V1282_002
30/04/2015 02:34,-39.17,59.24,V1282_002
30/04/2015 14:37,-39.94,59.53,V1282_002
01/05/2015 02:35,-39.33,59.72,V1282_002
01/05/2015 14:26,-37.22,57.98,V1282_002
02/05/2015 02:28,-37.86,57.27,V1282_002
02/05/2015 14:41,-41.12,59.37,V1282_002
03/05/2015 02:42,-41.39,58.98,V1282_002
03/05/2015 14:46,-42.27,59.34,V1282_002
04/05/2015 02:44,-41.79,59.45,V1282_002
04/05/2015 14:49,-43.05,60,V1282_002
05/05/2015 02:39,-40.69,61.14,V1282_002
05/05/2015 14:43,-41.7,61.47,V1282_002
06/05/2015 02:47,-42.58,60.82,V1282_002
06/05/2015 14:41,-41.22,59.86,V1282_002
07/05/2015 02:38,-40.35,60.16,V1282_002
07/05/2015 14:43,-41.61,60.64,V1282_002
08/05/2015 02:49,-43.12,59.64,V1282_002
08/05/2015 14:46,-42.37,59.02,V1282_002
09/05/2015 02:39,-40.63,59.82,V1282_002
09/05/2015 14:46,-42.39,60.55,V1282_002
10/05/2015 02:43,-41.64,60.75,V1282_002
10/05/2015 14:51,-43.65,61.5,V1282_002
11/05/2015 02:41,-41.15,62.39,V1282_002
11/05/2015 14:36,-39.78,61.66,V1282_002
12/05/2015 02:27,-37.78,62.32,V1282_002
12/05/2015 14:40,-40.91,63.3,V1282_002
13/05/2015 02:47,-42.66,62.53,V1282_002
13/05/2015 14:39,-40.66,61.6,V1282_002
14/05/2015 02:24,-36.91,62.86,V1282_002
14/05/2015 14:33,-39.04,63.41,V1282_002
15/05/2015 02:31,-38.66,63.38,V1282_002
15/05/2015 14:22,-36.41,62.51,V1282_002
16/05/2015 02:22,-36.41,62.37,V1282_002
16/05/2015 14:30,-38.53,62.93,V1282_002
17/05/2015 02:33,-39.16,62.6,V1282_002
17/05/2015 14:41,-41.28,63.12,V1282_002
18/05/2015 02:08,-32.77,65.08,V1282_002
18/05/2015 13:59,-30.77,64.55,V1282_002
19/05/2015 02:21,-36.14,63.07,V1282_002
19/05/2015 14:29,-38.13,63.49,V1282_002
20/05/2015 02:27,-37.63,63.5,V1282_002
20/05/2015 14:41,-41.12,64.21,V1282_002
21/05/2015 02:32,-38.74,64.58,V1282_002
21/05/2015 14:18,-35.48,63.79,V1282_002
22/05/2015 02:49,-43.1,61.59,V1282_002
22/05/2015 14:26,-37.21,59.31,V1282_002
23/05/2015 02:42,-41.45,57.22,V1282_002
23/05/2015 14:50,-43.44,58.07,V1282_002
24/05/2015 02:57,-45.06,57.16,V1282_002
24/05/2015 15:14,-49.42,59.05,V1282_002
25/05/2015 03:09,-48.03,59.49,V1282_002
03/09/2013 19:01,-105.45,42.93,V1282_003
04/09/2013 04:42,-70.73,75.94,V1282_003
04/09/2013 16:46,-71.77,76.42,V1282_003
05/09/2013 04:28,-67.19,77.55,V1282_003
05/09/2013 16:19,-64.98,77.38,V1282_003
06/09/2013 04:08,-62.27,78.09,V1282_003
06/09/2013 16:03,-61.06,78.12,V1282_003
07/09/2013 04:25,-66.61,77.33,V1282_003
07/09/2013 16:41,-70.78,78.39,V1282_003
08/09/2013 04:59,-75.32,77.79,V1282_003
08/09/2013 16:41,-70.99,77.02,V1282_003
09/09/2013 04:45,-72.03,77.04,V1282_003
09/09/2013 16:35,-69.57,76.62,V1282_003
10/09/2013 04:17,-64.87,78.17,V1282_003
10/09/2013 16:18,-65.28,78.53,V1282_003
11/09/2013 04:32,-68.95,77.96,V1282_003
11/09/2013 16:08,-62.75,76.31,V1282_003
12/09/2013 04:30,-68.29,74.22,V1282_003
12/09/2013 16:43,-71.71,76.21,V1282_003
13/09/2013 04:40,-71.01,76.88,V1282_003
13/09/2013 16:54,-74.68,78.45,V1282_003
14/09/2013 05:02,-76.6,78.22,V1282_003
14/09/2013 16:49,-73.27,77.39,V1282_003
15/09/2013 04:50,-73.56,77.68,V1282_003
15/09/2013 16:38,-70.73,76.86,V1282_003
16/09/2013 04:38,-70.77,-89.05,V1282_003
16/09/2013 15:56,-60.44,-87.78,V1282_003
17/09/2013 04:08,-63.49,66.35,V1282_003
17/09/2013 15:59,-61.03,61.69,V1282_003
18/09/2013 03:48,-58.57,67.99,V1282_003
18/09/2013 15:42,-56.87,65.48,V1282_003
19/09/2013 03:39,-56.29,67.71,V1282_003
19/09/2013 15:34,-54.96,65.74,V1282_003
20/09/2013 03:38,-56.13,-77.29,V1282_003
20/09/2013 15:35,-55.42,62.76,V1282_003
21/09/2013 03:41,-56.97,58.06,V1282_003
21/09/2013 15:46,-58.26,-71.31,V1282_003
22/09/2013 03:47,-58.68,-68.84,V1282_003
22/09/2013 15:36,-55.85,49.82,V1282_003
23/09/2013 03:49,-59.14,90,V1282_003
23/09/2013 15:51,-59.69,90,V1282_003
24/09/2013 03:36,-56.1,62.98,V1282_003
24/09/2013 15:41,-57.27,69.63,V1282_003
25/09/2013 03:47,-58.82,65.36,V1282_003
25/09/2013 15:34,-55.48,90,V1282_003
26/09/2013 03:34,-55.65,90,V1282_003
26/09/2013 15:40,-57.07,55.06,V1282_003
27/09/2013 03:37,-56.49,67.05,V1282_003
27/09/2013 15:30,-54.9,90,V1282_003
28/09/2013 03:38,-56.82,90,V1282_003
28/09/2013 15:41,-57.49,90,V1282_003
29/09/2013 03:48,-59.41,90,V1282_003
29/09/2013 15:48,-59.57,90,V1282_003
30/09/2013 03:45,-58.61,90,V1282_003
30/09/2013 15:40,-57.53,88.24,V1282_003
01/10/2013 03:36,-56.69,70.58,V1282_003
01/10/2013 15:36,-56.61,65.26,V1282_003
02/10/2013 04:04,-63.53,85.1,V1282_003
02/10/2013 16:02,-63.06,84.02,V1282_003
03/10/2013 03:38,-57.23,67.03,V1282_003
03/10/2013 15:38,-57.14,64.87,V1282_003
04/10/2013 03:36,-56.8,59.22,V1282_003
04/10/2013 15:35,-56.59,58.66,V1282_003
05/10/2013 03:43,-58.63,67.76,V1282_003
05/10/2013 15:42,-58.29,67.4,V1282_003
06/10/2013 03:37,-57.33,61.05,V1282_003
06/10/2013 15:31,-55.74,66.39,V1282_003
07/10/2013 03:34,-56.53,67.36,V1282_003
07/10/2013 15:36,-57.06,64.3,V1282_003
08/10/2013 03:48,-60.1,70.95,V1282_003
08/10/2013 15:45,-59.38,71.29,V1282_003
09/10/2013 03:40,-58.04,67.42,V1282_003
09/10/2013 15:38,-57.7,67.22,V1282_003
10/10/2013 03:33,-56.36,62.54,V1282_003
10/10/2013 15:31,-56.02,62.56,V1282_003
11/10/2013 03:34,-56.93,63.88,V1282_003
11/10/2013 15:33,-56.58,63.85,V1282_003
12/10/2013 03:42,-58.87,67.59,V1282_003
12/10/2013 15:39,-58.15,68.06,V1282_003
13/10/2013 03:29,-55.68,62.35,V1282_003
13/10/2013 15:26,-55.08,62.93,V1282_003
14/10/2013 03:24,-54.49,60.67,V1282_003
14/10/2013 15:27,-55.39,57.56,V1282_003
15/10/2013 03:29,-55.79,57.77,V1282_003
15/10/2013 15:32,-56.57,54.85,V1282_003
16/10/2013 03:45,-59.72,61.73,V1282_003
16/10/2013 15:35,-57.37,65.23,V1282_003
17/10/2013 03:36,-57.52,64.79,V1282_003
17/10/2013 15:34,-57.05,64.93,V1282_003
18/10/2013 03:34,-57.32,64.71,V1282_003
18/10/2013 15:24,-54.85,67.38,V1282_003
19/10/2013 03:24,-54.87,66.86,V1282_003
19/10/2013 15:22,-54.27,67.06,V1282_003
20/10/2013 03:18,-53.17,65.22,V1282_003
20/10/2013 15:21,-53.94,63.71,V1282_003
21/10/2013 03:23,-54.71,64.19,V1282_003
21/10/2013 15:19,-53.48,65.23,V1282_003
22/10/2013 03:33,-57,68.31,V1282_003
22/10/2013 15:27,-55.76,68.95,V1282_003
23/10/2013 03:32,-56.91,69.42,V1282_003
23/10/2013 15:27,-55.67,69.94,V1282_003
24/10/2013 03:23,-54.69,68.84,V1282_003
24/10/2013 15:24,-54.96,68.27,V1282_003
25/10/2013 03:30,-56.47,69.01,V1282_003
25/10/2013 15:31,-56.74,68.47,V1282_003
26/10/2013 03:29,-56.25,67.74,V1282_003
26/10/2013 15:23,-54.89,68.4,V1282_003
27/10/2013 03:28,-56.02,68.82,V1282_003
27/10/2013 15:24,-55.03,69.14,V1282_003
28/10/2013 03:24,-55.04,68.82,V1282_003
28/10/2013 15:34,-57.68,66.66,V1282_003
29/10/2013 03:32,-57.19,65.93,V1282_003
29/10/2013 15:29,-56.32,66.28,V1282_003
30/10/2013 03:34,-57.45,66.79,V1282_003
30/10/2013 15:33,-57.21,66.65,V1282_003
31/10/2013 03:33,-57.21,66.34,V1282_003
31/10/2013 15:30,-56.72,66.39,V1282_003
01/11/2013 03:35,-57.85,66.85,V1282_003
01/11/2013 15:25,-55.35,68.11,V1282_003
02/11/2013 03:31,-56.98,68.72,V1282_003
02/11/2013 15:38,-58.48,67.63,V1282_003
03/11/2013 03:28,-56.11,65.88,V1282_003
03/11/2013 15:29,-56.35,65.43,V1282_003
04/11/2013 03:28,-56.23,65.07,V1282_003
04/11/2013 15:25,-55.35,65.39,V1282_003
05/11/2013 03:24,-55.22,65.04,V1282_003
05/11/2013 15:25,-55.47,64.61,V1282_003
06/11/2013 03:25,-55.34,64.26,V1282_003
06/11/2013 15:25,-55.46,63.91,V1282_003
07/11/2013 03:38,-58.58,65.69,V1282_003
07/11/2013 15:34,-57.57,66.04,V1282_003
08/11/2013 03:25,-55.31,64.43,V1282_003
08/11/2013 15:26,-55.55,64.02,V1282_003
09/11/2013 03:35,-57.92,65.26,V1282_003
09/11/2013 15:29,-56.41,65.89,V1282_003
10/11/2013 03:32,-57.02,66,V1282_003
10/11/2013 15:37,-58.13,65.17,V1282_003
11/11/2013 03:33,-57.24,64.44,V1282_003
11/11/2013 15:24,-55.11,65.43,V1282_003
12/11/2013 03:31,-56.72,66.06,V1282_003
12/11/2013 15:35,-57.7,65.35,V1282_003
13/11/2013 03:31,-56.56,64.54,V1282_003
13/11/2013 15:27,-55.66,64.82,V1282_003
14/11/2013 03:42,-59.27,66.41,V1282_003
14/11/2013 15:40,-58.75,66.45,V1282_003
15/11/2013 03:26,-55.48,64.7,V1282_003
15/11/2013 15:20,-53.83,65.34,V1282_003
16/11/2013 03:25,-55.19,65.8,V1282_003
16/11/2013 15:15,-52.54,66.76,V1282_003
17/11/2013 03:18,-53.14,66.84,V1282_003
17/11/2013 15:22,-54.24,66.22,V1282_003
18/11/2013 03:31,-56.34,66.9,V1282_003
18/11/2013 15:31,-56.31,66.75,V1282_003
19/11/2013 03:53,-61.78,68.45,V1282_003
19/11/2013 15:43,-59.38,68.98,V1282_003
20/11/2013 03:35,-57.48,68.32,V1282_003
20/11/2013 15:38,-58.2,67.95,V1282_003
21/11/2013 03:34,-57.17,67.5,V1282_003
21/11/2013 15:31,-56.13,67.68,V1282_003
22/11/2013 03:26,-55.1,67.23,V1282_003
22/11/2013 15:35,-57.32,66.32,V1282_003
23/11/2013 03:38,-57.91,66.41,V1282_003
23/11/2013 15:40,-58.25,66.14,V1282_003
24/11/2013 03:30,-55.71,65.06,V1282_003
24/11/2013 15:34,-56.8,64.45,V1282_003
25/11/2013 03:36,-57.26,64.54,V1282_003
25/11/2013 15:25,-54.6,65.45,V1282_003
26/11/2013 03:32,-56.31,65.96,V1282_003
26/11/2013 15:44,-59.02,64.82,V1282_003
27/11/2013 03:40,-57.98,64.3,V1282_003
27/11/2013 15:37,-57.19,64.49,V1282_003
28/11/2013 03:38,-57.4,64.47,V1282_003
28/11/2013 15:26,-54.61,65.39,V1282_003
29/11/2013 03:36,-56.94,66.08,V1282_003
29/11/2013 15:44,-58.77,65.35,V1282_003
30/11/2013 03:34,-56.35,64.38,V1282_003
30/11/2013 15:39,-57.43,63.83,V1282_003
01/12/2013 03:39,-57.38,63.73,V1282_003
01/12/2013 15:34,-56.08,64.13,V1282_003
02/12/2013 03:42,-58.16,64.82,V1282_003
02/12/2013 15:47,-59.36,64.28,V1282_003
03/12/2013 03:41,-57.69,63.56,V1282_003
03/12/2013 15:38,-56.89,63.77,V1282_003
04/12/2013 03:36,-56.34,63.48,V1282_003
04/12/2013 15:39,-57.16,63.04,V1282_003
05/12/2013 03:45,-58.49,63.51,V1282_003
05/12/2013 15:42,-57.81,63.68,V1282_003
06/12/2013 03:38,-56.76,63.21,V1282_003
06/12/2013 15:27,-54.08,64.13,V1282_003
07/12/2013 03:38,-56.53,64.91,V1282_003
07/12/2013 15:47,-58.97,63.99,V1282_003
08/12/2013 03:50,-59.54,64.15,V1282_003
08/12/2013 15:43,-57.61,64.72,V1282_003
09/12/2013 03:41,-57.18,64.54,V1282_003
09/12/2013 15:44,-57.75,64.27,V1282_003
10/12/2013 03:40,-56.69,63.87,V1282_003
10/12/2013 15:42,-57.26,63.59,V1282_003
11/12/2013 03:46,-58.2,63.9,V1282_003
11/12/2013 15:37,-55.77,64.64,V1282_003
12/12/2013 03:34,-55.09,64.39,V1282_003
12/12/2013 15:39,-56.16,63.98,V1282_003
13/12/2013 03:41,-56.72,64.14,V1282_003
13/12/2013 15:44,-57.41,63.85,V1282_003
14/12/2013 03:44,-57.35,63.81,V1282_003
14/12/2013 15:41,-56.54,64.04,V1282_003
15/12/2013 03:40,-56.23,63.92,V1282_003
15/12/2013 15:36,-55.17,64.22,V1282_003
16/12/2013 03:39,-55.86,64.43,V1282_003
16/12/2013 15:36,-55.05,64.64,V1282_003
17/12/2013 03:36,-55.12,64.66,V1282_003
17/12/2013 15:43,-56.68,64.13,V1282_003
18/12/2013 03:49,-58.12,64.58,V1282_003
18/12/2013 15:50,-58.31,64.49,V1282_003
19/12/2013 03:46,-57.37,64.2,V1282_003
19/12/2013 15:45,-56.93,64.31,V1282_003
20/12/2013 03:49,-57.87,64.61,V1282_003
20/12/2013 15:55,-59.18,64.17,V1282_003
21/12/2013 03:51,-58.37,63.93,V1282_003
21/12/2013 15:49,-57.68,64.13,V1282_003
22/12/2013 03:49,-57.75,64.17,V1282_003
22/12/2013 15:48,-57.44,64.25,V1282_003
23/12/2013 03:45,-56.37,63.94,V1282_003
23/12/2013 15:50,-57.69,63.48,V1282_003
24/12/2013 03:58,-59.75,64.2,V1282_003
24/12/2013 15:52,-58.19,64.67,V1282_003
25/12/2013 03:44,-55.88,63.98,V1282_003
25/12/2013 15:49,-57.19,63.53,V1282_003
26/12/2013 03:52,-57.88,63.81,V1282_003
26/12/2013 15:54,-58.19,63.7,V1282_003
27/12/2013 03:54,-58.25,63.77,V1282_003
27/12/2013 15:56,-58.57,63.67,V1282_003
28/12/2013 03:47,-56.38,62.92,V1282_003
28/12/2013 15:45,-55.82,63.15,V1282_003
29/12/2013 03:46,-56.13,63.32,V1282_003
29/12/2013 15:43,-55.07,63.71,V1282_003
30/12/2013 03:52,-57.39,64.54,V1282_003
30/12/2013 15:37,-53.58,65.67,V1282_003
31/12/2013 03:29,-51.52,65.15,V1282_003
31/12/2013 15:49,-56.58,63.53,V1282_003
01/01/2014 03:46,-55.65,63.25,V1282_003
01/01/2014 15:45,-55.21,63.44,V1282_003
02/01/2014 03:46,-55.66,63.68,V1282_003
02/01/2014 15:44,-54.85,64,V1282_003
03/01/2014 03:50,-56.54,64.65,V1282_003
03/01/2014 15:50,-56.48,64.71,V1282_003
04/01/2014 03:51,-56.68,64.85,V1282_003
04/01/2014 15:59,-58.49,64.29,V1282_003
05/01/2014 03:57,-58.06,64.23,V1282_003
05/01/2014 15:56,-57.51,64.47,V1282_003
06/01/2014 03:48,-55.7,63.92,V1282_003
06/01/2014 15:52,-56.52,63.67,V1282_003
07/01/2014 03:58,-57.84,64.26,V1282_003
07/01/2014 15:50,-55.91,64.98,V1282_003
08/01/2014 03:56,-57.23,65.51,V1282_003
08/01/2014 15:59,-57.93,65.35,V1282_003
09/01/2014 03:42,-53.76,63.99,V1282_003
09/01/2014 15:52,-56.2,63.06,V1282_003
10/01/2014 03:58,-57.53,63.73,V1282_003
10/01/2014 16:00,-57.98,63.62,V1282_003
11/01/2014 03:58,-57.55,63.57,V1282_003
11/01/2014 15:54,-56.5,64.07,V1282_003
12/01/2014 03:53,-56.33,64.13,V1282_003
12/01/2014 16:02,-58.41,63.35,V1282_003
13/01/2014 03:57,-57.23,62.96,V1282_003
13/01/2014 15:54,-56.44,63.41,V1282_003
14/01/2014 03:49,-55.14,62.95,V1282_003
14/01/2014 15:56,-56.85,62.23,V1282_003
15/01/2014 04:02,-58.18,63.02,V1282_003
15/01/2014 16:00,-57.51,63.44,V1282_003
16/01/2014 03:59,-57.34,63.51,V1282_003
16/01/2014 16:00,-57.67,63.46,V1282_003
17/01/2014 04:02,-57.88,63.71,V1282_003
17/01/2014 16:11,-60.21,62.7,V1282_003
18/01/2014 04:09,-59.67,62.58,V1282_003
18/01/2014 16:02,-57.88,63.6,V1282_003
19/01/2014 04:03,-58.09,63.86,V1282_003
19/01/2014 16:14,-60.93,62.56,V1282_003
20/01/2014 04:10,-59.77,62.09,V1282_003
20/01/2014 16:06,-58.73,62.8,V1282_003
21/01/2014 03:59,-56.95,61.98,V1282_003
21/01/2014 15:53,-55.41,62.98,V1282_003
22/01/2014 04:02,-57.5,64.23,V1282_003
22/01/2014 16:12,-60.09,63.05,V1282_003
23/01/2014 04:07,-58.69,62.44,V1282_003
23/01/2014 16:03,-57.78,63.11,V1282_003
24/01/2014 04:02,-57.5,63.15,V1282_003
24/01/2014 16:06,-58.34,62.83,V1282_003
25/01/2014 04:02,-57.44,62.49,V1282_003
25/01/2014 15:57,-56.29,63.34,V1282_003
26/01/2014 04:04,-57.76,64.35,V1282_003
26/01/2014 16:11,-59.61,63.51,V1282_003
27/01/2014 04:13,-60.08,63.99,V1282_003
27/01/2014 16:13,-60.05,64.18,V1282_003
28/01/2014 04:04,-57.78,63.05,V1282_003
28/01/2014 16:09,-59.01,62.46,V1282_003
29/01/2014 04:03,-57.36,61.55,V1282_003
29/01/2014 15:59,-56.46,62.39,V1282_003
30/01/2014 04:01,-56.82,62.86,V1282_003
30/01/2014 16:04,-57.55,62.58,V1282_003
31/01/2014 03:58,-56.15,61.83,V1282_003
31/01/2014 15:57,-56.01,62.15,V1282_003
01/02/2014 03:52,-54.74,61.45,V1282_003
01/02/2014 15:45,-52.97,62.99,V1282_003
02/02/2014 03:46,-53.08,63.32,V1282_003
02/02/2014 15:47,-53.44,63.31,V1282_003
03/02/2014 03:40,-51.55,62.16,V1282_003
03/02/2014 15:42,-52.04,62.03,V1282_003
04/02/2014 03:25,-47.78,58.42,V1282_003
04/02/2014 15:21,-46.64,59.83,V1282_003
05/02/2014 03:19,-46.26,59.75,V1282_003
05/02/2014 15:22,-47,59.3,V1282_003
06/02/2014 03:20,-46.36,58.95,V1282_003
06/02/2014 15:15,-45.23,60.41,V1282_003
07/02/2014 03:12,-44.47,59.96,V1282_003
07/02/2014 15:14,-44.97,59.76,V1282_003
08/02/2014 03:26,-47.96,62.94,V1282_003
08/02/2014 15:24,-47.46,63.66,V1282_003
09/02/2014 03:04,-42.45,59.1,V1282_003
09/02/2014 15:03,-42.32,59.59,V1282_003
10/02/2014 03:14,-44.95,62.64,V1282_003
10/02/2014 15:11,-44.19,63.66,V1282_003
11/02/2014 02:56,-40.44,60.23,V1282_003
11/02/2014 14:59,-41.19,59.72,V1282_003
12/02/2014 03:00,-41.32,60.24,V1282_003
12/02/2014 15:01,-41.82,60.03,V1282_003
13/02/2014 02:56,-40.32,58.49,V1282_003
13/02/2014 14:54,-39.82,59.56,V1282_003
14/02/2014 02:48,-38.45,58.09,V1282_003
14/02/2014 14:44,-37.33,60.05,V1282_003
15/02/2014 02:41,-36.84,59.81,V1282_003
15/02/2014 14:36,-35.47,61.99,V1282_003
16/02/2014 02:33,-34.6,61.33,V1282_003
16/02/2014 14:33,-34.73,61.61,V1282_003
17/02/2014 02:32,-34.37,61.58,V1282_003
17/02/2014 14:26,-32.88,63.85,V1282_003
18/02/2014 02:26,-33.14,64.57,V1282_003
18/02/2014 14:30,-34.15,63.89,V1282_003
19/02/2014 02:26,-33.03,62.96,V1282_003
19/02/2014 14:23,-32.17,64.52,V1282_003
20/02/2014 02:20,-31.56,64.25,V1282_003
20/02/2014 14:24,-32.7,63.29,V1282_003
21/02/2014 02:17,-30.96,61.24,V1282_003
21/02/2014 14:15,-30.22,62.94,V1282_003
22/02/2014 02:10,-29.11,61.76,V1282_003
22/02/2014 14:12,-29.63,61.52,V1282_003
23/02/2014 02:16,-30.65,63.71,V1282_003
23/02/2014 14:15,-30.54,64.49,V1282_003
24/02/2014 02:20,-31.68,66.61,V1282_003
24/02/2014 14:25,-32.95,65.51,V1282_003
25/02/2014 02:17,-30.97,62.95,V1282_003
25/02/2014 14:20,-31.74,62.26,V1282_003
26/02/2014 02:26,-33.13,65.36,V1282_003
26/02/2014 14:20,-31.78,68.02,V1282_003
27/02/2014 02:14,-30.18,66.33,V1282_003
27/02/2014 14:26,-33.32,61.05,V1282_003
28/02/2014 02:31,-34.6,64.55,V1282_003
28/02/2014 14:32,-34.74,65.11,V1282_003
01/03/2014 02:21,-32.27,60.16,V1282_003
01/03/2014 14:26,-33.42,57.75,V1282_003
02/03/2014 02:34,-35.32,63.99,V1282_003
02/03/2014 14:32,-34.97,65.78,V1282_003
03/03/2014 02:34,-35.37,67.52,V1282_003
03/03/2014 14:31,-34.77,69.62,V1282_003
04/03/2014 02:28,-34.17,69.44,V1282_003
04/03/2014 14:42,-37.7,61.54,V1282_003
05/03/2014 02:49,-39.23,67.26,V1282_003
05/03/2014 14:46,-38.75,69.61,V1282_003
06/03/2014 02:38,-36.66,65.1,V1282_003
06/03/2014 14:39,-37.06,65.27,V1282_003
07/03/2014 02:42,-37.84,69.14,V1282_003
07/03/2014 14:41,-37.62,71.27,V1282_003
08/03/2014 02:37,-36.4,69.22,V1282_003
08/03/2014 14:41,-37.68,66.22,V1282_003
09/03/2014 02:43,-38.09,69.87,V1282_003
09/03/2014 14:44,-38.37,71.05,V1282_003
10/03/2014 02:42,-38.03,71.9,V1282_003
10/03/2014 14:41,-37.68,75.78,V1282_003
11/03/2014 02:32,-35.46,67.05,V1282_003
11/03/2014 14:37,-36.75,56.72,V1282_003
12/03/2014 02:36,-36.53,57.66,V1282_003
12/03/2014 14:29,-34.69,83.68,V1282_003
13/03/2014 02:14,-30.97,19.39,V1282_003
13/03/2014 13:57,-26.88,84.22,V1282_003
14/03/2014 01:50,-25.04,90,V1282_003
14/03/2014 13:49,-24.82,90,V1282_003
15/03/2014 01:59,-27.36,72.01,V1282_003
15/03/2014 14:09,-29.89,90,V1282_003
16/03/2014 01:58,-27.3,90,V1282_003
16/03/2014 14:03,-28.46,62.53,V1282_003
17/03/2014 01:54,-26.38,-43.48,V1282_003
17/03/2014 13:50,-25.41,-34.59,V1282_003
18/03/2014 01:54,-26.57,48.87,V1282_003
18/03/2014 13:47,-24.73,90,V1282_003
19/03/2014 01:45,-24.14,90,V1282_003
19/03/2014 13:49,-25.18,26.21,V1282_003
20/03/2014 01:41,-23.34,-50.29,V1282_003
20/03/2014 13:42,-23.75,56.58,V1282_003
21/03/2014 01:45,-24.29,50.28,V1282_003
21/03/2014 13:52,-26.33,61.21,V1282_003
22/03/2014 01:49,-25.37,63.64,V1282_003
22/03/2014 13:50,-25.65,-73.59,V1282_003
23/03/2014 01:52,-26.32,59.4,V1282_003
23/03/2014 13:50,-25.73,55.04,V1282_003
24/03/2014 01:52,-26.39,49.89,V1282_003
24/03/2014 14:02,-28.93,60.21,V1282_003
25/03/2014 01:55,-27.22,64.14,V1282_003
25/03/2014 13:46,-25,56.03,V1282_003
26/03/2014 01:52,-26.67,46.6,V1282_003
26/03/2014 14:02,-29.08,56.58,V1282_003
27/03/2014 01:48,-25.62,64.83,V1282_003
27/03/2014 13:45,-24.91,62.42,V1282_003
28/03/2014 01:49,-25.94,59.07,V1282_003
28/03/2014 13:53,-26.98,60.71,V1282_003
29/03/2014 01:46,-25.14,63.8,V1282_003
29/03/2014 13:47,-25.56,63.73,V1282_003
30/03/2014 01:48,-25.84,62.56,V1282_003
30/03/2014 13:42,-24.38,58.68,V1282_003
31/03/2014 01:38,-23.54,59.88,V1282_003
31/03/2014 13:43,-24.83,61.61,V1282_003
01/04/2014 01:52,-26.87,56.7,V1282_003
01/04/2014 13:50,-26.41,54.71,V1282_003
02/04/2014 01:47,-25.69,55.87,V1282_003
02/04/2014 13:54,-27.61,59.19,V1282_003
03/04/2014 01:52,-27.27,59.27,V1282_003
03/04/2014 13:51,-26.93,57.93,V1282_003
04/04/2014 01:48,-26.09,58.96,V1282_003
04/04/2014 13:49,-26.38,58.81,V1282_003
05/04/2014 01:41,-24.54,61.26,V1282_003
05/04/2014 13:47,-25.95,62.62,V1282_003
06/04/2014 01:46,-25.73,62.44,V1282_003
06/04/2014 13:49,-26.52,62.88,V1282_003
07/04/2014 01:47,-26.18,62.85,V1282_003
07/04/2014 13:44,-25.59,61.61,V1282_003
08/04/2014 01:42,-25.12,61.76,V1282_003
08/04/2014 13:47,-26.28,62.63,V1282_003
09/04/2014 01:44,-25.57,63.01,V1282_003
09/04/2014 13:47,-26.23,63.24,V1282_003
10/04/2014 01:51,-27.39,61.59,V1282_003
10/04/2014 13:39,-24.42,57.23,V1282_003
11/04/2014 01:36,-23.83,57.68,V1282_003
11/04/2014 13:52,-27.86,62.11,V1282_003
12/04/2014 01:41,-25.14,64.3,V1282_003
12/04/2014 13:41,-24.93,63.72,V1282_003
13/04/2014 01:47,-26.46,61.95,V1282_003
13/04/2014 13:51,-27.62,62.64,V1282_003
14/04/2014 01:50,-27.4,62.5,V1282_003
14/04/2014 13:49,-27.05,61.79,V1282_003
15/04/2014 01:44,-25.96,62.47,V1282_003
15/04/2014 13:44,-25.99,62.12,V1282_003
16/04/2014 01:41,-25.39,62.32,V1282_003
16/04/2014 13:44,-26.05,62.51,V1282_003
17/04/2014 01:47,-26.83,61.53,V1282_003
17/04/2014 13:47,-26.73,61.09,V1282_003
18/04/2014 01:42,-25.63,61.74,V1282_003
18/04/2014 13:52,-28.04,63.27,V1282_003
19/04/2014 01:42,-25.69,64.6,V1282_003
19/04/2014 13:39,-24.84,63.73,V1282_003
20/04/2014 01:37,-24.49,63.7,V1282_003
20/04/2014 13:36,-24.39,63.33,V1282_003
21/04/2014 01:38,-24.8,62.78,V1282_003
21/04/2014 13:47,-26.95,63.9,V1282_003
22/04/2014 02:01,-30.72,61,V1282_003
22/04/2014 14:09,-32.62,62.1,V1282_003
23/04/2014 01:51,-28.02,64.71,V1282_003
23/04/2014 13:50,-27.79,64.32,V1282_003
24/04/2014 01:51,-28.07,63.92,V1282_003
24/04/2014 13:45,-26.71,62.86,V1282_003
25/04/2014 01:41,-25.74,63.21,V1282_003
25/04/2014 13:55,-29.38,64.91,V1282_003
26/04/2014 02:01,-30.9,63.9,V1282_003
26/04/2014 13:59,-30.42,63.4,V1282_003
27/04/2014 01:55,-29.44,63.7,V1282_003
27/04/2014 13:57,-29.96,63.73,V1282_003
28/04/2014 01:56,-29.73,63.63,V1282_003
28/04/2014 14:01,-30.75,63.91,V1282_003
29/04/2014 02:10,-33.02,62.51,V1282_003
29/04/2014 14:09,-32.91,62.21,V1282_003
30/04/2014 02:03,-31.3,62.87,V1282_003
30/04/2014 14:10,-33.07,63.53,V1282_003
01/05/2014 02:11,-33.33,63.2,V1282_003
01/05/2014 14:14,-34.22,63.41,V1282_003
02/05/2014 02:12,-33.74,63.44,V1282_003
02/05/2014 14:09,-32.88,62.82,V1282_003
03/05/2014 02:13,-34.02,62.05,V1282_003
03/05/2014 14:08,-32.78,61.19,V1282_003
04/05/2014 02:11,-33.54,60.56,V1282_003
04/05/2014 14:26,-37.43,62.38,V1282_003
05/05/2014 02:10,-33.19,64.03,V1282_003
05/05/2014 14:06,-32.32,63.5,V1282_003
06/05/2014 02:15,-34.46,62.4,V1282_003
06/05/2014 14:15,-34.47,62.21,V1282_003
07/05/2014 02:15,-34.73,61.91,V1282_003
07/05/2014 14:19,-35.61,62.13,V1282_003
08/05/2014 02:20,-35.87,61.84,V1282_003
08/05/2014 14:18,-35.38,61.43,V1282_003
09/05/2014 02:24,-36.76,60.59,V1282_003
09/05/2014 14:34,-39.39,61.65,V1282_003
10/05/2014 02:35,-39.52,61.42,V1282_003
10/05/2014 14:35,-39.52,61.26,V1282_003
11/05/2014 02:33,-39.15,61.26,V1282_003
11/05/2014 14:38,-40.28,61.58,V1282_003
12/05/2014 02:36,-39.78,61.64,V1282_003
12/05/2014 14:27,-37.66,60.55,V1282_003
13/05/2014 02:25,-37.16,60.62,V1282_003
13/05/2014 14:24,-36.91,60.34,V1282_003
14/05/2014 02:28,-37.79,59.78,V1282_003
14/05/2014 14:38,-40.41,60.81,V1282_003
15/05/2014 02:31,-38.66,61.38,V1282_003
15/05/2014 14:28,-38.04,60.99,V1282_003
16/05/2014 02:33,-39.03,60.42,V1282_003
16/05/2014 14:42,-41.41,61.25,V1282_003
17/05/2014 02:36,-39.78,61.72,V1282_003
17/05/2014 14:38,-40.4,61.81,V1282_003
18/05/2014 02:29,-38.27,62.39,V1282_003
18/05/2014 14:31,-38.76,62.42,V1282_003
19/05/2014 02:27,-37.76,62.61,V1282_003
19/05/2014 14:04,-32,60.5,V1282_003
20/05/2014 01:58,-30.37,60.99,V1282_003
20/05/2014 14:17,-35.24,62.47,V1282_003
21/05/2014 02:33,-39.11,61.1,V1282_003
21/05/2014 14:31,-38.6,60.8,V1282_003
22/05/2014 02:52,-43.84,58.54,V1282_003
22/05/2014 14:58,-45.33,59.08,V1282_003
23/05/2014 02:51,-43.45,59.74,V1282_003
23/05/2014 14:58,-45.18,60.29,V1282_003
24/05/2014 03:05,-47.17,59.41,V1282_003
24/05/2014 15:18,-50.16,60.43,V1282_003
25/05/2014 03:04,-46.78,61.43,V1282_003
03/09/2014 16:44,-71.17,77.11,V1282_003
04/09/2014 04:31,-68.09,77.8,V1282_003
04/09/2014 16:33,-68.5,78.06,V1282_003
05/09/2014 04:38,-69.67,78.13,V1282_003
05/09/2014 16:41,-70.46,78.46,V1282_003
06/09/2014 04:33,-68.75,78.89,V1282_003
06/09/2014 16:22,-65.92,78.75,V1282_003
07/09/2014 04:47,-72.09,78.05,V1282_003
07/09/2014 16:47,-72.13,78.29,V1282_003
08/09/2014 04:42,-71.05,78.72,V1282_003
08/09/2014 16:07,-62.21,77.19,V1282_003
09/09/2014 04:29,-67.88,75.87,V1282_003
09/09/2014 15:57,-59.93,72.77,V1282_003
10/09/2014 04:11,-63.47,71.01,V1282_003
10/09/2014 16:01,-60.89,69.41,V1282_003
11/09/2014 04:02,-61.31,69.57,V1282_003
11/09/2014 15:53,-59.1,67.9,V1282_003
12/09/2014 03:49,-58.14,69.42,V1282_003
12/09/2014 15:43,-56.56,68.31,V1282_003
13/09/2014 03:41,-56.11,69.38,V1282_003
13/09/2014 15:32,-53.9,67.42,V1282_003
14/09/2014 03:36,-54.95,66.73,V1282_003
14/09/2014 15:31,-53.74,65.55,V1282_003
15/09/2014 03:31,-53.91,66.05,V1282_003
15/09/2014 15:23,-51.95,63.22,V1282_003
16/09/2014 03:35,-55,56.3,V1282_003
16/09/2014 15:40,-56.17,-87.28,V1282_003
17/09/2014 03:37,-55.71,62.78,V1282_003
17/09/2014 15:37,-55.63,63.41,V1282_003
18/09/2014 03:43,-57.05,60.77,V1282_003
18/09/2014 15:46,-58.1,64.44,V1282_003
19/09/2014 03:44,-57.39,67.02,V1282_003
19/09/2014 15:40,-56.44,-80.65,V1282_003
20/09/2014 03:46,-58.23,62.16,V1282_003
20/09/2014 15:39,-56.4,55.78,V1282_003
21/09/2014 03:35,-55.57,61.18,V1282_003
21/09/2014 15:35,-55.61,62.58,V1282_003
22/09/2014 03:39,-56.53,-66.75,V1282_003
22/09/2014 15:41,-57.08,-66.89,V1282_003
23/09/2014 03:40,-56.87,66.51,V1282_003
23/09/2014 15:35,-55.66,63.24,V1282_003
24/09/2014 03:35,-55.83,-56.88,V1282_003
24/09/2014 15:35,-55.88,66.4,V1282_003
25/09/2014 03:34,-55.55,69.68,V1282_003
25/09/2014 15:35,-55.84,-55.48,V1282_003
26/09/2014 03:41,-57.38,-43.32,V1282_003
26/09/2014 15:32,-55.17,49.4,V1282_003
27/09/2014 03:36,-56.22,90,V1282_003
27/09/2014 15:37,-56.51,90,V1282_003
28/09/2014 03:33,-55.43,-9.55,V1282_003
28/09/2014 15:28,-54.34,59.54,V1282_003
29/09/2014 03:31,-55.14,90,V1282_003
29/09/2014 15:36,-56.43,6.03,V1282_003
30/09/2014 03:40,-57.47,80.26,V1282_003
30/09/2014 15:34,-56.13,90,V1282_003
01/10/2014 03:40,-57.55,83.57,V1282_003
01/10/2014 15:33,-55.72,83.91,V1282_003
02/10/2014 03:32,-55.51,79.86,V1282_003
02/10/2014 15:28,-54.67,79.36,V1282_003
03/10/2014 03:31,-55.46,78.74,V1282_003
03/10/2014 15:34,-56.37,73.87,V1282_003
04/10/2014 03:33,-55.91,69.33,V1282_003
04/10/2014 15:37,-56.95,60.8,V1282_003
05/10/2014 03:41,-58.11,65.33,V1282_003
05/10/2014 15:41,-58.03,63.9,V1282_003
06/10/2014 03:45,-59.31,67.43,V1282_003
06/10/2014 15:41,-58.1,69.85,V1282_003
07/10/2014 03:36,-57.01,64.67,V1282_003
07/10/2014 15:34,-56.55,65,V1282_003
08/10/2014 03:42,-58.46,69.08,V1282_003
08/10/2014 15:38,-57.49,70.15,V1282_003
09/10/2014 03:41,-58.4,70.78,V1282_003
09/10/2014 15:36,-57.06,72.1,V1282_003
10/10/2014 03:33,-56.47,70.19,V1282_003
10/10/2014 15:37,-57.63,67.07,V1282_003
11/10/2014 03:40,-58.29,67.41,V1282_003
11/10/2014 15:28,-55.32,71.44,V1282_003
12/10/2014 03:21,-53.48,67.79,V1282_003
12/10/2014 15:30,-55.88,61.82,V1282_003
13/10/2014 03:34,-57.04,63.62,V1282_003
13/10/2014 15:27,-55.32,66.27,V1282_003
14/10/2014 03:28,-55.47,65.73,V1282_003
14/10/2014 15:24,-54.63,66.48,V1282_003
15/10/2014 03:33,-56.66,68.68,V1282_003
15/10/2014 15:24,-54.56,70.55,V1282_003
16/10/2014 03:25,-54.96,70.37,V1282_003
16/10/2014 15:32,-56.61,67.95,V1282_003
17/10/2014 03:32,-56.51,67.2,V1282_003
17/10/2014 15:34,-57.29,65.59,V1282_003
18/10/2014 03:32,-56.69,64.06,V1282_003
18/10/2014 15:29,-55.96,64.59,V1282_003
19/10/2014 03:32,-56.74,65.07,V1282_003
19/10/2014 15:30,-56.26,65.19,V1282_003
20/10/2014 03:34,-57.16,65.77,V1282_003
20/10/2014 15:32,-56.8,65.71,V1282_003
21/10/2014 03:35,-57.57,66.09,V1282_003
21/10/2014 15:31,-56.72,66.57,V1282_003
22/10/2014 03:28,-55.99,65.27,V1282_003
22/10/2014 15:24,-55.01,65.92,V1282_003
23/10/2014 03:27,-55.78,66.25,V1282_003
23/10/2014 15:31,-56.79,64.74,V1282_003
24/10/2014 03:35,-57.81,65.38,V1282_003
24/10/2014 15:35,-57.83,64.95,V1282_003
25/10/2014 03:35,-57.72,64.39,V1282_003
25/10/2014 15:35,-57.73,63.98,V1282_003
26/10/2014 03:38,-58.49,64.36,V1282_003
26/10/2014 15:37,-58.38,64.09,V1282_003
27/10/2014 03:39,-58.77,64.08,V1282_003
27/10/2014 15:35,-57.78,64.67,V1282_003
28/10/2014 03:38,-58.42,64.88,V1282_003
28/10/2014 15:30,-56.68,66.04,V1282_003
29/10/2014 03:26,-55.56,64.74,V1282_003
29/10/2014 15:32,-57.07,62.96,V1282_003
30/10/2014 03:46,-60.58,65.72,V1282_003
30/10/2014 15:38,-58.58,66.89,V1282_003
31/10/2014 03:31,-56.84,65.27,V1282_003
31/10/2014 15:41,-59.34,62.78,V1282_003
01/11/2014 03:45,-60.35,63.36,V1282_003
01/11/2014 15:35,-57.85,65.11,V1282_003
02/11/2014 03:33,-57.35,64.42,V1282_003
02/11/2014 15:29,-56.48,64.8,V1282_003
03/11/2014 03:31,-56.98,64.88,V1282_003
03/11/2014 15:36,-58.11,63.72,V1282_003
04/11/2014 03:34,-57.48,62.92,V1282_003
04/11/2014 15:34,-57.6,62.52,V1282_003
05/11/2014 03:41,-59.35,63.64,V1282_003
05/11/2014 15:35,-57.97,64.38,V1282_003
06/11/2014 03:34,-57.59,63.85,V1282_003
06/11/2014 15:34,-57.46,63.67,V1282_003
07/11/2014 03:35,-57.83,63.68,V1282_003
07/11/2014 15:39,-58.83,62.68,V1282_003
08/11/2014 03:46,-60.57,63.7,V1282_003
08/11/2014 15:35,-57.93,65.16,V1282_003
09/11/2014 03:28,-56.17,63.81,V1282_003
09/11/2014 15:28,-56.16,63.58,V1282_003
10/11/2014 03:49,-61.28,66.37,V1282_003
10/11/2014 15:47,-60.89,66.34,V1282_003
11/11/2014 03:32,-57,63.94,V1282_003
11/11/2014 15:34,-57.61,63.32,V1282_003
12/11/2014 03:34,-57.35,62.93,V1282_003
12/11/2014 15:32,-56.83,63.04,V1282_003
13/11/2014 03:41,-59.07,64.21,V1282_003
13/11/2014 15:45,-60.05,63.4,V1282_003
14/11/2014 03:43,-59.66,62.96,V1282_003
14/11/2014 15:35,-57.76,63.89,V1282_003
15/11/2014 03:37,-58.12,63.91,V1282_003
15/11/2014 15:41,-59.1,63.13,V1282_003
16/11/2014 03:40,-58.7,62.71,V1282_003
16/11/2014 15:34,-57.18,63.41,V1282_003
17/11/2014 03:37,-58.03,63.72,V1282_003
17/11/2014 15:32,-56.63,64.27,V1282_003
18/11/2014 03:38,-58.1,64.84,V1282_003
18/11/2014 15:37,-57.95,64.73,V1282_003
19/11/2014 03:44,-59.67,65.37,V1282_003
19/11/2014 15:43,-59.27,65.38,V1282_003
20/11/2014 03:27,-55.49,63.42,V1282_003
20/11/2014 15:29,-55.96,62.99,V1282_003
21/11/2014 03:43,-59.18,64.46,V1282_003
21/11/2014 15:42,-58.9,64.43,V1282_003
22/11/2014 03:34,-56.99,63.37,V1282_003
22/11/2014 15:29,-55.84,63.78,V1282_003
23/11/2014 03:43,-59.18,65.14,V1282_003
23/11/2014 15:37,-57.64,65.6,V1282_003
24/11/2014 03:28,-55.48,64.6,V1282_003
24/11/2014 15:31,-56.07,64.19,V1282_003
25/11/2014 03:26,-54.91,63.55,V1282_003
25/11/2014 15:32,-56.37,62.69,V1282_003
26/11/2014 03:42,-58.71,63.69,V1282_003
26/11/2014 15:43,-58.92,63.45,V1282_003
27/11/2014 03:39,-57.75,62.79,V1282_003
27/11/2014 15:37,-57.46,62.79,V1282_003
28/11/2014 03:44,-59.04,63.42,V1282_003
28/11/2014 15:43,-58.63,63.47,V1282_003
29/11/2014 03:48,-59.96,63.95,V1282_003
29/11/2014 15:47,-59.66,63.94,V1282_003
30/11/2014 03:35,-56.62,62.51,V1282_003
30/11/2014 15:36,-56.83,62.28,V1282_003
01/12/2014 03:46,-59.4,63.36,V1282_003
01/12/2014 15:47,-59.48,63.21,V1282_003
02/12/2014 03:39,-57.31,62.15,V1282_003
02/12/2014 15:36,-56.51,62.4,V1282_003
03/12/2014 03:43,-58.34,63.13,V1282_003
03/12/2014 15:45,-58.79,62.83,V1282_003
04/12/2014 03:43,-58.24,62.52,V1282_003
04/12/2014 15:34,-55.82,63.44,V1282_003
05/12/2014 03:43,-58.14,64.26,V1282_003
05/12/2014 15:46,-58.96,63.86,V1282_003
06/12/2014 03:40,-57.16,63.1,V1282_003
06/12/2014 15:39,-56.98,63.07,V1282_003
07/12/2014 03:43,-57.93,63.4,V1282_003
07/12/2014 15:49,-59.37,62.72,V1282_003
08/12/2014 03:40,-57.07,61.66,V1282_003
08/12/2014 15:25,-53.27,63.19,V1282_003
09/12/2014 03:28,-54.09,63.47,V1282_003
09/12/2014 15:29,-54.28,63.31,V1282_003
10/12/2014 03:36,-55.85,63.85,V1282_003
10/12/2014 15:42,-57.17,63.29,V1282_003
11/12/2014 03:42,-57.11,63.24,V1282_003
11/12/2014 15:40,-56.68,63.33,V1282_003
12/12/2014 03:57,-60.87,64.73,V1282_003
12/12/2014 15:55,-60.19,64.88,V1282_003
13/12/2014 03:47,-58.38,64.29,V1282_003
13/12/2014 15:42,-56.94,64.69,V1282_003
14/12/2014 03:47,-58.13,65.03,V1282_003
14/12/2014 15:48,-58.32,64.92,V1282_003
15/12/2014 03:44,-57.14,64.54,V1282_003
15/12/2014 15:43,-56.95,64.55,V1282_003
16/12/2014 03:48,-58.14,64.9,V1282_003
16/12/2014 15:56,-60.21,64.22,V1282_003
17/12/2014 03:44,-57.02,63.12,V1282_003
17/12/2014 15:40,-55.84,63.5,V1282_003
18/12/2014 03:47,-57.65,64.12,V1282_003
18/12/2014 15:51,-58.71,63.72,V1282_003
19/12/2014 03:47,-57.53,63.32,V1282_003
19/12/2014 15:45,-56.97,63.48,V1282_003
20/12/2014 03:42,-56.15,63.21,V1282_003
20/12/2014 15:42,-55.97,63.24,V1282_003
21/12/2014 03:42,-56.03,63.28,V1282_003
21/12/2014 15:44,-56.34,63.14,V1282_003
22/12/2014 03:39,-55.16,62.72,V1282_003
22/12/2014 15:43,-55.97,62.38,V1282_003
23/12/2014 03:56,-59.28,63.64,V1282_003
23/12/2014 15:53,-58.59,63.86,V1282_003
24/12/2014 03:51,-58.03,63.7,V1282_003
24/12/2014 15:54,-58.47,63.54,V1282_003
25/12/2014 03:46,-56.66,62.92,V1282_003
25/12/2014 15:50,-57.59,62.55,V1282_003
26/12/2014 03:57,-59.28,63.23,V1282_003
26/12/2014 15:48,-56.97,64.03,V1282_003
27/12/2014 03:39,-54.54,63.23,V1282_003
27/12/2014 15:52,-57.85,61.93,V1282_003
28/12/2014 03:57,-58.91,62.42,V1282_003
28/12/2014 15:56,-58.48,62.6,V1282_003
29/12/2014 03:57,-58.91,62.83,V1282_003
29/12/2014 15:46,-55.98,63.91,V1282_003
30/12/2014 03:42,-54.79,63.56,V1282_003
30/12/2014 15:44,-55.23,63.42,V1282_003
31/12/2014 03:48,-56.3,63.86,V1282_003
31/12/2014 15:54,-57.86,63.32,V1282_003
01/01/2015 03:48,-56.18,62.74,V1282_003
01/01/2015 15:45,-55.5,63.04,V1282_003
02/01/2015 03:44,-55.06,62.94,V1282_003
02/01/2015 15:47,-55.88,62.65,V1282_003
03/01/2015 03:46,-55.45,62.55,V1282_003
03/01/2015 15:50,-56.39,62.19,V1282_003
04/01/2015 03:52,-56.95,62.52,V1282_003
04/01/2015 15:40,-53.77,63.81,V1282_003
05/01/2015 03:40,-53.72,63.88,V1282_003
05/01/2015 15:45,-55.04,63.43,V1282_003
06/01/2015 03:35,-52.48,62.48,V1282_003
06/01/2015 15:38,-53.05,62.29,V1282_003
07/01/2015 03:38,-52.87,62.31,V1282_003
07/01/2015 15:33,-51.57,62.93,V1282_003
08/01/2015 03:31,-51.14,62.86,V1282_003
08/01/2015 15:44,-54.34,61.45,V1282_003
09/01/2015 03:42,-53.66,61.23,V1282_003
09/01/2015 15:42,-53.61,61.33,V1282_003
10/01/2015 03:37,-52.31,60.78,V1282_003
10/01/2015 15:42,-53.5,60.19,V1282_003
11/01/2015 03:50,-55.58,61.44,V1282_003
11/01/2015 15:54,-56.53,61.02,V1282_003
12/01/2015 03:48,-55.1,60.38,V1282_003
12/01/2015 15:48,-55.06,60.49,V1282_003
13/01/2015 03:52,-55.76,61.02,V1282_003
13/01/2015 15:56,-56.96,60.44,V1282_003
14/01/2015 03:59,-57.54,60.92,V1282_003
14/01/2015 15:54,-56.24,61.72,V1282_003
15/01/2015 03:45,-54.07,60.67,V1282_003
15/01/2015 15:48,-54.66,60.43,V1282_003
16/01/2015 03:55,-56.36,61.56,V1282_003
16/01/2015 15:52,-55.57,62.1,V1282_003
17/01/2015 03:59,-57.28,63.12,V1282_003
17/01/2015 16:06,-58.86,62.44,V1282_003
18/01/2015 03:50,-54.94,60.37,V1282_003
18/01/2015 15:53,-55.78,59.96,V1282_003
19/01/2015 03:54,-55.99,60.28,V1282_003
19/01/2015 15:51,-55.08,60.98,V1282_003
20/01/2015 03:53,-55.54,61.44,V1282_003
20/01/2015 15:49,-54.63,62.1,V1282_003
21/01/2015 03:41,-52.34,60.91,V1282_003
21/01/2015 15:47,-53.93,60.01,V1282_003
22/01/2015 03:45,-53.52,59.93,V1282_003
22/01/2015 15:48,-54.24,59.57,V1282_003
23/01/2015 03:47,-53.83,59.48,V1282_003
23/01/2015 15:40,-51.92,60.97,V1282_003
24/01/2015 03:34,-50.52,60.21,V1282_003
24/01/2015 15:40,-51.99,59.3,V1282_003
25/01/2015 03:36,-50.96,58.71,V1282_003
25/01/2015 15:28,-49.05,60.34,V1282_003
26/01/2015 03:48,-53.9,63.64,V1282_003
26/01/2015 15:59,-56.75,62.11,V1282_003
27/01/2015 03:54,-55.34,61.39,V1282_003
27/01/2015 15:53,-55.07,61.77,V1282_003
28/01/2015 03:50,-54.42,61.54,V1282_003
28/01/2015 15:53,-55.15,61.22,V1282_003
29/01/2015 03:56,-55.75,61.89,V1282_003
29/01/2015 16:01,-56.97,61.21,V1282_003
30/01/2015 03:59,-56.58,61.15,V1282_003
30/01/2015 15:58,-56.18,61.66,V1282_003
31/01/2015 03:56,-55.54,61.43,V1282_003
31/01/2015 15:57,-55.89,61.38,V1282_003
01/02/2015 03:59,-56.5,62.09,V1282_003
01/02/2015 15:58,-56.23,62.52,V1282_003
02/02/2015 03:56,-55.72,62.4,V1282_003
02/02/2015 15:42,-52.08,65.06,V1282_003
03/02/2015 03:19,-46.31,61.22,V1282_003
03/02/2015 15:23,-47.3,60.63,V1282_003
04/02/2015 03:25,-47.79,61.34,V1282_003
04/02/2015 15:21,-46.78,62.43,V1282_003
05/02/2015 03:13,-44.64,60.9,V1282_003
05/02/2015 15:15,-45.25,60.62,V1282_003
06/02/2015 03:15,-45.12,60.8,V1282_003
06/02/2015 15:09,-43.74,62.31,V1282_003
07/02/2015 03:06,-42.98,61.96,V1282_003
07/02/2015 15:02,-41.97,63.11,V1282_003
08/02/2015 02:52,-39.59,61.3,V1282_003
08/02/2015 15:00,-41.33,59.85,V1282_003
09/02/2015 02:57,-40.7,59.5,V1282_003
09/02/2015 14:50,-39.08,61.54,V1282_003
10/02/2015 02:38,-36.07,58.59,V1282_003
10/02/2015 14:30,-33.95,61.32,V1282_003
11/02/2015 02:26,-32.94,60.6,V1282_003
11/02/2015 14:25,-32.69,61.23,V1282_003
12/02/2015 02:22,-31.94,60.76,V1282_003
12/02/2015 14:27,-33.2,59.67,V1282_003
13/02/2015 02:24,-32.45,59.11,V1282_003
13/02/2015 14:17,-30.7,61.61,V1282_003
14/02/2015 02:22,-32.08,63.46,V1282_003
14/02/2015 14:27,-33.21,62.68,V1282_003
15/02/2015 02:27,-33.34,63.21,V1282_003
15/02/2015 14:24,-32.34,64.62,V1282_003
16/02/2015 02:13,-29.72,62.19,V1282_003
16/02/2015 14:18,-31.11,60.9,V1282_003
17/02/2015 02:27,-33.24,63.91,V1282_003
17/02/2015 14:24,-32.5,65.12,V1282_003
18/02/2015 02:15,-30.26,63.04,V1282_003
18/02/2015 14:13,-29.64,64.23,V1282_003
19/02/2015 02:09,-28.65,63.5,V1282_003
19/02/2015 14:16,-30.54,61.49,V1282_003
20/02/2015 02:18,-31.18,62.87,V1282_003
20/02/2015 14:20,-31.57,62.87,V1282_003
21/02/2015 02:16,-30.58,61.95,V1282_003
21/02/2015 14:17,-30.84,62.11,V1282_003
22/02/2015 02:14,-29.98,61.28,V1282_003
22/02/2015 14:15,-30.5,61.02,V1282_003
23/02/2015 02:17,-31.01,62.45,V1282_003
23/02/2015 14:19,-31.41,62.44,V1282_003
24/02/2015 02:12,-29.67,59.88,V1282_003
24/02/2015 14:07,-28.44,62.84,V1282_003
25/02/2015 02:10,-29.09,64.51,V1282_003
25/02/2015 14:19,-31.61,60.66,V1282_003
26/02/2015 02:15,-30.5,58.89,V1282_003
26/02/2015 14:11,-29.52,61.85,V1282_003
27/02/2015 02:17,-31.17,65.58,V1282_003
27/02/2015 14:19,-31.69,65.46,V1282_003
28/02/2015 02:13,-29.96,62.86,V1282_003
28/02/2015 14:16,-30.98,61.42,V1282_003
01/03/2015 02:11,-29.63,58.62,V1282_003
01/03/2015 14:17,-31.16,54.63,V1282_003
02/03/2015 02:15,-30.81,54.22,V1282_003
02/03/2015 14:09,-29.08,61.18,V1282_003
03/03/2015 02:13,-30.23,65.12,V1282_003
03/03/2015 14:12,-29.88,66.94,V1282_003
04/03/2015 02:10,-29.53,67.13,V1282_003
04/03/2015 14:14,-30.44,66.13,V1282_003
05/03/2015 02:06,-28.59,61.69,V1282_003
05/03/2015 14:04,-28.12,64.65,V1282_003
06/03/2015 02:03,-27.77,64.77,V1282_003
06/03/2015 14:07,-28.92,62.05,V1282_003
07/03/2015 02:15,-30.83,69.75,V1282_003
07/03/2015 14:14,-30.61,71.74,V1282_003
08/03/2015 02:01,-27.51,62.57,V1282_003
08/03/2015 13:58,-26.92,67.3,V1282_003
09/03/2015 01:57,-26.57,67.71,V1282_003
09/03/2015 14:00,-27.23,66.99,V1282_003
10/03/2015 02:12,-30.26,78.27,V1282_003
10/03/2015 14:20,-32.42,75.32,V1282_003
11/03/2015 02:04,-28.57,48.61,V1282_003
11/03/2015 13:56,-26.48,73.96,V1282_003
12/03/2015 01:53,-25.89,74.35,V1282_003
12/03/2015 13:56,-26.55,75.13,V1282_003
13/03/2015 02:00,-27.58,86.72,V1282_003
13/03/2015 14:08,-29.62,90,V1282_003
14/03/2015 02:01,-28.02,79.8,V1282_003
14/03/2015 13:57,-26.93,90,V1282_003
15/03/2015 01:54,-26.34,90,V1282_003
15/03/2015 13:57,-27.13,46.61,V1282_003
16/03/2015 01:56,-26.79,55.53,V1282_003
16/03/2015 14:00,-27.82,65.96,V1282_003
17/03/2015 02:00,-27.86,61.77,V1282_003
17/03/2015 14:01,-28.15,60.55,V1282_003
18/03/2015 02:08,-29.81,90,V1282_003
18/03/2015 13:54,-26.47,90,V1282_003
19/03/2015 01:41,-23.25,90,V1282_003
19/03/2015 13:56,-27.17,-54.14,V1282_003
20/03/2015 01:59,-27.83,-51.48,V1282_003
20/03/2015 13:50,-25.61,5.55,V1282_003
21/03/2015 01:44,-24.15,47.52,V1282_003
21/03/2015 13:55,-26.94,63.53,V1282_003
22/03/2015 01:52,-26.1,-71.46,V1282_003
22/03/2015 13:46,-24.64,57.6,V1282_003
23/03/2015 01:44,-24.3,57.9,V1282_003
23/03/2015 13:51,-25.96,62.83,V1282_003
24/03/2015 01:50,-25.87,62.01,V1282_003
24/03/2015 13:41,-23.54,-75.29,V1282_003
25/03/2015 01:39,-23.32,50.02,V1282_003
25/03/2015 13:48,-25.36,58.03,V1282_003
26/03/2015 01:44,-24.4,60.24,V1282_003
26/03/2015 13:48,-25.44,61.99,V1282_003
27/03/2015 01:50,-26.1,59.3,V1282_003
27/03/2015 13:50,-26.14,58.32,V1282_003
28/03/2015 01:45,-25.05,60.49,V1282_003
28/03/2015 13:48,-25.59,60.84,V1282_003
29/03/2015 01:45,-25,61.43,V1282_003
29/03/2015 13:46,-25.16,60.91,V1282_003
30/03/2015 01:42,-24.33,61.96,V1282_003
30/03/2015 13:39,-23.61,59.63,V1282_003
31/03/2015 01:38,-23.4,59.43,V1282_003
31/03/2015 13:47,-25.56,62.81,V1282_003
01/04/2015 01:47,-25.73,61.93,V1282_003
01/04/2015 13:43,-24.76,59.38,V1282_003
02/04/2015 01:49,-26.3,55.3,V1282_003
02/04/2015 13:58,-28.59,59.51,V1282_003
03/04/2015 01:54,-27.75,60.46,V1282_003
03/04/2015 13:49,-26.41,57.23,V1282_003
04/04/2015 01:50,-26.7,56.06,V1282_003
04/04/2015 13:51,-26.86,55.7,V1282_003
05/04/2015 01:48,-26.15,56.63,V1282_003
05/04/2015 13:57,-28.56,60.22,V1282_003
06/04/2015 01:57,-28.59,59.67,V1282_003
06/04/2015 13:55,-28.13,58.32,V1282_003
07/04/2015 01:48,-26.41,60.5,V1282_003
07/04/2015 13:48,-26.45,59.99,V1282_003
08/04/2015 01:49,-26.61,59.31,V1282_003
08/04/2015 13:56,-28.64,61.51,V1282_003
09/04/2015 01:54,-28.05,61.81,V1282_003
09/04/2015 13:55,-28.46,61.81,V1282_003
10/04/2015 02:06,-31,58.09,V1282_003
10/04/2015 13:59,-29.28,54.83,V1282_003
11/04/2015 01:56,-28.69,55.41,V1282_003
11/04/2015 14:07,-31.47,58.97,V1282_003
12/04/2015 01:57,-29.13,61.37,V1282_003
12/04/2015 13:52,-27.79,59.38,V1282_003
13/04/2015 01:52,-27.69,59.12,V1282_003
13/04/2015 13:54,-28.35,59.46,V1282_003
14/04/2015 01:50,-27.38,60.2,V1282_003
14/04/2015 13:48,-26.91,59.25,V1282_003
15/04/2015 01:47,-26.69,59.15,V1282_003
15/04/2015 13:44,-26.1,58.04,V1282_003
16/04/2015 01:46,-26.51,57.2,V1282_003
16/04/2015 13:47,-26.79,57.13,V1282_003
17/04/2015 01:38,-24.56,59.31,V1282_003
17/04/2015 13:51,-27.84,62.01,V1282_003
18/04/2015 01:53,-28.5,61.14,V1282_003
18/04/2015 13:45,-26.28,58.65,V1282_003
19/04/2015 01:49,-27.43,57.08,V1282_003
19/04/2015 13:44,-26.21,55.25,V1282_003
20/04/2015 01:33,-23.48,58.03,V1282_003
20/04/2015 13:41,-25.51,59.64,V1282_003
21/04/2015 01:40,-25.28,59.56,V1282_003
21/04/2015 13:37,-24.68,58.67,V1282_003
22/04/2015 01:35,-24.08,58.94,V1282_003
22/04/2015 13:36,-24.48,58.98,V1282_003
23/04/2015 01:34,-23.88,59.24,V1282_003
23/04/2015 13:43,-26.28,60.87,V1282_003
24/04/2015 01:43,-26.18,60.69,V1282_003
24/04/2015 13:39,-25.33,59.73,V1282_003
25/04/2015 01:38,-25.1,59.66,V1282_003
25/04/2015 13:42,-26,60.06,V1282_003
26/04/2015 01:42,-26.14,59.7,V1282_003
26/04/2015 13:42,-26.16,59.43,V1282_003
27/04/2015 01:43,-26.31,59.07,V1282_003
27/04/2015 13:45,-26.83,59.2,V1282_003
28/04/2015 01:45,-26.85,58.95,V1282_003
28/04/2015 13:48,-27.49,59.17,V1282_003
29/04/2015 01:44,-26.64,59.56,V1282_003
29/04/2015 13:45,-26.78,59.41,V1282_003
30/04/2015 01:45,-26.92,59.07,V1282_003
30/04/2015 13:44,-26.69,58.65,V1282_003
01/05/2015 01:42,-26.2,58.78,V1282_003
01/05/2015 13:44,-26.72,58.9,V1282_003
02/05/2015 01:47,-27.48,58.13,V1282_003
02/05/2015 13:42,-26.25,56.95,V1282_003
03/05/2015 01:49,-27.89,55.37,V1282_003
03/05/2015 14:03,-31.4,57.9,V1282_003
04/05/2015 01:45,-27.04,60.52,V1282_003
04/05/2015 13:38,-25.3,59.26,V1282_003
05/05/2015 01:44,-26.81,58.05,V1282_003
05/05/2015 13:47,-27.57,58.35,V1282_003
06/05/2015 01:53,-29.21,57.01,V1282_003
06/05/2015 13:56,-29.84,57.25,V1282_003
07/05/2015 01:48,-27.72,58.47,V1282_003
07/05/2015 13:46,-27.36,58.03,V1282_003
08/05/2015 01:50,-28.24,57.25,V1282_003
08/05/2015 13:54,-29.5,57.88,V1282_003
09/05/2015 01:53,-29.13,57.93,V1282_003
09/05/2015 13:59,-30.76,58.73,V1282_003
10/05/2015 01:57,-30.14,58.92,V1282_003
10/05/2015 14:00,-30.77,59.09,V1282_003
11/05/2015 02:05,-32.15,58.12,V1282_003
11/05/2015 14:00,-30.9,57.17,V1282_003
12/05/2015 02:01,-31.03,56.91,V1282_003
12/05/2015 14:13,-34.16,58.6,V1282_003
13/05/2015 02:10,-33.41,58.85,V1282_003
13/05/2015 14:14,-34.29,59.14,V1282_003
14/05/2015 02:14,-34.41,58.92,V1282_003
14/05/2015 14:12,-33.91,58.49,V1282_003
15/05/2015 02:06,-32.54,59.05,V1282_003
15/05/2015 14:06,-32.41,58.84,V1282_003
16/05/2015 02:06,-32.54,58.62,V1282_003
16/05/2015 14:09,-33.16,58.79,V1282_003
17/05/2015 02:04,-31.91,59.25,V1282_003
17/05/2015 14:16,-35.03,60.49,V1282_003
18/05/2015 02:10,-33.27,61.06,V1282_003
18/05/2015 14:04,-31.89,60.38,V1282_003
19/05/2015 02:08,-32.89,59.82,V1282_003
19/05/2015 14:20,-35.88,60.9,V1282_003
20/05/2015 02:04,-32,62.12,V1282_003
03/09/2013 17:49,-87.44,71.12,V1282_004
04/09/2013 04:37,-69.48,76.93,V1282_004
04/09/2013 16:06,-61.77,75.43,V1282_004
05/09/2013 05:48,-87.32,58.77,V1282_004
05/09/2013 16:38,-69.86,-29.36,V1282_004
06/09/2013 04:33,-68.65,-18.84,V1282_004
06/09/2013 17:28,-82.44,55.97,V1282_004
07/09/2013 06:10,-92.99,11.05,V1282_004
07/09/2013 17:45,-86.78,-48.23,V1282_004
08/09/2013 05:09,-77.69,32.14,V1282_004
08/09/2013 17:01,-75.86,20.39,V1282_004
09/09/2013 04:53,-73.91,34.25,V1282_004
09/09/2013 15:58,-60.2,-73.26,V1282_004
10/09/2013 06:53,-104,-87.6,V1282_004
10/09/2013 20:41,-131.18,-85.88,V1282_004
11/09/2013 04:41,-71.2,77.55,V1282_004
11/09/2013 15:21,-50.99,64.96,V1282_004
12/09/2013 04:23,-66.54,-29.36,V1282_004
12/09/2013 16:20,-65.96,-41.94,V1282_004
13/09/2013 04:38,-70.51,-80.15,V1282_004
13/09/2013 17:54,-89.43,65.04,V1282_004
14/09/2013 04:46,-72.47,78.01,V1282_004
14/09/2013 16:41,-71.51,78.03,V1282_004
15/09/2013 04:46,-72.68,78,V1282_004
15/09/2013 16:34,-69.85,77.25,V1282_004
16/09/2013 04:45,-72.52,76.45,V1282_004
16/09/2013 16:11,-64.19,-87.8,V1282_004
17/09/2013 04:09,-63.74,71.61,V1282_004
17/09/2013 16:01,-61.65,69.7,V1282_004
18/09/2013 03:55,-60.2,72.26,V1282_004
18/09/2013 15:46,-58.12,70.35,V1282_004
19/09/2013 03:35,-55.41,74.24,V1282_004
19/09/2013 15:28,-53.71,-83.02,V1282_004
20/09/2013 03:40,-56.63,-80.32,V1282_004
20/09/2013 15:37,-56.05,-78.75,V1282_004
21/09/2013 03:38,-56.22,-77.59,V1282_004
21/09/2013 15:30,-54.38,67.78,V1282_004
22/09/2013 03:48,-58.8,47.58,V1282_004
22/09/2013 15:50,-59.35,-55.97,V1282_004
23/09/2013 03:39,-56.52,69.07,V1282_004
23/09/2013 15:29,-54.18,61.61,V1282_004
24/09/2013 03:28,-53.98,-55.3,V1282_004
24/09/2013 15:11,-49.65,90,V1282_004
25/09/2013 03:18,-51.56,90,V1282_004
25/09/2013 15:39,-56.86,66.35,V1282_004
26/09/2013 03:45,-58.28,58.21,V1282_004
26/09/2013 15:42,-57.69,52.43,V1282_004
27/09/2013 03:36,-56.24,71.67,V1282_004
27/09/2013 15:33,-55.4,-15.34,V1282_004
28/09/2013 03:40,-57.32,90,V1282_004
28/09/2013 15:34,-55.86,90,V1282_004
29/09/2013 03:25,-53.78,74.19,V1282_004
29/09/2013 15:26,-54.07,81.48,V1282_004
30/09/2013 03:31,-55.24,41.42,V1282_004
30/09/2013 15:25,-53.9,79.46,V1282_004
01/10/2013 03:33,-55.82,83.35,V1282_004
01/10/2013 15:31,-55.23,80.92,V1282_004
02/10/2013 03:25,-53.9,68.71,V1282_004
02/10/2013 15:28,-54.69,55.68,V1282_004
03/10/2013 03:24,-53.73,36.96,V1282_004
03/10/2013 15:23,-53.64,36.66,V1282_004
04/10/2013 03:35,-56.68,65.41,V1282_004
04/10/2013 15:31,-55.59,68.77,V1282_004
05/10/2013 03:30,-55.38,65.58,V1282_004
05/10/2013 15:33,-56.17,59.41,V1282_004
06/10/2013 03:34,-56.58,59.69,V1282_004
06/10/2013 15:28,-55.12,65.01,V1282_004
07/10/2013 03:32,-56.03,66.58,V1282_004
07/10/2013 15:34,-56.56,63.39,V1282_004
08/10/2013 03:35,-56.85,62.91,V1282_004
08/10/2013 15:11,-51.01,74.5,V1282_004
09/10/2013 03:17,-52.29,75.12,V1282_004
09/10/2013 15:25,-54.45,71.48,V1282_004
10/10/2013 03:26,-54.74,70.99,V1282_004
10/10/2013 15:27,-55.02,69.71,V1282_004
11/10/2013 03:31,-55.93,70.25,V1282_004
11/10/2013 15:26,-54.83,71.07,V1282_004
12/10/2013 03:24,-54.49,69.79,V1282_004
12/10/2013 15:27,-55.27,67.86,V1282_004
13/10/2013 03:24,-54.55,65.77,V1282_004
13/10/2013 15:21,-53.58,66.76,V1282_004
14/10/2013 03:22,-53.98,66.65,V1282_004
14/10/2013 15:22,-54.14,65.72,V1282_004
15/10/2013 03:28,-55.67,67.35,V1282_004
15/10/2013 15:25,-54.82,67.91,V1282_004
16/10/2013 03:24,-54.72,67.12,V1282_004
16/10/2013 15:18,-53.12,68.58,V1282_004
17/10/2013 03:23,-54.52,69.52,V1282_004
17/10/2013 15:23,-54.42,69.12,V1282_004
18/10/2013 03:13,-52.07,65.77,V1282_004
18/10/2013 15:14,-52.35,64.86,V1282_004
19/10/2013 03:20,-53.62,65.96,V1282_004
19/10/2013 15:22,-54.39,64.43,V1282_004
20/10/2013 03:24,-54.79,64.4,V1282_004
20/10/2013 15:18,-53.31,65.77,V1282_004
21/10/2013 03:22,-54.21,66.28,V1282_004
21/10/2013 15:22,-54.23,65.8,V1282_004
22/10/2013 03:24,-55,66.15,V1282_004
22/10/2013 15:18,-53.39,67.33,V1282_004
23/10/2013 03:23,-54.66,68.02,V1282_004
23/10/2013 15:19,-53.67,68.45,V1282_004
24/10/2013 03:24,-54.94,69.03,V1282_004
24/10/2013 15:28,-55.96,67.87,V1282_004
25/10/2013 03:21,-54.1,65.84,V1282_004
25/10/2013 15:25,-55.24,64.31,V1282_004
26/10/2013 03:26,-55.62,64.3,V1282_004
26/10/2013 15:23,-54.76,64.78,V1282_004
27/10/2013 03:29,-56.27,65.78,V1282_004
27/10/2013 15:27,-55.91,65.74,V1282_004
28/10/2013 03:18,-53.42,63,V1282_004
28/10/2013 15:18,-53.43,62.63,V1282_004
29/10/2013 03:19,-53.81,62.65,V1282_004
29/10/2013 15:13,-52.32,63.76,V1282_004
30/10/2013 03:16,-53.08,64.1,V1282_004
30/10/2013 15:13,-52.46,64.31,V1282_004
31/10/2013 03:11,-51.71,63.31,V1282_004
31/10/2013 15:14,-52.47,62.27,V1282_004
01/11/2013 03:09,-51.22,60.66,V1282_004
01/11/2013 15:07,-50.98,60.59,V1282_004
02/11/2013 03:17,-53.35,62.58,V1282_004
02/11/2013 15:02,-49.73,65.22,V1282_004
03/11/2013 03:02,-49.73,64.93,V1282_004
03/11/2013 15:09,-51.23,63.49,V1282_004
04/11/2013 03:08,-51.1,63.1,V1282_004
04/11/2013 15:13,-52.23,61.85,V1282_004
05/11/2013 03:10,-51.6,60.99,V1282_004
05/11/2013 15:04,-50.09,62.03,V1282_004
06/11/2013 02:56,-47.97,59.82,V1282_004
06/11/2013 14:56,-47.96,59.53,V1282_004
07/11/2013 02:55,-47.83,59.13,V1282_004
07/11/2013 14:53,-47.32,59.34,V1282_004
08/11/2013 02:48,-45.94,57.67,V1282_004
08/11/2013 14:50,-46.43,56.86,V1282_004
09/11/2013 02:55,-47.67,57.9,V1282_004
09/11/2013 14:49,-46.41,58.86,V1282_004
10/11/2013 02:54,-47.52,59.64,V1282_004
10/11/2013 14:45,-45.38,61.17,V1282_004
11/11/2013 02:23,-39.87,55.81,V1282_004
11/11/2013 14:19,-38.73,56.75,V1282_004
12/11/2013 02:20,-38.97,56.75,V1282_004
12/11/2013 14:16,-38.08,57.38,V1282_004
13/11/2013 02:08,-35.93,54.95,V1282_004
13/11/2013 14:09,-36.04,54.57,V1282_004
14/11/2013 02:16,-38.02,56.43,V1282_004
14/11/2013 14:11,-36.5,57.63,V1282_004
15/11/2013 02:13,-36.98,57.86,V1282_004
15/11/2013 14:20,-38.96,55.76,V1282_004
16/11/2013 02:17,-38.06,54.64,V1282_004
16/11/2013 14:15,-37.67,54.82,V1282_004
17/11/2013 02:12,-36.77,53.68,V1282_004
17/11/2013 14:07,-35.49,54.78,V1282_004
18/11/2013 02:10,-36.09,55.2,V1282_004
18/11/2013 14:11,-36.44,54.63,V1282_004
19/11/2013 02:11,-36.29,54.3,V1282_004
19/11/2013 14:10,-36.13,54.23,V1282_004
20/11/2013 02:15,-37.35,55.26,V1282_004
20/11/2013 14:17,-37.95,54.47,V1282_004
21/11/2013 02:15,-37.29,53.67,V1282_004
21/11/2013 14:12,-36.51,54.23,V1282_004
22/11/2013 02:15,-37.1,54.66,V1282_004
22/11/2013 14:08,-35.45,55.96,V1282_004
23/11/2013 02:10,-35.79,56.11,V1282_004
23/11/2013 14:15,-37,54.84,V1282_004
24/11/2013 02:15,-36.97,54.68,V1282_004
24/11/2013 14:16,-37.3,54.17,V1282_004
25/11/2013 02:20,-38.39,55.04,V1282_004
25/11/2013 14:09,-35.48,57.26,V1282_004
26/11/2013 02:06,-34.82,56.62,V1282_004
26/11/2013 14:16,-37.15,54.48,V1282_004
27/11/2013 02:15,-36.74,54,V1282_004
27/11/2013 14:10,-35.57,54.86,V1282_004
28/11/2013 02:13,-36.15,55.25,V1282_004
28/11/2013 14:14,-36.48,54.8,V1282_004
29/11/2013 02:13,-36.07,54.34,V1282_004
29/11/2013 14:09,-35.15,54.96,V1282_004
30/11/2013 02:15,-36.73,56.15,V1282_004
30/11/2013 14:17,-37.18,55.63,V1282_004
01/12/2013 02:24,-38.63,56.66,V1282_004
01/12/2013 14:24,-38.59,56.55,V1282_004
02/12/2013 02:13,-35.79,54.26,V1282_004
02/12/2013 14:19,-37.37,52.72,V1282_004
03/12/2013 02:25,-38.69,53.83,V1282_004
03/12/2013 14:18,-37.02,55.07,V1282_004
04/12/2013 02:21,-37.84,55.65,V1282_004
04/12/2013 14:15,-36.04,56.84,V1282_004
05/12/2013 02:11,-35.12,56.12,V1282_004
05/12/2013 14:09,-34.57,56.39,V1282_004
06/12/2013 02:10,-34.64,56.39,V1282_004
06/12/2013 14:20,-37.21,54.31,V1282_004
07/12/2013 02:26,-38.66,55.4,V1282_004
07/12/2013 14:26,-38.6,55.32,V1282_004
08/12/2013 02:21,-37.3,54.27,V1282_004
08/12/2013 14:20,-36.99,54.39,V1282_004
09/12/2013 02:17,-36.19,53.72,V1282_004
09/12/2013 14:19,-36.63,53.23,V1282_004
10/12/2013 02:20,-36.95,53.48,V1282_004
10/12/2013 14:16,-35.77,54.32,V1282_004
11/12/2013 02:19,-36.59,54.93,V1282_004
11/12/2013 14:21,-36.9,54.59,V1282_004
12/12/2013 02:16,-35.6,53.55,V1282_004
12/12/2013 14:15,-35.29,53.7,V1282_004
13/12/2013 02:12,-34.35,52.93,V1282_004
13/12/2013 14:12,-34.42,52.77,V1282_004
14/12/2013 02:04,-32.49,51.08,V1282_004
14/12/2013 14:05,-32.55,50.92,V1282_004
15/12/2013 02:06,-32.74,51.11,V1282_004
15/12/2013 14:06,-32.68,51.07,V1282_004
16/12/2013 01:56,-30.12,48.61,V1282_004
16/12/2013 13:55,-29.94,48.7,V1282_004
17/12/2013 02:02,-31.5,50.28,V1282_004
17/12/2013 14:07,-32.69,49.03,V1282_004
18/12/2013 02:02,-31.25,47.58,V1282_004
18/12/2013 13:58,-30.44,48.35,V1282_004
19/12/2013 02:01,-31,48.97,V1282_004
19/12/2013 13:56,-29.82,50.06,V1282_004
20/12/2013 01:52,-28.76,49.08,V1282_004
20/12/2013 13:49,-27.82,49.93,V1282_004
21/12/2013 01:50,-28.01,50.16,V1282_004
21/12/2013 14:01,-30.69,47.37,V1282_004
22/12/2013 02:07,-32.13,48.94,V1282_004
22/12/2013 14:01,-30.57,50.4,V1282_004
23/12/2013 01:53,-28.51,48.44,V1282_004
23/12/2013 13:55,-28.95,47.92,V1282_004
24/12/2013 01:54,-28.63,47.67,V1282_004
24/12/2013 13:59,-29.82,46.31,V1282_004
25/12/2013 02:02,-30.38,47.03,V1282_004
25/12/2013 14:05,-31.2,46.07,V1282_004
26/12/2013 02:04,-30.88,45.8,V1282_004
26/12/2013 14:07,-31.57,44.94,V1282_004
27/12/2013 02:04,-30.89,44.21,V1282_004
27/12/2013 14:05,-30.95,44.09,V1282_004
28/12/2013 02:06,-31.26,44.59,V1282_004
28/12/2013 14:00,-29.58,46.54,V1282_004
29/12/2013 02:01,-29.77,46.86,V1282_004
29/12/2013 14:11,-32.08,44.09,V1282_004
30/12/2013 02:09,-31.65,43.67,V1282_004
30/12/2013 14:09,-31.46,43.88,V1282_004
31/12/2013 02:09,-31.53,44.09,V1282_004
31/12/2013 14:03,-29.97,45.96,V1282_004
01/01/2014 02:12,-32.03,48.39,V1282_004
01/01/2014 14:15,-32.85,47.51,V1282_004
02/01/2014 02:04,-30.16,44.48,V1282_004
02/01/2014 14:02,-29.36,45.47,V1282_004
03/01/2014 02:04,-29.92,46.29,V1282_004
03/01/2014 13:57,-28.24,48.19,V1282_004
04/01/2014 01:56,-27.93,48,V1282_004
04/01/2014 14:04,-29.88,45.77,V1282_004
05/01/2014 02:04,-29.82,45.86,V1282_004
05/01/2014 14:06,-30.14,45.48,V1282_004
06/01/2014 02:02,-29.08,44.31,V1282_004
06/01/2014 14:05,-29.78,43.42,V1282_004
07/01/2014 02:03,-29.23,42.83,V1282_004
07/01/2014 14:07,-30.3,41.35,V1282_004
08/01/2014 02:08,-30.49,41.81,V1282_004
08/01/2014 13:59,-28.19,44.96,V1282_004
09/01/2014 01:58,-27.89,44.74,V1282_004
09/01/2014 14:08,-30.21,41.58,V1282_004
10/01/2014 02:08,-30.16,41.69,V1282_004
10/01/2014 14:05,-29.48,42.71,V1282_004
11/01/2014 02:11,-30.68,44.55,V1282_004
11/01/2014 14:14,-31.51,43.48,V1282_004
12/01/2014 02:10,-30.46,42.17,V1282_004
12/01/2014 14:12,-30.79,41.74,V1282_004
13/01/2014 02:14,-31.37,42.79,V1282_004
13/01/2014 14:18,-32.32,41.44,V1282_004
14/01/2014 02:15,-31.4,40.22,V1282_004
14/01/2014 14:14,-31.23,40.55,V1282_004
15/01/2014 02:15,-31.31,40.89,V1282_004
15/01/2014 14:15,-31.51,40.64,V1282_004
16/01/2014 02:17,-31.84,41.38,V1282_004
16/01/2014 14:15,-31.3,42.31,V1282_004
17/01/2014 02:16,-31.51,42.85,V1282_004
17/01/2014 14:20,-32.59,41.26,V1282_004
18/01/2014 02:18,-32.05,40.61,V1282_004
18/01/2014 14:18,-31.89,40.98,V1282_004
19/01/2014 02:21,-32.6,42.36,V1282_004
19/01/2014 14:21,-32.69,42.33,V1282_004
20/01/2014 02:18,-31.9,41.29,V1282_004
20/01/2014 14:12,-30.24,44.05,V1282_004
21/01/2014 02:15,-30.83,45.17,V1282_004
21/01/2014 14:14,-30.54,45.73,V1282_004
22/01/2014 02:16,-31.13,46.82,V1282_004
22/01/2014 14:22,-32.6,44.82,V1282_004
23/01/2014 02:18,-31.69,43.66,V1282_004
23/01/2014 14:20,-32.16,43.05,V1282_004
24/01/2014 02:23,-32.75,44.27,V1282_004
24/01/2014 14:24,-32.97,44.08,V1282_004
25/01/2014 02:24,-32.94,44.3,V1282_004
25/01/2014 14:23,-32.79,44.72,V1282_004
26/01/2014 02:23,-32.76,44.95,V1282_004
26/01/2014 14:27,-33.61,43.73,V1282_004
27/01/2014 02:33,-35.08,46.4,V1282_004
27/01/2014 14:35,-35.43,46.05,V1282_004
28/01/2014 02:31,-34.53,44.87,V1282_004
28/01/2014 14:31,-34.38,45.32,V1282_004
29/01/2014 02:25,-32.99,43.19,V1282_004
29/01/2014 14:24,-32.72,43.89,V1282_004
30/01/2014 02:21,-31.94,42.78,V1282_004
30/01/2014 14:19,-31.42,43.97,V1282_004
31/01/2014 02:26,-33.28,47.44,V1282_004
31/01/2014 14:27,-33.39,47.52,V1282_004
01/02/2014 02:23,-32.37,46.12,V1282_004
01/02/2014 14:26,-32.98,45.3,V1282_004
02/02/2014 02:23,-32.34,44.44,V1282_004
02/02/2014 14:26,-33.2,43.04,V1282_004
03/02/2014 02:27,-33.43,43.83,V1282_004
03/02/2014 14:25,-32.79,45.33,V1282_004
04/02/2014 02:18,-31.03,42.15,V1282_004
04/02/2014 14:15,-30.14,44.26,V1282_004
05/02/2014 02:19,-31.38,46.98,V1282_004
05/02/2014 14:25,-32.75,44.66,V1282_004
06/02/2014 02:21,-31.74,42.89,V1282_004
06/02/2014 14:16,-30.61,45.58,V1282_004
07/02/2014 02:18,-31.1,46.91,V1282_004
07/02/2014 14:20,-31.47,46.52,V1282_004
08/02/2014 02:18,-31.09,46.12,V1282_004
08/02/2014 14:18,-31.08,46.49,V1282_004
09/02/2014 02:16,-30.58,45.82,V1282_004
09/02/2014 14:18,-31.07,45.11,V1282_004
10/02/2014 02:19,-31.2,45.77,V1282_004
10/02/2014 14:22,-32.07,44.18,V1282_004
11/02/2014 02:22,-32.07,44.58,V1282_004
11/02/2014 14:21,-31.82,45.57,V1282_004
12/02/2014 02:25,-32.69,47.93,V1282_004
12/02/2014 14:25,-32.69,48.36,V1282_004
13/02/2014 02:32,-34.45,52.3,V1282_004
13/02/2014 14:34,-34.95,51.79,V1282_004
14/02/2014 02:21,-31.7,45,V1282_004
14/02/2014 14:21,-31.71,45.46,V1282_004
15/02/2014 02:22,-31.96,46.56,V1282_004
15/02/2014 14:19,-31.22,48.84,V1282_004
16/02/2014 02:14,-29.85,45.91,V1282_004
16/02/2014 14:15,-30.23,45.4,V1282_004
17/02/2014 02:16,-30.62,46.92,V1282_004
17/02/2014 14:17,-30.88,46.77,V1282_004
18/02/2014 02:17,-30.89,47.3,V1282_004
18/02/2014 14:18,-31.02,47.51,V1282_004
19/02/2014 02:17,-30.78,47.37,V1282_004
19/02/2014 14:18,-31.04,47.23,V1282_004
20/02/2014 02:16,-30.68,46.7,V1282_004
20/02/2014 14:20,-31.57,44.55,V1282_004
21/02/2014 02:23,-32.46,47.92,V1282_004
21/02/2014 14:23,-32.47,48.55,V1282_004
22/02/2014 02:19,-31.49,46.01,V1282_004
22/02/2014 14:20,-31.63,46.24,V1282_004
23/02/2014 02:19,-31.52,46.49,V1282_004
23/02/2014 14:17,-31.04,48.87,V1282_004
24/02/2014 02:15,-30.56,47.89,V1282_004
24/02/2014 14:21,-32.07,42.92,V1282_004
25/02/2014 02:20,-31.84,42.59,V1282_004
25/02/2014 14:13,-29.86,51.02,V1282_004
26/02/2014 02:14,-30.26,53.05,V1282_004
26/02/2014 14:22,-32.4,46.04,V1282_004
27/02/2014 02:20,-31.8,44.11,V1282_004
27/02/2014 14:20,-31.95,44.4,V1282_004
28/02/2014 02:22,-32.35,47.04,V1282_004
28/02/2014 14:15,-30.74,54.5,V1282_004
01/03/2014 02:16,-31.02,56.33,V1282_004
01/03/2014 14:22,-32.42,52.17,V1282_004
02/03/2014 02:17,-31.32,48.05,V1282_004
02/03/2014 14:17,-31.34,49.16,V1282_004
03/03/2014 02:16,-31.12,49.01,V1282_004
03/03/2014 14:20,-32.02,45.2,V1282_004
04/03/2014 02:19,-31.8,44.84,V1282_004
04/03/2014 14:20,-32.2,43.58,V1282_004
05/03/2014 02:23,-32.73,48.33,V1282_004
05/03/2014 14:19,-31.88,54.98,V1282_004
06/03/2014 02:20,-32.16,57.83,V1282_004
06/03/2014 14:25,-33.31,52.98,V1282_004
07/03/2014 02:24,-33.22,53.9,V1282_004
07/03/2014 14:25,-33.37,54.91,V1282_004
08/03/2014 02:20,-32.4,48.89,V1282_004
08/03/2014 14:24,-33.18,43.36,V1282_004
09/03/2014 02:20,-32.34,34.5,V1282_004
09/03/2014 14:17,-31.62,46.44,V1282_004
10/03/2014 02:21,-32.77,61.16,V1282_004
10/03/2014 14:21,-32.68,65.4,V1282_004
11/03/2014 02:22,-33.09,71.52,V1282_004
11/03/2014 14:26,-33.87,70.23,V1282_004
12/03/2014 02:22,-33.03,65.96,V1282_004
12/03/2014 14:22,-33.06,73.64,V1282_004
13/03/2014 02:21,-32.85,87.26,V1282_004
13/03/2014 14:23,-33.26,90,V1282_004
14/03/2014 02:19,-32.42,90,V1282_004
14/03/2014 14:19,-32.58,90,V1282_004
15/03/2014 02:17,-31.98,90,V1282_004
15/03/2014 14:18,-32.27,48.82,V1282_004
16/03/2014 02:17,-32.06,50.12,V1282_004
16/03/2014 14:14,-31.34,90,V1282_004
17/03/2014 02:10,-30.38,41.9,V1282_004
17/03/2014 14:13,-31.16,55.36,V1282_004
18/03/2014 02:10,-30.32,-34.81,V1282_004
18/03/2014 14:08,-29.86,52.96,V1282_004
19/03/2014 02:14,-31.4,90,V1282_004
19/03/2014 14:13,-31.31,90,V1282_004
20/03/2014 02:11,-30.72,90,V1282_004
20/03/2014 14:15,-31.76,39.88,V1282_004
21/03/2014 02:15,-32.04,31.75,V1282_004
21/03/2014 14:14,-31.58,11.01,V1282_004
22/03/2014 02:13,-31.49,14.85,V1282_004
22/03/2014 14:15,-32.03,27.01,V1282_004
23/03/2014 02:15,-32.07,24.95,V1282_004
23/03/2014 14:18,-32.86,-63.98,V1282_004
24/03/2014 02:15,-32.14,42.01,V1282_004
24/03/2014 14:17,-32.81,45.66,V1282_004
25/03/2014 02:17,-32.72,45.09,V1282_004
25/03/2014 14:17,-32.88,44.57,V1282_004
26/03/2014 02:15,-32.42,46.56,V1282_004
26/03/2014 14:14,-31.96,41.88,V1282_004
27/03/2014 02:12,-31.49,44.04,V1282_004
27/03/2014 14:08,-30.66,36.48,V1282_004
28/03/2014 02:11,-31.44,28.47,V1282_004
28/03/2014 14:16,-32.86,38.87,V1282_004
29/03/2014 02:12,-31.77,44.62,V1282_004
29/03/2014 14:10,-31.18,40.02,V1282_004
30/03/2014 02:09,-30.97,40.51,V1282_004
30/03/2014 14:09,-31.13,40.26,V1282_004
31/03/2014 02:11,-31.67,36.33,V1282_004
31/03/2014 14:13,-32.21,38.42,V1282_004
01/04/2014 02:08,-31.12,43.3,V1282_004
01/04/2014 14:06,-30.66,40.05,V1282_004
02/04/2014 02:04,-30.19,41.64,V1282_004
02/04/2014 14:01,-29.36,36.48,V1282_004
03/04/2014 02:01,-29.39,35.71,V1282_004
03/04/2014 13:59,-28.93,32.2,V1282_004
04/04/2014 01:56,-28.34,34.91,V1282_004
04/04/2014 13:58,-28.88,36.7,V1282_004
05/04/2014 01:58,-28.91,36.01,V1282_004
05/04/2014 14:04,-30.32,41.25,V1282_004
06/04/2014 01:59,-29.23,44.66,V1282_004
06/04/2014 14:01,-29.65,45.24,V1282_004
07/04/2014 02:01,-29.56,45.01,V1282_004
07/04/2014 13:59,-29.22,43.19,V1282_004
08/04/2014 01:59,-29.25,42.59,V1282_004
08/04/2014 14:01,-29.66,43.21,V1282_004
09/04/2014 01:58,-29.19,44.18,V1282_004
09/04/2014 13:57,-28.98,42.86,V1282_004
10/04/2014 01:55,-28.51,43.81,V1282_004
10/04/2014 13:56,-28.8,43.99,V1282_004
11/04/2014 01:57,-29.08,42.74,V1282_004
11/04/2014 13:43,-25.61,29.78,V1282_004
12/04/2014 01:48,-26.64,24.84,V1282_004
12/04/2014 13:50,-27.3,27.25,V1282_004
13/04/2014 01:41,-25.21,35.13,V1282_004
13/04/2014 13:49,-27.12,40.61,V1282_004
14/04/2014 01:57,-29.15,33.76,V1282_004
14/04/2014 13:56,-29.05,32.88,V1282_004
15/04/2014 01:52,-27.83,36.6,V1282_004
15/04/2014 13:54,-28.61,38.42,V1282_004
16/04/2014 01:53,-28.39,38.7,V1282_004
16/04/2014 13:51,-27.8,36.46,V1282_004
17/04/2014 01:50,-27.45,37.15,V1282_004
17/04/2014 13:27,-21.86,15.99,V1282_004
18/04/2014 01:27,-21.76,16.31,V1282_004
18/04/2014 13:44,-26.29,32.96,V1282_004
19/04/2014 01:38,-24.81,36.96,V1282_004
19/04/2014 13:51,-27.84,43.81,V1282_004
20/04/2014 01:48,-27.24,44.73,V1282_004
20/04/2014 13:41,-25.64,40.84,V1282_004
21/04/2014 01:54,-28.8,32.29,V1282_004
21/04/2014 13:53,-28.57,31.2,V1282_004
22/04/2014 01:34,-23.97,42.49,V1282_004
22/04/2014 13:38,-24.87,43.91,V1282_004
23/04/2014 01:30,-23.02,46.98,V1282_004
23/04/2014 13:30,-23.04,46.64,V1282_004
24/04/2014 01:29,-22.57,47.14,V1282_004
24/04/2014 13:23,-21.21,44.44,V1282_004
25/04/2014 01:25,-21.73,43.19,V1282_004
25/04/2014 13:28,-22.38,44.02,V1282_004
26/04/2014 01:21,-20.9,46.27,V1282_004
26/04/2014 13:19,-20.42,45.13,V1282_004
27/04/2014 01:19,-20.19,45.25,V1282_004
27/04/2014 13:08,-17.46,39.93,V1282_004
28/04/2014 01:03,-16.23,42.03,V1282_004
28/04/2014 13:16,-19.62,47.28,V1282_004
29/04/2014 01:14,-19.27,47.54,V1282_004
29/04/2014 13:18,-20.03,48.31,V1282_004
30/04/2014 01:15,-19.3,49.04,V1282_004
30/04/2014 13:12,-18.82,48.1,V1282_004
01/05/2014 01:12,-18.83,47.83,V1282_004
01/05/2014 13:13,-19.1,47.9,V1282_004
02/05/2014 01:08,-17.74,49.41,V1282_004
02/05/2014 13:12,-18.88,50.49,V1282_004
03/05/2014 01:15,-19.64,49.36,V1282_004
03/05/2014 13:13,-19.03,48.34,V1282_004
04/05/2014 01:08,-17.79,49.61,V1282_004
04/05/2014 13:10,-18.3,49.94,V1282_004
05/05/2014 01:10,-18.44,49.56,V1282_004
05/05/2014 13:22,-21.45,52.5,V1282_004
06/05/2014 01:19,-20.71,52.99,V1282_004
06/05/2014 13:13,-19.09,51.18,V1282_004
07/05/2014 01:09,-18.1,51.96,V1282_004
07/05/2014 13:18,-20.24,53.7,V1282_004
08/05/2014 01:21,-20.99,52.82,V1282_004
08/05/2014 13:22,-21.37,52.95,V1282_004
09/05/2014 01:23,-21.63,52.52,V1282_004
09/05/2014 13:26,-22.39,52.99,V1282_004
10/05/2014 01:18,-20.52,54.36,V1282_004
10/05/2014 13:29,-23.15,56.12,V1282_004
11/05/2014 01:31,-23.65,55.58,V1282_004
11/05/2014 13:34,-24.4,55.93,V1282_004
12/05/2014 01:28,-22.78,56.83,V1282_004
12/05/2014 13:41,-26.03,58.6,V1282_004
13/05/2014 01:55,-29.79,56.15,V1282_004
13/05/2014 14:35,-39.54,61.17,V1282_004
14/05/2014 02:34,-39.29,61.12,V1282_004
14/05/2014 14:37,-40.16,61.33,V1282_004
15/05/2014 02:38,-40.54,61.03,V1282_004
15/05/2014 14:29,-38.29,59.91,V1282_004
16/05/2014 02:34,-39.28,59.29,V1282_004
16/05/2014 14:45,-42.28,60.49,V1282_004
17/05/2014 02:41,-41.28,60.76,V1282_004
17/05/2014 14:36,-39.9,60.05,V1282_004
18/05/2014 02:48,-42.89,58.53,V1282_004
18/05/2014 15:00,-45.89,59.78,V1282_004
19/05/2014 02:46,-42.51,61.01,V1282_004
19/05/2014 15:13,-49.25,63.06,V1282_004
20/05/2014 03:22,-51.25,62.35,V1282_004
20/05/2014 15:14,-49.36,61.64,V1282_004
21/05/2014 03:19,-50.61,61.09,V1282_004
03/09/2013 14:43,-41.06,75.56,V1282_009
04/09/2013 02:17,-34.47,77.15,V1282_009
04/09/2013 13:53,-28.64,76.22,V1282_009
05/09/2013 02:03,-31.05,75.91,V1282_009
05/09/2013 14:40,-40.47,78.03,V1282_009
06/09/2013 02:33,-38.52,78.55,V1282_009
06/09/2013 14:20,-35.43,78.31,V1282_009
07/09/2013 02:43,-41.23,77.53,V1282_009
07/09/2013 14:40,-40.64,77.66,V1282_009
08/09/2013 03:07,-47.31,76.31,V1282_009
08/09/2013 14:57,-44.73,75.8,V1282_009
09/09/2013 02:39,-40.4,77.35,V1282_009
09/09/2013 14:28,-37.57,76.86,V1282_009
10/09/2013 02:37,-39.98,76.45,V1282_009
10/09/2013 14:38,-40.28,76.84,V1282_009
11/09/2013 02:35,-39.57,77.39,V1282_009
11/09/2013 14:27,-37.74,77.13,V1282_009
12/09/2013 03:01,-46.16,73.97,V1282_009
12/09/2013 14:40,-40.95,70.8,V1282_009
13/09/2013 02:36,-40,72.1,V1282_009
13/09/2013 15:15,-49.67,77.52,V1282_009
14/09/2013 02:54,-44.59,79.36,V1282_009
14/09/2013 14:37,-40.38,78.5,V1282_009
15/09/2013 03:21,-51.43,73.75,V1282_009
15/09/2013 15:17,-50.47,73.53,V1282_009
16/09/2013 02:54,-44.77,77.34,V1282_009
16/09/2013 14:24,-37.31,73.19,V1282_009
17/09/2013 02:06,-32.85,76.75,V1282_009
17/09/2013 13:45,-27.52,73.58,V1282_009
18/09/2013 01:34,-25.07,76.05,V1282_009
18/09/2013 13:40,-26.36,-86.37,V1282_009
19/09/2013 01:36,-25.53,78.31,V1282_009
19/09/2013 13:20,-21.57,-84.57,V1282_009
20/09/2013 01:41,-26.74,-81.65,V1282_009
20/09/2013 13:34,-25.16,-79.52,V1282_009
21/09/2013 01:38,-26.21,-77.47,V1282_009
21/09/2013 13:37,-26.13,70.8,V1282_009
22/09/2013 01:50,-29.3,64.05,V1282_009
22/09/2013 13:43,-27.59,57.39,V1282_009
23/09/2013 01:38,-26.51,64.75,V1282_009
23/09/2013 13:40,-26.93,-63.33,V1282_009
24/09/2013 01:50,-29.35,-46.64,V1282_009
24/09/2013 13:49,-29.27,59.27,V1282_009
25/09/2013 01:53,-30.31,-25.77,V1282_009
25/09/2013 13:48,-29.1,90,V1282_009
26/09/2013 01:50,-29.65,90,V1282_009
26/09/2013 13:42,-27.81,90,V1282_009
27/09/2013 01:44,-28.36,90,V1282_009
27/09/2013 13:49,-29.52,90,V1282_009
28/09/2013 01:45,-28.56,90,V1282_009
28/09/2013 13:43,-28.11,90,V1282_009
29/09/2013 02:00,-32.4,77.84,V1282_009
29/09/2013 13:59,-32.19,82.86,V1282_009
30/09/2013 01:50,-29.86,90,V1282_009
30/09/2013 13:54,-31.02,79.72,V1282_009
01/10/2013 01:44,-28.56,4.73,V1282_009
01/10/2013 13:41,-27.85,19.2,V1282_009
02/10/2013 01:55,-31.39,73.23,V1282_009
02/10/2013 13:42,-28.31,80.93,V1282_009
03/10/2013 01:42,-28.35,78.84,V1282_009
03/10/2013 13:47,-29.39,73.95,V1282_009
04/10/2013 01:52,-30.92,76.09,V1282_009
04/10/2013 14:01,-33.09,66.75,V1282_009
05/10/2013 01:58,-32.5,61.01,V1282_009
05/10/2013 13:50,-30.41,69.03,V1282_009
06/10/2013 01:46,-29.45,63.21,V1282_009
06/10/2013 13:43,-28.61,65.25,V1282_009
07/10/2013 01:41,-28.27,62.11,V1282_009
07/10/2013 13:36,-27.06,65.39,V1282_009
08/10/2013 01:50,-30.47,72.27,V1282_009
08/10/2013 13:54,-31.75,68.69,V1282_009
09/10/2013 01:45,-29.41,60.47,V1282_009
09/10/2013 13:45,-29.45,59.21,V1282_009
10/10/2013 01:51,-30.98,63.07,V1282_009
10/10/2013 13:46,-29.64,65.63,V1282_009
11/10/2013 01:43,-28.92,62.73,V1282_009
11/10/2013 13:31,-26.08,68.13,V1282_009
12/10/2013 01:33,-26.73,68.37,V1282_009
12/10/2013 13:50,-30.89,57.91,V1282_009
13/10/2013 01:50,-30.8,56.56,V1282_009
13/10/2013 13:52,-31.33,53.93,V1282_009
14/10/2013 01:54,-31.98,55.14,V1282_009
14/10/2013 13:43,-29.38,61.44,V1282_009
15/10/2013 01:48,-30.41,62.8,V1282_009
15/10/2013 13:47,-30.19,62.56,V1282_009
16/10/2013 01:50,-31.09,63.5,V1282_009
16/10/2013 13:56,-32.62,59.83,V1282_009
17/10/2013 01:53,-31.9,57.39,V1282_009
17/10/2013 13:48,-30.67,59.52,V1282_009
18/10/2013 01:48,-30.57,58.59,V1282_009
18/10/2013 13:46,-30.22,58.73,V1282_009
19/10/2013 01:50,-31.24,60.08,V1282_009
19/10/2013 13:51,-31.52,58.99,V1282_009
20/10/2013 01:52,-31.79,58.87,V1282_009
20/10/2013 13:51,-31.56,58.76,V1282_009
21/10/2013 01:50,-31.2,57.46,V1282_009
21/10/2013 13:48,-30.72,57.86,V1282_009
22/10/2013 01:47,-30.49,56.83,V1282_009
22/10/2013 13:48,-30.76,55.79,V1282_009
23/10/2013 01:56,-33.03,59.32,V1282_009
23/10/2013 13:53,-32.3,60,V1282_009
24/10/2013 01:47,-30.56,56.6,V1282_009
24/10/2013 13:43,-29.83,57.42,V1282_009
25/10/2013 01:48,-30.97,58.76,V1282_009
25/10/2013 13:36,-28.11,62.26,V1282_009
26/10/2013 01:21,-24.25,56.23,V1282_009
26/10/2013 13:21,-24.26,55.77,V1282_009
27/10/2013 01:19,-23.9,54.66,V1282_009
27/10/2013 13:26,-25.41,51.34,V1282_009
28/10/2013 01:27,-25.67,51.4,V1282_009
28/10/2013 13:26,-25.43,51.45,V1282_009
29/10/2013 01:27,-25.81,51.75,V1282_009
29/10/2013 13:23,-24.82,53.16,V1282_009
30/10/2013 01:18,-23.58,50.43,V1282_009
30/10/2013 13:21,-24.46,48.26,V1282_009
31/10/2013 01:28,-25.96,50.81,V1282_009
31/10/2013 13:19,-23.84,54.07,V1282_009
01/11/2013 01:28,-25.97,56.8,V1282_009
01/11/2013 13:23,-24.85,57.9,V1282_009
02/11/2013 01:17,-23.23,55.39,V1282_009
02/11/2013 13:26,-25.48,51.56,V1282_009
03/11/2013 01:27,-25.86,51.83,V1282_009
03/11/2013 13:23,-24.73,53.24,V1282_009
04/11/2013 01:23,-24.73,52.9,V1282_009
04/11/2013 13:23,-24.73,52.57,V1282_009
05/11/2013 01:22,-24.6,52.05,V1282_009
05/11/2013 13:22,-24.6,51.72,V1282_009
06/11/2013 01:17,-23.34,49.4,V1282_009
06/11/2013 13:17,-23.34,49.08,V1282_009
07/11/2013 01:26,-25.58,52.26,V1282_009
07/11/2013 13:21,-24.2,53.86,V1282_009
08/11/2013 01:19,-23.94,53.23,V1282_009
08/11/2013 13:25,-25.3,51,V1282_009
09/11/2013 01:26,-25.42,50.9,V1282_009
09/11/2013 13:21,-24.16,52.37,V1282_009
10/11/2013 01:23,-24.65,52.76,V1282_009
10/11/2013 13:19,-23.89,53.45,V1282_009
11/11/2013 01:19,-23.87,53.19,V1282_009
11/11/2013 13:20,-23.98,52.77,V1282_009
12/11/2013 01:22,-24.47,53.13,V1282_009
12/11/2013 13:23,-24.7,52.57,V1282_009
13/11/2013 01:26,-25.31,53.09,V1282_009
13/11/2013 13:24,-24.92,53.3,V1282_009
14/11/2013 01:19,-23.52,51.35,V1282_009
14/11/2013 13:23,-24.5,49.78,V1282_009
15/11/2013 01:24,-24.73,49.89,V1282_009
15/11/2013 13:19,-23.71,50.97,V1282_009
16/11/2013 01:20,-23.82,50.9,V1282_009
16/11/2013 13:17,-23.04,51.61,V1282_009
17/11/2013 01:23,-24.39,53,V1282_009
17/11/2013 13:23,-24.37,52.79,V1282_009
18/11/2013 01:23,-24.34,52.58,V1282_009
18/11/2013 13:21,-23.94,52.79,V1282_009
19/11/2013 01:23,-24.41,53.14,V1282_009
19/11/2013 13:21,-23.89,53.47,V1282_009
20/11/2013 01:22,-24.11,53.54,V1282_009
20/11/2013 13:23,-24.45,52.96,V1282_009
21/11/2013 01:26,-24.92,53.3,V1282_009
21/11/2013 13:24,-24.39,53.63,V1282_009
22/11/2013 01:25,-24.73,53.82,V1282_009
22/11/2013 13:28,-25.32,53.02,V1282_009
23/11/2013 01:19,-23.29,50.68,V1282_009
23/11/2013 13:17,-22.63,51.21,V1282_009
24/11/2013 01:15,-22.22,50.62,V1282_009
24/11/2013 13:20,-23.31,49.15,V1282_009
25/11/2013 01:20,-23.27,48.99,V1282_009
25/11/2013 13:13,-21.48,50.84,V1282_009
26/11/2013 01:20,-23.19,52.51,V1282_009
26/11/2013 13:21,-23.28,52.24,V1282_009
27/11/2013 01:19,-22.99,51.84,V1282_009
27/11/2013 13:16,-22.07,52.57,V1282_009
28/11/2013 01:25,-24.28,54.51,V1282_009
28/11/2013 13:23,-23.61,54.92,V1282_009
29/11/2013 01:13,-21.19,52.64,V1282_009
29/11/2013 13:17,-22.28,51.4,V1282_009
30/11/2013 01:19,-22.73,51.78,V1282_009
30/11/2013 13:25,-23.93,50.37,V1282_009
01/12/2013 01:27,-24.39,50.77,V1282_009
01/12/2013 13:22,-23.22,51.78,V1282_009
02/12/2013 01:18,-22.17,50.66,V1282_009
02/12/2013 13:20,-22.62,50.03,V1282_009
03/12/2013 01:31,-25.32,52.62,V1282_009
03/12/2013 13:29,-24.65,53.08,V1282_009
04/12/2013 01:28,-24.35,52.75,V1282_009
04/12/2013 13:29,-24.67,52.31,V1282_009
05/12/2013 01:24,-23.37,51.03,V1282_009
05/12/2013 13:26,-23.69,50.56,V1282_009
06/12/2013 01:24,-23.14,49.97,V1282_009
06/12/2013 13:19,-21.96,51,V1282_009
07/12/2013 01:20,-22.16,51.15,V1282_009
07/12/2013 13:27,-23.86,49.32,V1282_009
08/12/2013 01:30,-24.55,50.01,V1282_009
08/12/2013 13:34,-25.5,48.9,V1282_009
09/12/2013 01:36,-25.94,49.35,V1282_009
09/12/2013 13:26,-23.26,51.82,V1282_009
10/12/2013 01:20,-21.96,50.58,V1282_009
10/12/2013 13:23,-22.4,50.02,V1282_009
11/12/2013 01:25,-22.97,50.57,V1282_009
11/12/2013 13:18,-21.16,52.12,V1282_009
12/12/2013 01:16,-20.6,51.62,V1282_009
12/12/2013 13:22,-22.17,50.04,V1282_009
13/12/2013 01:26,-22.86,50.7,V1282_009
13/12/2013 13:26,-22.8,50.66,V1282_009
14/12/2013 01:25,-22.61,50.49,V1282_009
14/12/2013 13:23,-22.06,50.92,V1282_009
15/12/2013 01:20,-21.25,50.17,V1282_009
15/12/2013 13:20,-21.19,50.14,V1282_009
16/12/2013 01:25,-22.25,51.16,V1282_009
16/12/2013 13:29,-23.31,50.07,V1282_009
17/12/2013 01:28,-22.88,49.68,V1282_009
17/12/2013 13:25,-22.19,50.26,V1282_009
18/12/2013 01:20,-21.01,49.14,V1282_009
18/12/2013 13:19,-20.44,49.61,V1282_009
19/12/2013 01:24,-21.76,50.9,V1282_009
19/12/2013 13:29,-22.82,49.82,V1282_009
20/12/2013 01:25,-21.88,48.95,V1282_009
20/12/2013 13:26,-22.07,48.69,V1282_009
21/12/2013 01:29,-22.76,49.43,V1282_009
21/12/2013 13:25,-21.7,50.39,V1282_009
22/12/2013 01:31,-23.26,51.87,V1282_009
22/12/2013 13:31,-23.2,51.87,V1282_009
23/12/2013 01:25,-21.39,50.29,V1282_009
23/12/2013 13:26,-21.7,49.94,V1282_009
24/12/2013 01:31,-22.89,51.12,V1282_009
24/12/2013 13:34,-23.57,50.44,V1282_009
25/12/2013 01:34,-23.51,50.46,V1282_009
25/12/2013 13:37,-24.2,49.76,V1282_009
26/12/2013 01:32,-23.01,48.66,V1282_009
26/12/2013 13:30,-22.45,49.2,V1282_009
27/12/2013 01:39,-24.64,51.36,V1282_009
27/12/2013 13:42,-25.33,50.71,V1282_009
28/12/2013 01:37,-24.02,49.54,V1282_009
28/12/2013 13:28,-21.46,51.91,V1282_009
29/12/2013 01:32,-22.52,52.92,V1282_009
29/12/2013 13:38,-23.96,51.66,V1282_009
30/12/2013 01:31,-22.15,50.08,V1282_009
30/12/2013 13:29,-21.59,50.61,V1282_009
31/12/2013 01:28,-21.28,50.42,V1282_009
31/12/2013 13:32,-22.22,49.49,V1282_009
01/01/2014 01:28,-21.03,48.39,V1282_009
01/01/2014 13:25,-20.35,49.1,V1282_009
02/01/2014 01:15,-17.92,46.58,V1282_009
02/01/2014 13:17,-18.36,46.07,V1282_009
03/01/2014 01:20,-19.05,47.01,V1282_009
03/01/2014 13:22,-19.24,46.79,V1282_009
04/01/2014 01:17,-18.06,45.54,V1282_009
04/01/2014 13:20,-18.76,44.69,V1282_009
05/01/2014 01:21,-18.95,45.08,V1282_009
05/01/2014 13:25,-19.89,43.89,V1282_009
06/01/2014 01:26,-19.96,44.15,V1282_009
06/01/2014 13:30,-20.91,42.91,V1282_009
07/01/2014 01:37,-22.73,45.45,V1282_009
07/01/2014 13:38,-22.92,45.23,V1282_009
08/01/2014 01:32,-21.5,43.54,V1282_009
08/01/2014 13:34,-21.82,43.13,V1282_009
09/01/2014 01:28,-20.27,41.1,V1282_009
09/01/2014 13:29,-20.46,40.84,V1282_009
10/01/2014 01:33,-21.41,42.41,V1282_009
10/01/2014 13:35,-21.86,41.8,V1282_009
11/01/2014 01:35,-21.81,41.92,V1282_009
11/01/2014 13:30,-20.64,43.64,V1282_009
12/01/2014 01:35,-21.84,45.45,V1282_009
12/01/2014 13:41,-23.04,43.9,V1282_009
13/01/2014 01:40,-22.74,43.68,V1282_009
13/01/2014 13:39,-22.57,43.99,V1282_009
14/01/2014 01:36,-21.77,43.06,V1282_009
14/01/2014 13:46,-24.23,39.34,V1282_009
15/01/2014 01:54,-26.31,42.8,V1282_009
15/01/2014 13:53,-25.89,43.49,V1282_009
16/01/2014 01:54,-26.22,44.19,V1282_009
16/01/2014 14:01,-27.93,41.73,V1282_009
17/01/2014 02:04,-28.64,43.04,V1282_009
17/01/2014 14:10,-29.97,41.06,V1282_009
18/01/2014 02:11,-30.18,41.62,V1282_009
18/01/2014 14:18,-31.89,38.86,V1282_009
19/01/2014 02:23,-33.1,41.15,V1282_009
19/01/2014 14:17,-31.69,43.5,V1282_009
20/01/2014 02:17,-31.52,43.49,V1282_009
20/01/2014 14:22,-32.74,41.68,V1282_009
21/01/2014 02:20,-32.33,41.24,V1282_009
21/01/2014 14:23,-32.79,40.57,V1282_009
22/01/2014 02:30,-34.51,43.66,V1282_009
22/01/2014 14:37,-36.35,40.74,V1282_009
23/01/2014 02:35,-35.69,39.83,V1282_009
23/01/2014 14:34,-35.53,40.25,V1282_009
24/01/2014 02:38,-36.63,42.43,V1282_009
24/01/2014 14:39,-36.85,42.21,V1282_009
25/01/2014 02:33,-35.07,39.26,V1282_009
25/01/2014 14:33,-35.04,39.47,V1282_009
26/01/2014 02:33,-35.14,39.93,V1282_009
26/01/2014 14:33,-34.98,40.39,V1282_009
27/01/2014 02:34,-35.33,41.32,V1282_009
27/01/2014 14:38,-36.43,39.41,V1282_009
28/01/2014 02:44,-37.91,42.48,V1282_009
28/01/2014 14:42,-37.38,43.62,V1282_009
29/01/2014 02:45,-37.99,44.95,V1282_009
29/01/2014 14:48,-38.71,43.9,V1282_009
30/01/2014 02:43,-37.44,41.85,V1282_009
30/01/2014 14:43,-37.55,41.87,V1282_009
03/09/2014 04:43,-70.88,76.88,V2104_005
03/09/2014 16:38,-69.67,76.89,V2104_005
04/09/2014 04:56,-74.21,76.27,V2104_005
04/09/2014 17:03,-76,76.87,V2104_005
05/09/2014 04:51,-73.04,77.63,V2104_005
05/09/2014 16:41,-70.46,77.41,V2104_005
06/09/2014 04:46,-71.88,77.4,V2104_005
06/09/2014 16:41,-70.67,77.4,V2104_005
07/09/2014 04:54,-73.96,76.96,V2104_005
07/09/2014 16:39,-70.26,76.28,V2104_005
08/09/2014 04:38,-70.05,76.63,V2104_005
08/09/2014 16:27,-67.22,76.09,V2104_005
09/09/2014 04:45,-71.76,74.84,V2104_005
09/09/2014 16:25,-66.8,72.86,V2104_005
10/09/2014 04:28,-67.72,72.76,V2104_005
10/09/2014 16:03,-61.51,68.63,V2104_005
11/09/2014 03:57,-60.18,70.3,V2104_005
11/09/2014 15:57,-60.23,70.77,V2104_005
12/09/2014 03:51,-58.77,72.33,V2104_005
12/09/2014 15:45,-57.19,71.61,V2104_005
13/09/2014 03:55,-59.61,70.12,V2104_005
13/09/2014 15:54,-59.53,70.53,V2104_005
14/09/2014 03:50,-58.7,71.82,V2104_005
14/09/2014 15:42,-56.49,70.3,V2104_005
15/09/2014 03:40,-56.16,71.24,V2104_005
15/09/2014 15:37,-55.45,71.09,V2104_005
16/09/2014 03:55,-59.88,-88.69,V2104_005
16/09/2014 15:49,-58.54,64.38,V2104_005
17/09/2014 03:28,-53.34,72.41,V2104_005
17/09/2014 15:26,-52.88,72.55,V2104_005
18/09/2014 03:32,-54.43,71.62,V2104_005
18/09/2014 15:27,-53.35,70.97,V2104_005
19/09/2014 03:47,-58.27,62.54,V2104_005
19/09/2014 15:44,-57.56,61.37,V2104_005
20/09/2014 03:34,-55.23,68.41,V2104_005
20/09/2014 15:40,-56.65,71.65,V2104_005
21/09/2014 03:47,-58.57,-77.65,V2104_005
21/09/2014 15:40,-56.61,-73.38,V2104_005
22/09/2014 03:39,-56.53,67.46,V2104_005
22/09/2014 15:38,-56.45,68.41,V2104_005
23/09/2014 03:44,-57.75,-65.78,V2104_005
23/09/2014 15:32,-54.91,50.91,V2104_005
24/09/2014 03:37,-56.21,30.81,V2104_005
24/09/2014 15:42,-57.38,55.05,V2104_005
25/09/2014 03:40,-56.92,-43.26,V2104_005
25/09/2014 15:39,-56.84,-39.96,V2104_005
26/09/2014 03:44,-58.01,56.29,V2104_005
26/09/2014 15:33,-55.42,90,V2104_005
27/09/2014 03:49,-59.47,55.52,V2104_005
27/09/2014 15:50,-59.89,52.81,V2104_005
28/09/2014 03:45,-58.55,90,V2104_005
28/09/2014 15:44,-58.22,90,V2104_005
29/09/2014 03:32,-55.39,90,V2104_005
29/09/2014 15:36,-56.55,16.53,V2104_005
30/09/2014 03:42,-57.97,90,V2104_005
30/09/2014 15:43,-58.26,46.96,V2104_005
01/10/2014 03:41,-57.68,24.42,V2104_005
01/10/2014 15:33,-55.72,66.59,V2104_005
02/10/2014 03:38,-57.01,73.92,V2104_005
02/10/2014 15:28,-54.67,79.96,V2104_005
03/10/2014 03:35,-56.58,81.2,V2104_005
03/10/2014 15:39,-57.37,78.02,V2104_005
04/10/2014 03:27,-54.66,65.16,V2104_005
04/10/2014 15:29,-55.08,59.9,V2104_005
05/10/2014 03:36,-56.86,67.69,V2104_005
05/10/2014 15:37,-57.15,64.53,V2104_005
06/10/2014 03:35,-56.81,60.61,V2104_005
06/10/2014 15:24,-54.1,69.88,V2104_005
07/10/2014 03:25,-54.39,69.14,V2104_005
07/10/2014 15:29,-55.3,65.01,V2104_005
08/10/2014 03:34,-56.46,67.16,V2104_005
08/10/2014 15:26,-54.74,70.17,V2104_005
09/10/2014 03:32,-56.15,71.66,V2104_005
09/10/2014 15:30,-55.69,71.53,V2104_005
10/10/2014 03:35,-57.1,72.65,V2104_005
10/10/2014 15:42,-58.63,69.48,V2104_005
11/10/2014 03:43,-59.04,69.24,V2104_005
11/10/2014 15:31,-56.19,72.52,V2104_005
12/10/2014 03:22,-53.85,68.43,V2104_005
12/10/2014 15:28,-55.51,64.49,V2104_005
13/10/2014 03:32,-56.54,65.68,V2104_005
13/10/2014 15:33,-56.69,64.63,V2104_005
14/10/2014 03:35,-57.22,64.81,V2104_005
14/10/2014 15:24,-54.5,68.51,V2104_005
15/10/2014 03:29,-55.78,69.46,V2104_005
15/10/2014 15:29,-55.81,68.85,V2104_005
16/10/2014 03:34,-57.09,69.7,V2104_005
16/10/2014 15:39,-58.36,67.62,V2104_005
17/10/2014 03:31,-56.51,64.32,V2104_005
17/10/2014 15:28,-55.66,65.05,V2104_005
18/10/2014 03:32,-56.56,65.7,V2104_005
18/10/2014 15:34,-57.21,64.22,V2104_005
19/10/2014 03:41,-58.86,65.89,V2104_005
19/10/2014 15:37,-57.88,66.58,V2104_005
20/10/2014 03:33,-56.91,64.82,V2104_005
20/10/2014 15:37,-58.05,62.71,V2104_005
21/10/2014 03:43,-59.57,64.26,V2104_005
21/10/2014 15:39,-58.59,65.01,V2104_005
22/10/2014 03:35,-57.61,63.26,V2104_005
22/10/2014 15:30,-56.26,64.51,V2104_005
23/10/2014 03:30,-56.28,64.04,V2104_005
23/10/2014 15:38,-58.42,60.73,V2104_005
24/10/2014 03:45,-60.06,62.49,V2104_005
24/10/2014 15:41,-59.2,63.12,V2104_005
25/10/2014 03:44,-59.97,63.56,V2104_005
25/10/2014 15:42,-59.36,63.84,V2104_005
26/10/2014 03:36,-58.12,61.97,V2104_005
26/10/2014 15:36,-58.01,61.7,V2104_005
27/10/2014 03:40,-59.02,62.47,V2104_005
27/10/2014 15:41,-59.16,61.92,V2104_005
28/10/2014 03:44,-59.92,62.37,V2104_005
28/10/2014 15:38,-58.55,63.44,V2104_005
29/10/2014 03:41,-59.31,63.81,V2104_005
29/10/2014 15:37,-58.32,64.38,V2104_005
30/10/2014 03:43,-59.83,65.32,V2104_005
30/10/2014 15:40,-58.96,65.69,V2104_005
31/10/2014 03:37,-58.34,64.87,V2104_005
31/10/2014 15:42,-59.59,63.47,V2104_005
01/11/2014 03:43,-59.72,63.25,V2104_005
01/11/2014 15:33,-57.35,64.92,V2104_005
02/11/2014 03:39,-58.85,65.73,V2104_005
02/11/2014 15:45,-60.48,64.21,V2104_005
03/11/2014 03:39,-58.73,62.44,V2104_005
03/11/2014 15:33,-57.36,63.32,V2104_005
04/11/2014 03:38,-58.48,63.92,V2104_005
04/11/2014 15:38,-58.48,63.64,V2104_005
05/11/2014 03:41,-59.23,63.93,V2104_005
05/11/2014 15:39,-58.72,64.02,V2104_005
06/11/2014 03:43,-59.72,64.47,V2104_005
06/11/2014 15:38,-58.46,65.05,V2104_005
07/11/2014 03:40,-58.96,65.12,V2104_005
07/11/2014 15:42,-59.58,64.46,V2104_005
08/11/2014 03:38,-58.57,63.53,V2104_005
08/11/2014 15:41,-59.18,62.83,V2104_005
09/11/2014 03:44,-59.92,63.12,V2104_005
09/11/2014 15:41,-59.29,63.32,V2104_005
10/11/2014 03:39,-58.65,62.64,V2104_005
10/11/2014 15:35,-57.77,63.02,V2104_005
11/11/2014 03:41,-59.25,63.78,V2104_005
11/11/2014 15:42,-59.49,63.4,V2104_005
12/11/2014 03:42,-59.47,63.17,V2104_005
12/11/2014 15:34,-57.46,64.2,V2104_005
13/11/2014 03:35,-57.82,64.21,V2104_005
13/11/2014 15:39,-58.67,63.48,V2104_005
14/11/2014 03:39,-58.53,63.2,V2104_005
14/11/2014 15:44,-59.89,62.11,V2104_005
15/11/2014 03:45,-60.24,62.15,V2104_005
15/11/2014 15:40,-58.72,62.91,V2104_005
16/11/2014 03:45,-60.2,63.6,V2104_005
16/11/2014 15:45,-60.18,63.41,V2104_005
17/11/2014 03:43,-59.53,62.86,V2104_005
17/11/2014 15:44,-59.63,62.6,V2104_005
18/11/2014 03:45,-59.98,62.64,V2104_005
18/11/2014 15:45,-59.83,62.54,V2104_005
19/11/2014 03:54,-62.17,63.68,V2104_005
19/11/2014 15:40,-58.65,65.22,V2104_005
20/11/2014 03:39,-58.24,64.89,V2104_005
20/11/2014 15:50,-61.09,63.32,V2104_005
21/11/2014 03:40,-58.56,61.76,V2104_005
21/11/2014 15:50,-61.03,60.01,V2104_005
22/11/2014 03:53,-61.74,60.34,V2104_005
22/11/2014 15:45,-59.59,61.5,V2104_005
23/11/2014 03:42,-58.93,60.97,V2104_005
23/11/2014 15:47,-60.14,60.03,V2104_005
24/11/2014 03:48,-60.36,60.04,V2104_005
24/11/2014 15:42,-58.82,60.83,V2104_005
25/11/2014 03:45,-59.41,61.06,V2104_005
25/11/2014 15:47,-60.12,60.47,V2104_005
26/11/2014 03:42,-58.71,59.46,V2104_005
26/11/2014 15:44,-59.04,59.08,V2104_005
27/11/2014 03:46,-59.63,59.35,V2104_005
27/11/2014 15:47,-59.84,59.05,V2104_005
28/11/2014 03:47,-59.79,58.92,V2104_005
28/11/2014 15:45,-59.25,59.12,V2104_005
29/11/2014 03:44,-58.96,58.83,V2104_005
29/11/2014 15:43,-58.67,58.88,V2104_005
30/11/2014 03:42,-58.25,58.51,V2104_005
30/11/2014 15:42,-58.33,58.31,V2104_005
01/12/2014 03:45,-59.15,58.77,V2104_005
01/12/2014 15:46,-59.23,58.58,V2104_005
02/12/2014 03:44,-58.56,58.06,V2104_005
02/12/2014 15:42,-58.01,58.28,V2104_005
03/12/2014 03:43,-58.21,58.34,V2104_005
03/12/2014 15:37,-56.79,59.1,V2104_005
04/12/2014 03:42,-57.99,59.74,V2104_005
04/12/2014 15:39,-57.06,60.14,V2104_005
05/12/2014 03:35,-56.26,59.63,V2104_005
05/12/2014 15:41,-57.59,58.73,V2104_005
06/12/2014 03:41,-57.41,58.57,V2104_005
06/12/2014 15:38,-56.61,58.94,V2104_005
07/12/2014 03:40,-57.18,59.23,V2104_005
07/12/2014 15:40,-57.12,59.15,V2104_005
08/12/2014 03:34,-55.45,58.1,V2104_005
08/12/2014 15:38,-56.52,57.31,V2104_005
09/12/2014 03:40,-56.84,57.48,V2104_005
09/12/2014 15:29,-54.16,59.01,V2104_005
10/12/2014 03:28,-53.97,58.88,V2104_005
10/12/2014 15:34,-55.17,58.07,V2104_005
11/12/2014 03:34,-55.24,58.09,V2104_005
11/12/2014 15:37,-56.05,57.49,V2104_005
12/12/2014 03:43,-57.37,58.28,V2104_005
12/12/2014 15:40,-56.56,58.67,V2104_005
13/12/2014 03:39,-56.25,58.48,V2104_005
13/12/2014 15:35,-55.32,58.94,V2104_005
14/12/2014 03:34,-55.01,58.75,V2104_005
14/12/2014 15:38,-55.82,58.2,V2104_005
15/12/2014 03:44,-57.14,58.96,V2104_005
15/12/2014 15:43,-56.83,59.06,V2104_005
16/12/2014 03:40,-56.14,58.68,V2104_005
16/12/2014 15:43,-56.83,58.22,V2104_005
17/12/2014 03:42,-56.52,58.04,V2104_005
17/12/2014 15:44,-56.96,57.72,V2104_005
18/12/2014 03:39,-55.65,56.92,V2104_005
18/12/2014 15:38,-55.34,57.06,V2104_005
19/12/2014 03:42,-56.28,57.66,V2104_005
19/12/2014 15:45,-56.97,57.19,V2104_005
20/12/2014 03:46,-57.28,57.41,V2104_005
20/12/2014 15:42,-55.97,58.15,V2104_005
21/12/2014 03:49,-57.78,59.2,V2104_005
21/12/2014 15:45,-56.59,59.78,V2104_005
22/12/2014 03:39,-55.16,59.06,V2104_005
22/12/2014 15:41,-55.59,58.79,V2104_005
23/12/2014 03:41,-55.41,58.72,V2104_005
23/12/2014 15:46,-56.84,57.86,V2104_005
24/12/2014 03:47,-57.03,58.02,V2104_005
24/12/2014 15:45,-56.22,58.47,V2104_005
25/12/2014 03:46,-56.66,58.77,V2104_005
25/12/2014 15:43,-55.6,59.33,V2104_005
26/12/2014 03:49,-57.28,60.25,V2104_005
26/12/2014 16:00,-59.85,58.9,V2104_005
27/12/2014 03:49,-57.03,57.3,V2104_005
27/12/2014 15:46,-56.22,57.79,V2104_005
28/12/2014 03:52,-57.54,58.63,V2104_005
28/12/2014 15:51,-57.35,58.74,V2104_005
29/12/2014 03:46,-56.04,58.05,V2104_005
29/12/2014 15:42,-54.85,58.74,V2104_005
30/12/2014 03:40,-54.29,58.5,V2104_005
30/12/2014 15:41,-54.61,58.32,V2104_005
31/12/2014 03:33,-52.42,57.05,V2104_005
31/12/2014 15:43,-54.99,55.29,V2104_005
01/01/2015 03:36,-53.06,53.91,V2104_005
01/01/2015 15:30,-51.5,55.13,V2104_005
02/01/2015 03:19,-48.81,53.11,V2104_005
02/01/2015 15:22,-49.51,52.53,V2104_005
03/01/2015 03:26,-50.57,53.56,V2104_005
03/01/2015 15:27,-50.64,53.52,V2104_005
04/01/2015 03:19,-48.46,51.74,V2104_005
04/01/2015 15:16,-47.78,52.38,V2104_005
05/01/2015 03:21,-48.97,53.54,V2104_005
05/01/2015 15:34,-52.04,50.8,V2104_005
06/01/2015 03:27,-50.48,49.37,V2104_005
06/01/2015 15:28,-50.68,49.2,V2104_005
07/01/2015 03:26,-50,48.62,V2104_005
07/01/2015 15:21,-48.69,50.04,V2104_005
08/01/2015 03:32,-51.39,52.78,V2104_005
08/01/2015 15:27,-50.09,53.97,V2104_005
09/01/2015 03:19,-47.91,52.18,V2104_005
09/01/2015 15:31,-50.86,49.27,V2104_005
10/01/2015 03:43,-53.8,52.4,V2104_005
10/01/2015 15:37,-52.38,53.76,V2104_005
11/01/2015 03:20,-48.08,49.75,V2104_005
11/01/2015 15:27,-49.91,47.76,V2104_005
12/01/2015 03:31,-50.73,48.9,V2104_005
12/01/2015 15:26,-49.56,50.26,V2104_005
13/01/2015 03:33,-51.13,52.05,V2104_005
13/01/2015 15:37,-51.96,51.31,V2104_005
14/01/2015 03:24,-48.92,48.12,V2104_005
14/01/2015 15:23,-48.5,48.7,V2104_005
15/01/2015 03:27,-49.45,49.99,V2104_005
15/01/2015 15:29,-49.91,49.57,V2104_005
16/01/2015 03:27,-49.36,49.15,V2104_005
16/01/2015 15:27,-49.32,49.3,V2104_005
17/01/2015 03:24,-48.65,48.72,V2104_005
17/01/2015 15:23,-48.24,49.32,V2104_005
18/01/2015 03:26,-48.95,50.36,V2104_005
18/01/2015 15:32,-50.41,48.75,V2104_005
19/01/2015 03:25,-48.62,46.67,V2104_005
19/01/2015 15:25,-48.7,46.68,V2104_005
20/01/2015 03:32,-50.16,48.81,V2104_005
20/01/2015 15:29,-49.63,49.61,V2104_005
21/01/2015 03:29,-49.59,49.8,V2104_005
21/01/2015 15:28,-49.18,50.44,V2104_005
22/01/2015 03:24,-48.27,49.56,V2104_005
22/01/2015 15:25,-48.49,49.44,V2104_005
23/01/2015 03:29,-49.45,50.88,V2104_005
23/01/2015 15:29,-49.42,51.08,V2104_005
24/01/2015 03:24,-48.14,49.74,V2104_005
24/01/2015 15:27,-48.74,49.13,V2104_005
25/01/2015 03:27,-48.71,49.35,V2104_005
25/01/2015 15:23,-47.68,50.86,V2104_005
26/01/2015 03:25,-48.27,51.85,V2104_005
26/01/2015 15:32,-50,49.86,V2104_005
27/01/2015 03:29,-49.22,49.06,V2104_005
27/01/2015 15:26,-48.32,50.49,V2104_005
28/01/2015 03:25,-48.17,50.56,V2104_005
28/01/2015 15:25,-48.15,50.8,V2104_005
29/01/2015 03:24,-47.75,50.55,V2104_005
29/01/2015 15:24,-47.73,50.8,V2104_005
30/01/2015 03:29,-48.95,52.69,V2104_005
30/01/2015 15:30,-49.31,52.47,V2104_005
31/01/2015 03:23,-47.41,50.19,V2104_005
31/01/2015 15:26,-48.27,49.17,V2104_005
01/02/2015 03:27,-48.38,49.64,V2104_005
01/02/2015 15:21,-46.74,52.23,V2104_005
02/02/2015 03:18,-45.97,51.48,V2104_005
02/02/2015 15:22,-47.2,49.93,V2104_005
03/02/2015 03:20,-46.44,49.04,V2104_005
03/02/2015 15:21,-46.8,48.74,V2104_005
04/02/2015 03:28,-48.54,51.77,V2104_005
04/02/2015 15:31,-49.28,50.95,V2104_005
05/02/2015 03:24,-47.64,48.63,V2104_005
05/02/2015 15:28,-48.63,47.18,V2104_005
06/02/2015 03:28,-48.62,47.51,V2104_005
06/02/2015 15:23,-47.24,50.25,V2104_005
07/02/2015 03:27,-48.35,52.4,V2104_005
07/02/2015 15:27,-48.35,52.74,V2104_005
08/02/2015 03:22,-47.09,51.08,V2104_005
08/02/2015 15:23,-47.33,51.02,V2104_005
09/02/2015 03:23,-47.2,51.17,V2104_005
09/02/2015 15:27,-48.2,49.77,V2104_005
10/02/2015 03:24,-47.45,48.72,V2104_005
10/02/2015 15:25,-47.7,48.62,V2104_005
11/02/2015 03:31,-49.19,51.84,V2104_005
11/02/2015 15:36,-50.44,49.92,V2104_005
12/02/2015 03:33,-49.57,48.56,V2104_005
12/02/2015 15:32,-49.45,49.24,V2104_005
13/02/2015 03:27,-48.2,46.95,V2104_005
13/02/2015 15:33,-49.58,44.06,V2104_005
14/02/2015 03:30,-48.95,42.86,V2104_005
14/02/2015 15:32,-49.33,42.28,V2104_005
15/02/2015 03:33,-49.71,43.77,V2104_005
15/02/2015 15:33,-49.72,44.24,V2104_005
16/02/2015 03:34,-49.85,45.06,V2104_005
16/02/2015 15:37,-50.73,43.1,V2104_005
17/02/2015 03:35,-50.24,42.1,V2104_005
17/02/2015 15:35,-50.25,42.61,V2104_005
18/02/2015 03:36,-50.51,43.89,V2104_005
18/02/2015 15:34,-49.89,46.25,V2104_005
19/02/2015 03:33,-49.65,46.08,V2104_005
19/02/2015 15:35,-50.29,44.76,V2104_005
20/02/2015 03:32,-49.43,42.49,V2104_005
20/02/2015 15:25,-47.82,48.17,V2104_005
21/02/2015 03:27,-48.33,50.19,V2104_005
21/02/2015 15:37,-50.84,42.97,V2104_005
22/02/2015 03:33,-49.73,39.32,V2104_005
22/02/2015 15:32,-49.5,40.94,V2104_005
23/02/2015 03:32,-49.52,41.59,V2104_005
23/02/2015 15:32,-49.53,42.25,V2104_005
24/02/2015 03:31,-49.43,42.44,V2104_005
24/02/2015 15:29,-48.94,45.13,V2104_005
25/02/2015 03:27,-48.46,43.88,V2104_005
25/02/2015 15:28,-48.86,43.05,V2104_005
26/02/2015 03:31,-49.5,46.45,V2104_005
26/02/2015 15:29,-49.02,49.22,V2104_005
27/02/2015 03:27,-48.54,48.11,V2104_005
27/02/2015 15:28,-48.82,47.95,V2104_005
28/02/2015 03:25,-48.09,45.53,V2104_005
28/02/2015 15:27,-48.61,44.02,V2104_005
01/03/2015 03:27,-48.63,44.97,V2104_005
01/03/2015 15:34,-50.53,35.03,V2104_005
02/03/2015 03:35,-50.81,37.58,V2104_005
02/03/2015 15:31,-49.58,46.09,V2104_005
03/03/2015 03:31,-49.61,47.22,V2104_005
03/03/2015 15:35,-50.89,40.69,V2104_005
04/03/2015 03:35,-50.79,40.98,V2104_005
04/03/2015 15:24,-48.19,57.08,V2104_005
05/03/2015 03:27,-48.97,61.38,V2104_005
05/03/2015 15:33,-50.24,57.57,V2104_005
06/03/2015 03:32,-50.15,58.46,V2104_005
06/03/2015 15:32,-50.18,60.01,V2104_005
07/03/2015 03:27,-49.08,55.61,V2104_005
07/03/2015 15:28,-49.36,55.84,V2104_005
08/03/2015 03:26,-48.89,54.3,V2104_005
08/03/2015 15:34,-50.67,39.75,V2104_005
09/03/2015 03:42,-52.83,61.35,V2104_005
09/03/2015 15:41,-52.48,66,V2104_005
10/03/2015 03:34,-51.01,57.74,V2104_005
10/03/2015 15:38,-51.92,51.05,V2104_005
11/03/2015 03:32,-50.58,31.99,V2104_005
11/03/2015 15:27,-49.24,58.52,V2104_005
12/03/2015 03:26,-49.02,59.7,V2104_005
12/03/2015 15:28,-49.55,56.14,V2104_005
13/03/2015 03:28,-49.59,64.76,V2104_005
13/03/2015 15:29,-49.99,67.71,V2104_005
14/03/2015 03:32,-50.53,90,V2104_005
14/03/2015 15:36,-51.56,90,V2104_005
15/03/2015 03:35,-51.47,90,V2104_005
15/03/2015 15:33,-50.88,90,V2104_005
16/03/2015 03:34,-51.42,90,V2104_005
16/03/2015 15:36,-51.83,90,V2104_005
17/03/2015 03:30,-50.36,90,V2104_005
17/03/2015 15:34,-51.53,55.08,V2104_005
18/03/2015 03:43,-53.56,90,V2104_005
18/03/2015 15:35,-51.72,90,V2104_005
19/03/2015 03:24,-49.13,90,V2104_005
19/03/2015 15:30,-50.67,43.02,V2104_005
20/03/2015 03:35,-51.83,90,V2104_005
20/03/2015 15:35,-51.87,90,V2104_005
21/03/2015 03:28,-50.16,44.02,V2104_005
21/03/2015 15:29,-50.57,46.18,V2104_005
22/03/2015 03:32,-51.23,35.06,V2104_005
22/03/2015 15:32,-51.39,34.83,V2104_005
23/03/2015 03:50,-55.81,90,V2104_005
23/03/2015 15:47,-55.09,90,V2104_005
24/03/2015 03:28,-50.38,22.04,V2104_005
24/03/2015 15:35,-52.29,44.28,V2104_005
25/03/2015 03:32,-51.46,-77.72,V2104_005
25/03/2015 15:27,-50.37,39.05,V2104_005
26/03/2015 03:30,-51.03,31.14,V2104_005
26/03/2015 15:32,-51.57,35.05,V2104_005
27/03/2015 03:35,-52.36,25.55,V2104_005
27/03/2015 15:34,-52.14,21.23,V2104_005
28/03/2015 03:29,-50.81,34.7,V2104_005
28/03/2015 15:30,-51.09,35.61,V2104_005
29/03/2015 03:32,-51.76,29.18,V2104_005
29/03/2015 15:30,-51.3,23.29,V2104_005
30/03/2015 03:30,-51.46,21.13,V2104_005
30/03/2015 15:28,-50.87,13.39,V2104_005
31/03/2015 03:21,-49.16,29.66,V2104_005
31/03/2015 15:28,-50.95,40.15,V2104_005
01/04/2015 03:26,-50.48,41.84,V2104_005
01/04/2015 15:26,-50.64,41.59,V2104_005
02/04/2015 03:26,-50.68,40.76,V2104_005
02/04/2015 15:22,-49.59,33.97,V2104_005
03/04/2015 03:23,-49.88,31.71,V2104_005
03/04/2015 15:25,-50.42,33.88,V2104_005
04/04/2015 03:21,-49.45,38.27,V2104_005
04/04/2015 15:21,-49.49,37.55,V2104_005
05/04/2015 03:21,-49.53,36.85,V2104_005
05/04/2015 15:24,-50.31,39.49,V2104_005
06/04/2015 03:19,-49.1,43.62,V2104_005
06/04/2015 15:21,-49.63,44.67,V2104_005
07/04/2015 03:22,-50.04,42.77,V2104_005
07/04/2015 15:18,-48.83,37.44,V2104_005
08/04/2015 03:20,-49.36,34.74,V2104_005
08/04/2015 15:26,-51.15,40.94,V2104_005
09/04/2015 03:22,-49.93,44.39,V2104_005
09/04/2015 15:20,-49.47,42.29,V2104_005
10/04/2015 03:18,-49.13,42.9,V2104_005
10/04/2015 15:21,-49.78,44.19,V2104_005
11/04/2015 03:26,-51.19,39.43,V2104_005
11/04/2015 15:23,-50.48,36.33,V2104_005
12/04/2015 03:21,-50.01,37.57,V2104_005
12/04/2015 15:26,-51.42,41.39,V2104_005
13/04/2015 03:18,-49.32,46.49,V2104_005
13/04/2015 15:18,-49.36,46.01,V2104_005
14/04/2015 03:19,-49.51,45.24,V2104_005
14/04/2015 15:19,-49.67,45.08,V2104_005
15/04/2015 03:23,-50.82,41.8,V2104_005
15/04/2015 15:21,-50.23,39.65,V2104_005
16/04/2015 03:23,-50.88,37.41,V2104_005
16/04/2015 15:26,-51.54,38.78,V2104_005
17/04/2015 03:20,-50.07,42.27,V2104_005
17/04/2015 15:20,-50.1,41.86,V2104_005
18/04/2015 03:21,-50.25,41.14,V2104_005
18/04/2015 15:25,-51.4,43.37,V2104_005
19/04/2015 03:24,-51.18,43.53,V2104_005
19/04/2015 15:16,-49.08,38.05,V2104_005
20/04/2015 03:14,-48.74,38.63,V2104_005
20/04/2015 15:22,-50.89,43.19,V2104_005
21/04/2015 03:21,-50.54,43.6,V2104_005
21/04/2015 15:19,-49.94,41.91,V2104_005
22/04/2015 03:20,-50.21,41,V2104_005
22/04/2015 15:23,-51.24,42.78,V2104_005
23/04/2015 03:26,-52.01,40.85,V2104_005
23/04/2015 15:27,-52.29,41.04,V2104_005
24/04/2015 03:24,-51.43,42.5,V2104_005
24/04/2015 15:21,-50.58,40.37,V2104_005
25/04/2015 03:21,-50.6,40.04,V2104_005
25/04/2015 15:17,-49.63,37.53,V2104_005
26/04/2015 03:16,-49.4,37.78,V2104_005
26/04/2015 15:18,-49.92,38.56,V2104_005
27/04/2015 03:17,-49.81,38.52,V2104_005
27/04/2015 15:21,-50.83,40.27,V2104_005
28/04/2015 03:15,-49.35,42.8,V2104_005
28/04/2015 15:18,-49.99,43.6,V2104_005
29/04/2015 03:22,-51.01,41.54,V2104_005
29/04/2015 15:23,-51.53,42.15,V2104_005
30/04/2015 03:22,-51.05,42.74,V2104_005
30/04/2015 15:16,-49.69,40,V2104_005
01/05/2015 03:15,-49.45,40.19,V2104_005
01/05/2015 15:22,-51.22,42.97,V2104_005
02/05/2015 03:22,-51.36,42.49,V2104_005
02/05/2015 15:21,-51,41.6,V2104_005
03/05/2015 03:20,-50.64,41.97,V2104_005
03/05/2015 15:17,-49.9,40.45,V2104_005
04/05/2015 03:18,-50.29,39.53,V2104_005
04/05/2015 15:24,-51.8,41.83,V2104_005
05/05/2015 03:21,-51.06,42.78,V2104_005
05/05/2015 15:18,-50.32,41.35,V2104_005
06/05/2015 03:18,-50.21,41.32,V2104_005
06/05/2015 15:22,-51.22,42.64,V2104_005
07/05/2015 03:20,-50.73,43.16,V2104_005
07/05/2015 15:22,-51.36,43.84,V2104_005
08/05/2015 03:20,-50.87,44.31,V2104_005
08/05/2015 15:17,-50.12,43.04,V2104_005
09/05/2015 03:21,-51.01,41.52,V2104_005
09/05/2015 15:22,-51.51,42.06,V2104_005
10/05/2015 03:19,-50.64,43.1,V2104_005
10/05/2015 15:13,-49.27,40.89,V2104_005
11/05/2015 03:22,-51.28,37.49,V2104_005
11/05/2015 15:29,-53.15,40.3,V2104_005
12/05/2015 03:22,-51.28,42.81,V2104_005
12/05/2015 15:11,-48.79,38.94,V2104_005
13/05/2015 03:17,-50.04,36.72,V2104_005
13/05/2015 15:22,-51.41,38.76,V2104_005
14/05/2015 03:17,-50.16,40.46,V2104_005
14/05/2015 15:26,-52.41,43.36,V2104_005
15/05/2015 03:23,-51.66,44.13,V2104_005
15/05/2015 15:19,-50.54,42.51,V2104_005
16/05/2015 03:29,-53.29,38.44,V2104_005
16/05/2015 15:28,-53.03,37.88,V2104_005
17/05/2015 03:23,-51.66,39.76,V2104_005
17/05/2015 15:27,-52.78,41.16,V2104_005
18/05/2015 03:25,-52.27,41.66,V2104_005
18/05/2015 15:26,-52.39,41.66,V2104_005
19/05/2015 03:18,-50.39,44,V2104_005
19/05/2015 15:21,-51.13,44.71,V2104_005
20/05/2015 03:23,-51.63,43.98,V2104_005
20/05/2015 15:18,-50.37,42.32,V2104_005
21/05/2015 03:15,-49.61,43.09,V2104_005
21/05/2015 15:17,-50.1,43.53,V2104_005
22/05/2015 03:16,-49.84,43.68,V2104_005
22/05/2015 15:10,-48.34,41.74,V2104_005
23/05/2015 03:15,-49.58,40,V2104_005
23/05/2015 15:24,-51.82,42.68,V2104_005
24/05/2015 03:18,-50.18,44.4,V2104_005
24/05/2015 15:19,-50.42,44.54,V2104_005
25/05/2015 03:12,-48.91,45.98,V2104_005
25/05/2015 15:01,-46.14,42.89,V2104_005
26/05/2015 03:04,-46.76,42.04,V2104_005
26/05/2015 15:10,-48.24,43.63,V2104_005
27/05/2015 03:08,-47.73,44.06,V2104_005
27/05/2015 15:12,-48.72,44.99,V2104_005
28/05/2015 03:10,-48.2,45.39,V2104_005
28/05/2015 15:16,-49.56,46.61,V2104_005
29/05/2015 03:11,-48.29,47.65,V2104_005
29/05/2015 15:13,-48.9,48.1,V2104_005
30/05/2015 02:58,-45.14,50.98,V2104_005
30/05/2015 14:55,-44.37,50.32,V2104_005
31/05/2015 03:00,-45.73,49.15,V2104_005
31/05/2015 15:08,-47.71,50.6,V2104_005
01/06/2015 02:56,-44.44,52.74,V2104_005
01/06/2015 15:09,-47.67,54.58,V2104_005
02/06/2015 03:08,-47.4,54.64,V2104_005
04/09/2014 02:16,-34.33,54.02,V2104_006
04/09/2014 16:44,-71.13,77.34,V2104_006
05/09/2014 04:46,-71.79,77.46,V2104_006
05/09/2014 16:55,-74.09,78.06,V2104_006
06/09/2014 04:53,-73.75,78.34,V2104_006
06/09/2014 16:34,-69.05,77.8,V2104_006
07/09/2014 04:40,-70.46,77.79,V2104_006
07/09/2014 16:39,-70.26,78,V2104_006
08/09/2014 04:41,-70.8,78.15,V2104_006
08/09/2014 16:29,-67.72,77.78,V2104_006
09/09/2014 04:39,-70.38,77.45,V2104_006
09/09/2014 16:20,-65.8,76.46,V2104_006
10/09/2014 04:31,-68.6,75.87,V2104_006
10/09/2014 16:31,-68.64,76.2,V2104_006
11/09/2014 04:42,-71.31,75.56,V2104_006
11/09/2014 16:30,-68.48,74.65,V2104_006
12/09/2014 04:33,-69.15,74.74,V2104_006
12/09/2014 16:47,-72.69,76.63,V2104_006
13/09/2014 04:51,-73.61,76.66,V2104_006
13/09/2014 16:58,-75.66,77.74,V2104_006
14/09/2014 04:46,-72.58,78.99,V2104_006
14/09/2014 16:39,-70.74,78.8,V2104_006
15/09/2014 04:51,-73.79,78.22,V2104_006
15/09/2014 16:45,-72.46,78.11,V2104_006
16/09/2014 04:52,-74.25,77.84,V2104_006
16/09/2014 16:43,-72.17,77.35,V2104_006
17/09/2014 04:56,-75.34,76.21,V2104_006
17/09/2014 16:51,-74.14,75.97,V2104_006
18/09/2014 04:58,-76.06,75.25,V2104_006
18/09/2014 16:53,-74.85,74.88,V2104_006
19/09/2014 04:52,-74.4,75.86,V2104_006
19/09/2014 16:53,-74.82,76.72,V2104_006
20/09/2014 04:55,-75.36,76.98,V2104_006
20/09/2014 16:45,-72.9,75.68,V2104_006
21/09/2014 04:43,-72.45,76.78,V2104_006
21/09/2014 16:48,-73.74,78.33,V2104_006
22/09/2014 05:04,-77.79,-78.74,V2104_006
22/09/2014 16:40,-71.71,-67.98,V2104_006
23/09/2014 04:29,-69,73.28,V2104_006
23/09/2014 16:34,-70.54,76.38,V2104_006
24/09/2014 04:23,-67.59,-76.61,V2104_006
24/09/2014 15:52,-60,70.38,V2104_006
25/09/2014 03:51,-59.92,-59.87,V2104_006
25/09/2014 15:48,-59.21,-54.78,V2104_006
26/09/2014 03:45,-58.38,-57.63,V2104_006
26/09/2014 15:51,-60.05,-62.28,V2104_006
27/09/2014 03:53,-60.47,-59.93,V2104_006
27/09/2014 15:43,-58.01,-46.58,V2104_006
28/09/2014 03:46,-58.93,-38.2,V2104_006
28/09/2014 15:43,-57.97,-25.7,V2104_006
29/09/2014 03:41,-57.51,-30.48,V2104_006
29/09/2014 15:45,-58.68,-39.46,V2104_006
30/09/2014 03:46,-58.97,-36.28,V2104_006
30/09/2014 15:33,-55.76,10.73,V2104_006
01/10/2014 03:45,-58.8,80.08,V2104_006
01/10/2014 15:36,-56.59,83.65,V2104_006
02/10/2014 03:44,-58.51,83.79,V2104_006
02/10/2014 15:49,-60.05,78.23,V2104_006
03/10/2014 03:47,-59.46,72.89,V2104_006
03/10/2014 15:43,-58.37,74.71,V2104_006
04/10/2014 03:45,-58.91,74.09,V2104_006
04/10/2014 15:44,-58.83,72.47,V2104_006
05/10/2014 04:03,-63.62,79.66,V2104_006
05/10/2014 15:57,-62.15,80.05,V2104_006
06/10/2014 03:34,-56.44,68.76,V2104_006
06/10/2014 15:36,-56.85,65.79,V2104_006
07/10/2014 03:47,-59.76,72.34,V2104_006
07/10/2014 15:39,-57.67,74.82,V2104_006
08/10/2014 03:47,-59.83,76.47,V2104_006
08/10/2014 15:38,-57.62,77.76,V2104_006
09/10/2014 03:36,-57.28,76.7,V2104_006
09/10/2014 15:43,-58.81,74.4,V2104_006
10/10/2014 03:44,-59.22,74.03,V2104_006
10/10/2014 15:27,-55.13,77.07,V2104_006
11/10/2014 03:24,-54.29,75.78,V2104_006
11/10/2014 15:32,-56.19,73.35,V2104_006
12/10/2014 03:38,-57.73,74.17,V2104_006
12/10/2014 15:41,-58.63,72.65,V2104_006
13/10/2014 03:34,-56.79,69.72,V2104_006
13/10/2014 15:31,-56.19,69.86,V2104_006
14/10/2014 03:38,-57.85,71.14,V2104_006
14/10/2014 15:37,-57.75,70.65,V2104_006
15/10/2014 03:37,-57.78,70.04,V2104_006
15/10/2014 15:30,-55.93,71.42,V2104_006
16/10/2014 03:30,-56.09,70.99,V2104_006
16/10/2014 15:33,-56.86,69.67,V2104_006
17/10/2014 03:37,-57.89,70.15,V2104_006
17/10/2014 15:39,-58.41,69.11,V2104_006
18/10/2014 03:32,-56.69,66.53,V2104_006
18/10/2014 15:27,-55.46,67.5,V2104_006
19/10/2014 03:35,-57.49,69.09,V2104_006
19/10/2014 15:32,-56.76,69.31,V2104_006
20/10/2014 03:35,-57.53,69.52,V2104_006
20/10/2014 15:33,-57.05,69.5,V2104_006
21/10/2014 03:30,-56.32,68.39,V2104_006
21/10/2014 15:26,-55.47,68.73,V2104_006
22/10/2014 03:28,-55.99,68.74,V2104_006
22/10/2014 15:27,-55.63,68.63,V2104_006
23/10/2014 03:33,-57.03,69.33,V2104_006
23/10/2014 15:34,-57.54,68.53,V2104_006
24/10/2014 03:26,-55.56,66.38,V2104_006
24/10/2014 15:27,-55.7,65.84,V2104_006
25/10/2014 03:45,-60.34,69.27,V2104_006
25/10/2014 15:44,-59.86,69.26,V2104_006
26/10/2014 03:33,-57.12,66.81,V2104_006
26/10/2014 15:26,-55.63,67.65,V2104_006
27/10/2014 03:31,-56.77,68.13,V2104_006
27/10/2014 15:33,-57.28,67.42,V2104_006
28/10/2014 03:36,-58.04,67.62,V2104_006
28/10/2014 15:28,-56.18,68.58,V2104_006
29/10/2014 03:33,-57.31,68.96,V2104_006
29/10/2014 15:34,-57.44,68.58,V2104_006
30/10/2014 03:32,-56.95,67.96,V2104_006
30/10/2014 15:27,-55.96,68.28,V2104_006
31/10/2014 03:34,-57.46,68.87,V2104_006
31/10/2014 15:32,-56.97,68.86,V2104_006
01/11/2014 03:34,-57.47,68.86,V2104_006
01/11/2014 15:37,-58.23,68.16,V2104_006
02/11/2014 03:34,-57.6,67.52,V2104_006
02/11/2014 15:29,-56.23,68.05,V2104_006
03/11/2014 03:31,-56.73,68.06,V2104_006
03/11/2014 15:32,-57.11,67.59,V2104_006
04/11/2014 03:28,-56.11,66.74,V2104_006
04/11/2014 15:23,-54.85,67.21,V2104_006
05/11/2014 03:34,-57.48,68.35,V2104_006
05/11/2014 15:32,-56.97,68.35,V2104_006
06/11/2014 03:30,-56.47,67.87,V2104_006
06/11/2014 15:24,-55.09,68.3,V2104_006
07/11/2014 03:28,-56.21,68.59,V2104_006
07/11/2014 15:31,-56.95,68.02,V2104_006
08/11/2014 03:30,-56.69,67.68,V2104_006
08/11/2014 15:32,-57.18,67.22,V2104_006
09/11/2014 03:33,-57.42,67.12,V2104_006
09/11/2014 15:27,-55.91,67.62,V2104_006
10/11/2014 03:34,-57.53,68.12,V2104_006
10/11/2014 15:35,-57.77,67.81,V2104_006
11/11/2014 03:33,-57.13,67.34,V2104_006
11/11/2014 15:37,-58.36,66.55,V2104_006
12/11/2014 03:42,-59.47,66.88,V2104_006
12/11/2014 15:39,-58.71,67.02,V2104_006
13/11/2014 03:37,-58.07,66.54,V2104_006
13/11/2014 15:24,-55.05,67.65,V2104_006
14/11/2014 03:25,-55.16,67.52,V2104_006
14/11/2014 15:31,-56.51,66.76,V2104_006
15/11/2014 03:38,-58.24,67.3,V2104_006
15/11/2014 15:42,-59.22,66.72,V2104_006
16/11/2014 03:44,-59.7,66.75,V2104_006
16/11/2014 15:27,-55.68,68.1,V2104_006
17/11/2014 03:24,-54.78,67.63,V2104_006
17/11/2014 15:30,-56.25,66.9,V2104_006
18/11/2014 03:33,-56.85,66.98,V2104_006
18/11/2014 15:36,-57.7,66.48,V2104_006
19/11/2014 03:34,-57.17,66.12,V2104_006
19/11/2014 15:31,-56.27,66.32,V2104_006
20/11/2014 03:36,-57.49,66.64,V2104_006
20/11/2014 15:10,-51.09,68.57,V2104_006
21/11/2014 03:14,-52.06,68.71,V2104_006
21/11/2014 15:23,-54.28,67.94,V2104_006
22/11/2014 03:18,-52.87,67.37,V2104_006
22/11/2014 15:29,-55.84,66.2,V2104_006
23/11/2014 03:45,-59.8,67.42,V2104_006
23/11/2014 15:36,-57.39,67.99,V2104_006
24/11/2014 03:25,-54.61,67.05,V2104_006
24/11/2014 15:23,-54.07,67.08,V2104_006
25/11/2014 03:25,-54.53,67.11,V2104_006
25/11/2014 15:35,-56.87,66.22,V2104_006
26/11/2014 03:30,-55.71,65.71,V2104_006
26/11/2014 15:34,-56.79,65.17,V2104_006
27/11/2014 03:41,-58.25,65.6,V2104_006
27/11/2014 15:39,-57.71,65.67,V2104_006
28/11/2014 03:37,-57.29,65.42,V2104_006
28/11/2014 15:34,-56.38,65.62,V2104_006
29/11/2014 03:20,-52.84,64.21,V2104_006
29/11/2014 15:23,-53.67,63.73,V2104_006
30/11/2014 03:27,-54.62,64.04,V2104_006
30/11/2014 15:18,-52.2,64.85,V2104_006
01/12/2014 03:33,-56.03,66.05,V2104_006
01/12/2014 15:43,-58.48,65.14,V2104_006
02/12/2014 03:47,-59.44,65.38,V2104_006
02/12/2014 15:43,-58.26,65.65,V2104_006
03/12/2014 03:37,-56.84,65.12,V2104_006
03/12/2014 15:30,-55.17,65.56,V2104_006
04/12/2014 03:35,-56.37,65.86,V2104_006
04/12/2014 15:34,-55.82,65.93,V2104_006
05/12/2014 03:44,-58.26,66.54,V2104_006
05/12/2014 15:40,-57.34,66.69,V2104_006
06/12/2014 03:27,-54.04,65.74,V2104_006
06/12/2014 15:38,-56.73,64.81,V2104_006
07/12/2014 03:38,-56.55,64.7,V2104_006
07/12/2014 15:42,-57.5,64.29,V2104_006
08/12/2014 03:40,-56.95,64.05,V2104_006
08/12/2014 15:40,-56.89,63.99,V2104_006
09/12/2014 03:42,-57.34,64.1,V2104_006
09/12/2014 15:40,-56.78,64.22,V2104_006
10/12/2014 03:50,-59.47,65.05,V2104_006
10/12/2014 15:44,-57.79,65.47,V2104_006
11/12/2014 03:34,-55.36,64.71,V2104_006
11/12/2014 15:43,-57.43,63.96,V2104_006
12/12/2014 03:45,-57.87,64.08,V2104_006
12/12/2014 15:40,-56.56,64.45,V2104_006
13/12/2014 03:33,-54.63,63.78,V2104_006
13/12/2014 15:29,-53.82,64,V2104_006
14/12/2014 03:44,-57.38,65.1,V2104_006
14/12/2014 15:40,-56.32,65.35,V2104_006
15/12/2014 03:38,-55.77,65.18,V2104_006
15/12/2014 15:50,-58.83,64.19,V2104_006
16/12/2014 03:48,-58.14,63.96,V2104_006
16/12/2014 15:47,-57.96,63.97,V2104_006
17/12/2014 03:44,-56.9,63.61,V2104_006
17/12/2014 15:35,-54.71,64.3,V2104_006
18/12/2014 03:34,-54.28,64.16,V2104_006
18/12/2014 15:36,-54.71,63.98,V2104_006
19/12/2014 03:36,-54.65,63.96,V2104_006
19/12/2014 15:38,-55.22,63.74,V2104_006
20/12/2014 03:31,-53.53,63.16,V2104_006
20/12/2014 15:31,-53.34,63.2,V2104_006
21/12/2014 03:29,-52.78,63.01,V2104_006
21/12/2014 15:34,-53.97,62.53,V2104_006
22/12/2014 03:40,-55.41,63.1,V2104_006
22/12/2014 15:35,-54.22,63.5,V2104_006
23/12/2014 03:43,-56.03,64.14,V2104_006
23/12/2014 15:39,-54.84,64.5,V2104_006
24/12/2014 03:39,-54.91,64.54,V2104_006
24/12/2014 15:45,-56.22,64.12,V2104_006
25/12/2014 03:48,-57.03,64.41,V2104_006
25/12/2014 15:55,-58.72,63.87,V2104_006
26/12/2014 04:01,-60.03,64.33,V2104_006
26/12/2014 15:48,-56.85,65.28,V2104_006
27/12/2014 03:45,-55.91,65.05,V2104_006
27/12/2014 15:59,-59.47,63.95,V2104_006
28/12/2014 03:47,-56.54,62.96,V2104_006
28/12/2014 15:47,-56.48,62.99,V2104_006
29/12/2014 03:56,-58.66,63.83,V2104_006
29/12/2014 16:06,-60.98,63.01,V2104_006
30/12/2014 04:00,-59.29,62.41,V2104_006
30/12/2014 15:52,-57.36,63.18,V2104_006
31/12/2014 03:58,-58.8,63.77,V2104_006
31/12/2014 15:57,-58.61,63.86,V2104_006
01/01/2015 03:51,-57.05,63.37,V2104_006
01/01/2015 15:56,-58.12,62.99,V2104_006
02/01/2015 03:51,-56.94,62.59,V2104_006
02/01/2015 15:49,-56.25,62.9,V2104_006
03/01/2015 03:52,-56.94,63.25,V2104_006
03/01/2015 15:55,-57.51,63.07,V2104_006
04/01/2015 03:48,-55.96,62.52,V2104_006
04/01/2015 15:52,-56.65,62.27,V2104_006
05/01/2015 03:51,-56.47,62.28,V2104_006
05/01/2015 15:38,-53.04,63.72,V2104_006
06/01/2015 03:28,-50.73,62.9,V2104_006
06/01/2015 15:43,-54.18,61.42,V2104_006
07/01/2015 04:02,-58.99,63.61,V2104_006
07/01/2015 15:55,-57.19,64.34,V2104_006
08/01/2015 03:41,-53.64,63.07,V2104_006
08/01/2015 15:43,-53.96,63,V2104_006
09/01/2015 03:42,-53.66,62.98,V2104_006
09/01/2015 15:54,-56.61,61.7,V2104_006
10/01/2015 03:48,-55.3,61.17,V2104_006
10/01/2015 15:46,-54.63,61.59,V2104_006
11/01/2015 03:46,-54.7,61.75,V2104_006
11/01/2015 15:50,-55.65,61.35,V2104_006
12/01/2015 03:50,-55.6,61.46,V2104_006
12/01/2015 15:50,-55.56,61.57,V2104_006
13/01/2015 03:46,-54.38,61.09,V2104_006
13/01/2015 15:52,-55.84,60.37,V2104_006
14/01/2015 03:54,-56.29,60.78,V2104_006
14/01/2015 15:53,-55.87,61.11,V2104_006
15/01/2015 03:44,-53.7,60,V2104_006
15/01/2015 15:40,-52.66,60.72,V2104_006
16/01/2015 03:51,-55.49,62.42,V2104_006
16/01/2015 15:56,-56.44,62.03,V2104_006
17/01/2015 03:59,-57.28,62.62,V2104_006
17/01/2015 16:03,-58.11,62.31,V2104_006
18/01/2015 03:48,-54.57,60.45,V2104_006
18/01/2015 15:47,-54.28,60.75,V2104_006
19/01/2015 03:48,-54.49,61.05,V2104_006
19/01/2015 15:42,-52.83,62.14,V2104_006
20/01/2015 03:42,-52.79,62.29,V2104_006
20/01/2015 15:39,-52,62.85,V2104_006
21/01/2015 03:35,-50.97,62.47,V2104_006
21/01/2015 15:47,-54.06,60.76,V2104_006
22/01/2015 03:49,-54.4,61.17,V2104_006
22/01/2015 15:48,-54.11,61.5,V2104_006
23/01/2015 03:42,-52.58,60.71,V2104_006
23/01/2015 15:42,-52.42,60.97,V2104_006
24/01/2015 03:47,-53.89,62.1,V2104_006
24/01/2015 15:49,-54.36,61.98,V2104_006
25/01/2015 03:54,-55.33,62.77,V2104_006
25/01/2015 15:50,-54.43,63.46,V2104_006
26/01/2015 03:46,-53.4,63.07,V2104_006
26/01/2015 15:58,-56.5,61.27,V2104_006
27/01/2015 03:58,-56.34,61.39,V2104_006
27/01/2015 15:54,-55.32,62.27,V2104_006
28/01/2015 03:45,-53.17,61.01,V2104_006
28/01/2015 15:47,-53.65,60.86,V2104_006
29/01/2015 03:47,-53.5,60.98,V2104_006
29/01/2015 15:49,-54.1,60.73,V2104_006
30/01/2015 03:58,-56.2,62.5,V2104_006
30/01/2015 15:49,-53.93,64.16,V2104_006
31/01/2015 03:41,-51.79,63.03,V2104_006
31/01/2015 15:50,-54.14,61.57,V2104_006
01/02/2015 03:55,-55.25,62.64,V2104_006
01/02/2015 15:56,-55.73,62.52,V2104_006
02/02/2015 03:56,-55.47,62.58,V2104_006
02/02/2015 15:46,-53.08,64.45,V2104_006
03/02/2015 03:44,-52.44,64.28,V2104_006
03/02/2015 15:57,-55.92,62.01,V2104_006
04/02/2015 03:53,-54.66,61.24,V2104_006
04/02/2015 15:53,-54.77,61.41,V2104_006
05/02/2015 03:56,-55.39,62.21,V2104_006
05/02/2015 15:57,-55.75,62.18,V2104_006
06/02/2015 03:55,-55.24,62.04,V2104_006
06/02/2015 15:56,-55.49,62.12,V2104_006
07/02/2015 03:56,-55.35,62.31,V2104_006
07/02/2015 15:58,-55.85,62.17,V2104_006
08/02/2015 03:50,-53.96,60.71,V2104_006
08/02/2015 15:52,-54.58,60.4,V2104_006
09/02/2015 03:56,-55.58,61.73,V2104_006
09/02/2015 15:57,-55.83,61.81,V2104_006
10/02/2015 03:46,-53.07,59.22,V2104_006
10/02/2015 15:43,-52.2,60.56,V2104_006
11/02/2015 03:43,-52.07,60.77,V2104_006
11/02/2015 15:42,-51.82,61.4,V2104_006
12/02/2015 03:37,-50.57,60.37,V2104_006
12/02/2015 15:35,-50.2,61.17,V2104_006
13/02/2015 03:42,-51.82,63.26,V2104_006
13/02/2015 15:45,-52.7,62.75,V2104_006
14/02/2015 03:34,-49.95,59.95,V2104_006
14/02/2015 15:28,-48.58,62.02,V2104_006
15/02/2015 03:31,-49.09,62.97,V2104_006
15/02/2015 15:31,-49.22,63.24,V2104_006
16/02/2015 03:28,-48.6,62.96,V2104_006
16/02/2015 15:26,-48.11,63.93,V2104_006
17/02/2015 03:26,-48.12,64.35,V2104_006
17/02/2015 15:30,-49.12,63.68,V2104_006
18/02/2015 03:24,-47.51,62.14,V2104_006
18/02/2015 15:29,-48.77,60.91,V2104_006
19/02/2015 03:22,-46.9,58.47,V2104_006
19/02/2015 15:18,-46.04,60.41,V2104_006
20/02/2015 03:19,-46.18,61.12,V2104_006
20/02/2015 15:15,-45.32,62.91,V2104_006
21/02/2015 03:23,-47.46,66.07,V2104_006
21/02/2015 15:30,-49.09,64.62,V2104_006
22/02/2015 03:27,-48.36,64.16,V2104_006
22/02/2015 15:31,-49.38,63.29,V2104_006
23/02/2015 03:26,-48.27,62.1,V2104_006
23/02/2015 15:24,-47.78,63.5,V2104_006
24/02/2015 03:18,-46.18,61.37,V2104_006
24/02/2015 15:20,-46.69,61.09,V2104_006
25/02/2015 03:24,-47.71,63.56,V2104_006
25/02/2015 15:28,-48.86,62.22,V2104_006
26/02/2015 03:24,-47.75,60.66,V2104_006
26/02/2015 15:16,-45.77,65.15,V2104_006
27/02/2015 03:23,-47.67,68.57,V2104_006
27/02/2015 15:32,-49.69,66.37,V2104_006
28/02/2015 03:24,-47.96,63.97,V2104_006
28/02/2015 15:28,-48.86,62.95,V2104_006
01/03/2015 03:24,-48.01,61.76,V2104_006
01/03/2015 15:29,-49.16,59.67,V2104_006
02/03/2015 03:32,-49.81,62.36,V2104_006
02/03/2015 15:31,-49.71,63.64,V2104_006
03/03/2015 03:25,-48.36,60.84,V2104_006
03/03/2015 15:24,-48.01,63.03,V2104_006
04/03/2015 03:30,-49.54,67.79,V2104_006
04/03/2015 15:35,-50.69,66.26,V2104_006
05/03/2015 03:32,-50.09,65.76,V2104_006
05/03/2015 15:27,-48.99,69.66,V2104_006
06/03/2015 03:21,-47.4,66.84,V2104_006
06/03/2015 15:26,-48.8,63.71,V2104_006
07/03/2015 03:24,-48.21,62.74,V2104_006
07/03/2015 15:21,-47.36,67.69,V2104_006
08/03/2015 03:22,-47.89,70.81,V2104_006
08/03/2015 15:27,-49.05,68.96,V2104_006
09/03/2015 03:25,-48.58,68.99,V2104_006
09/03/2015 15:03,-43.23,81.08,V2104_006
10/03/2015 02:58,-41.76,80.81,V2104_006
10/03/2015 15:19,-47.17,69.16,V2104_006
11/03/2015 03:17,-46.58,68.39,V2104_006
11/03/2015 15:17,-46.61,72.16,V2104_006
12/03/2015 03:20,-47.39,79.77,V2104_006
12/03/2015 15:13,-45.68,86.17,V2104_006
13/03/2015 03:07,-44.33,88.22,V2104_006
13/03/2015 15:17,-46.74,90,V2104_006
14/03/2015 03:19,-47.4,90,V2104_006
14/03/2015 15:22,-48.06,90,V2104_006
15/03/2015 03:15,-46.47,90,V2104_006
15/03/2015 15:15,-46.38,90,V2104_006
16/03/2015 03:11,-45.54,90,V2104_006
16/03/2015 15:10,-45.33,90,V2104_006
17/03/2015 03:10,-45.36,90,V2104_006
17/03/2015 15:12,-45.9,90,V2104_006
18/03/2015 03:18,-47.31,90,V2104_006
18/03/2015 15:18,-47.35,90,V2104_006
19/03/2015 03:10,-45.51,90,V2104_006
19/03/2015 15:08,-45.04,90,V2104_006
20/03/2015 03:07,-44.71,90,V2104_006
20/03/2015 15:11,-45.87,38.77,V2104_006
21/03/2015 03:11,-45.9,-38,V2104_006
21/03/2015 15:15,-46.94,47.58,V2104_006
22/03/2015 03:04,-44.35,-69.63,V2104_006
22/03/2015 15:01,-43.64,-68.91,V2104_006
23/03/2015 03:09,-45.55,-61.86,V2104_006
23/03/2015 15:10,-45.84,42.03,V2104_006
24/03/2015 03:06,-44.88,48.8,V2104_006
24/03/2015 15:09,-45.67,52,V2104_006
25/03/2015 03:01,-43.7,59.52,V2104_006
25/03/2015 14:59,-43.12,55.98,V2104_006
26/03/2015 02:59,-43.28,54.25,V2104_006
26/03/2015 14:59,-43.32,53.07,V2104_006
27/03/2015 02:55,-42.35,55.95,V2104_006
27/03/2015 14:57,-42.77,56.22,V2104_006
28/03/2015 03:04,-44.68,47.22,V2104_006
28/03/2015 15:09,-45.97,51.86,V2104_006
29/03/2015 03:06,-45.26,53.69,V2104_006
29/03/2015 15:04,-44.92,51.37,V2104_006
30/03/2015 02:56,-42.71,57.61,V2104_006
30/03/2015 14:49,-40.99,51.4,V2104_006
31/03/2015 02:55,-42.66,43.67,V2104_006
31/03/2015 15:02,-44.57,50.53,V2104_006
01/04/2015 02:55,-42.73,55.43,V2104_006
01/04/2015 14:53,-42.27,53.29,V2104_006
02/04/2015 02:52,-42.05,53.24,V2104_006
02/04/2015 14:53,-42.34,53.2,V2104_006
03/04/2015 02:54,-42.63,51.78,V2104_006
03/04/2015 14:54,-42.67,51.06,V2104_006
04/04/2015 02:45,-40.33,56.28,V2104_006
04/04/2015 14:53,-42.49,59.69,V2104_006
05/04/2015 02:58,-43.77,56.82,V2104_006
05/04/2015 14:52,-42.31,52.98,V2104_006
06/04/2015 02:51,-42.1,52.95,V2104_006
06/04/2015 14:55,-43.13,54.54,V2104_006
07/04/2015 02:56,-43.29,53.7,V2104_006
07/04/2015 14:55,-43.2,52.86,V2104_006
08/04/2015 02:50,-41.86,55.1,V2104_006
08/04/2015 14:52,-42.52,55.71,V2104_006
09/04/2015 02:42,-40.18,59.02,V2104_006
09/04/2015 14:47,-41.22,59.92,V2104_006
10/04/2015 02:57,-43.75,55.71,V2104_006
10/04/2015 14:50,-42.16,52.24,V2104_006
11/04/2015 02:48,-41.57,52.95,V2104_006
11/04/2015 14:49,-41.97,53.16,V2104_006
12/04/2015 02:42,-40.26,55.65,V2104_006
12/04/2015 14:43,-40.54,55.59,V2104_006
13/04/2015 02:35,-38.45,58.16,V2104_006
13/04/2015 14:30,-37.35,56.21,V2104_006
14/04/2015 02:34,-38.26,54.47,V2104_006
14/04/2015 14:36,-38.79,54.81,V2104_006
15/04/2015 02:29,-37.07,56.85,V2104_006
15/04/2015 14:30,-37.48,56.94,V2104_006
16/04/2015 02:35,-38.63,55.03,V2104_006
16/04/2015 14:32,-38.04,53.73,V2104_006
17/04/2015 02:27,-36.82,55.12,V2104_006
17/04/2015 14:26,-36.47,54.22,V2104_006
18/04/2015 02:27,-37,53.12,V2104_006
18/04/2015 14:37,-39.28,55.78,V2104_006
19/04/2015 02:31,-37.93,57.06,V2104_006
19/04/2015 14:30,-37.71,56.43,V2104_006
20/04/2015 02:31,-37.86,55.94,V2104_006
20/04/2015 14:29,-37.51,55.15,V2104_006
21/04/2015 02:33,-38.41,53.71,V2104_006
21/04/2015 14:28,-37.31,51.84,V2104_006
22/04/2015 02:27,-37.09,51.85,V2104_006
22/04/2015 14:37,-39.49,54.57,V2104_006
23/04/2015 02:25,-36.64,57.37,V2104_006
23/04/2015 14:27,-37.16,57.55,V2104_006
24/04/2015 02:34,-38.93,55.46,V2104_006
24/04/2015 14:38,-39.96,56.21,V2104_006
25/04/2015 02:36,-39.35,56.54,V2104_006
25/04/2015 14:30,-38.12,54.97,V2104_006
26/04/2015 02:28,-37.65,55.2,V2104_006
26/04/2015 14:36,-39.42,56.65,V2104_006
27/04/2015 02:33,-38.69,57.06,V2104_006
27/04/2015 14:25,-36.96,55.12,V2104_006
28/04/2015 02:26,-37.1,54.72,V2104_006
28/04/2015 14:39,-40.49,57.57,V2104_006
29/04/2015 02:34,-39.01,58.52,V2104_006
29/04/2015 14:27,-37.4,56.95,V2104_006
30/04/2015 02:38,-40.05,54.28,V2104_006
30/04/2015 14:43,-41.56,55.45,V2104_006
01/05/2015 02:29,-37.83,58.31,V2104_006
01/05/2015 14:32,-38.59,58.62,V2104_006
02/05/2015 02:26,-37.36,59.27,V2104_006
02/05/2015 14:30,-38.25,59.62,V2104_006
03/05/2015 02:30,-38.14,59.48,V2104_006
03/05/2015 14:21,-36.15,57.9,V2104_006
04/05/2015 02:20,-35.91,57.86,V2104_006
04/05/2015 14:26,-37.17,58.51,V2104_006
05/05/2015 02:28,-37.81,57.87,V2104_006
05/05/2015 14:31,-38.45,58.08,V2104_006
06/05/2015 02:25,-37.08,58.78,V2104_006
06/05/2015 14:20,-35.84,57.76,V2104_006
07/05/2015 02:15,-34.72,58.3,V2104_006
07/05/2015 14:14,-34.36,57.86,V2104_006
08/05/2015 02:18,-35.49,56.9,V2104_006
08/05/2015 14:32,-38.75,58.8,V2104_006
09/05/2015 02:40,-40.88,57.27,V2104_006
09/05/2015 14:34,-39.26,55.95,V2104_006
10/05/2015 02:22,-36.39,57.71,V2104_006
10/05/2015 14:22,-36.52,57.6,V2104_006
11/05/2015 02:16,-35.03,58.34,V2104_006
11/05/2015 14:23,-36.78,59.15,V2104_006
12/05/2015 02:21,-36.16,59.31,V2104_006
12/05/2015 14:15,-34.53,58.25,V2104_006
13/05/2015 02:18,-35.41,57.57,V2104_006
13/05/2015 14:29,-38.04,58.88,V2104_006
14/05/2015 02:25,-37.04,59.24,V2104_006
14/05/2015 14:09,-33.04,56.85,V2104_006
15/05/2015 02:09,-33.04,56.68,V2104_006
15/05/2015 14:24,-36.79,58.64,V2104_006
16/05/2015 02:32,-38.91,57.33,V2104_006
16/05/2015 14:28,-38.03,56.66,V2104_006
17/05/2015 02:16,-34.91,58.26,V2104_006
17/05/2015 14:29,-38.28,59.74,V2104_006
18/05/2015 02:32,-38.77,59.37,V2104_006
18/05/2015 14:19,-35.77,57.76,V2104_006
19/05/2015 02:06,-32.39,59.27,V2104_006
19/05/2015 14:28,-38.01,61.4,V2104_006
20/05/2015 02:20,-35.88,61.99,V2104_006
20/05/2015 14:23,-36.62,62.11,V2104_006
21/05/2015 02:11,-33.49,62.91,V2104_006
21/05/2015 14:10,-33.23,62.72,V2104_006
22/05/2015 02:29,-37.97,61.14,V2104_006
22/05/2015 14:14,-34.21,59.62,V2104_006
23/05/2015 02:01,-31.08,60.69,V2104_006
23/05/2015 14:12,-33.69,61.46,V2104_006
24/05/2015 02:03,-31.43,62.03,V2104_006
24/05/2015 13:51,-28.55,61.05,V2104_006
25/05/2015 02:02,-31.28,59.98,V2104_006
25/05/2015 14:36,-39.65,62.46,V2104_006
26/05/2015 02:24,-36.76,63.06,V2104_006
26/05/2015 14:38,-40.24,63.68,V2104_006
27/05/2015 02:31,-38.48,63.91,V2104_006
27/05/2015 14:35,-39.34,63.96,V2104_006
28/05/2015 02:46,-42.2,63.36,V2104_006
28/05/2015 14:37,-39.94,62.82,V2104_006
29/05/2015 02:27,-37.42,63.24,V2104_006
29/05/2015 14:32,-38.65,63.39,V2104_006
30/05/2015 02:42,-41.14,62.83,V2104_006
30/05/2015 14:18,-35.12,61.33,V2104_006
31/05/2015 02:50,-43.23,58.58,V2104_006
31/05/2015 14:56,-44.58,59.01,V2104_006
01/06/2015 03:01,-45.82,58.46,V2104_006
01/06/2015 15:34,-53.92,61.04,V2104_006
04/09/2014 05:03,-75.84,76.14,V2104_007
04/09/2014 16:52,-73.38,75.81,V2104_007
05/09/2014 04:43,-71.04,76.6,V2104_007
05/09/2014 15:52,-58.46,73.05,V2104_007
06/09/2014 04:16,-64.25,70.52,V2104_007
06/09/2014 16:19,-65.04,71.32,V2104_007
07/09/2014 04:18,-64.96,71.74,V2104_007
07/09/2014 16:13,-63.88,71.48,V2104_007
08/09/2014 04:10,-63.05,72.33,V2104_007
08/09/2014 15:34,-54.21,66.03,V2104_007
09/09/2014 03:44,-56.51,63.89,V2104_007
09/09/2014 15:49,-57.93,66.08,V2104_007
10/09/2014 03:51,-58.47,66.03,V2104_007
10/09/2014 15:45,-56.89,64.55,V2104_007
11/09/2014 03:40,-55.68,66.66,V2104_007
11/09/2014 15:38,-55.35,66.77,V2104_007
12/09/2014 03:43,-56.64,65.79,V2104_007
12/09/2014 15:40,-55.94,65.37,V2104_007
13/09/2014 03:40,-55.98,65.99,V2104_007
13/09/2014 15:34,-54.65,64.59,V2104_007
14/09/2014 03:35,-54.95,64.86,V2104_007
14/09/2014 15:34,-54.74,65.15,V2104_007
15/09/2014 03:41,-56.41,62.96,V2104_007
15/09/2014 15:38,-55.7,62.18,V2104_007
16/09/2014 03:46,-57.75,57.91,V2104_007
16/09/2014 15:43,-57.04,56.47,V2104_007
17/09/2014 03:34,-54.71,63.91,V2104_007
17/09/2014 15:27,-53.26,61.16,V2104_007
18/09/2014 03:30,-53.93,60.38,V2104_007
18/09/2014 15:27,-53.35,59.46,V2104_007
19/09/2014 03:34,-55.02,54.06,V2104_007
19/09/2014 15:42,-56.94,62.54,V2104_007
20/09/2014 03:47,-58.36,58.99,V2104_007
20/09/2014 15:50,-59.28,63.39,V2104_007
21/09/2014 03:43,-57.44,69.2,V2104_007
21/09/2014 15:36,-55.74,66.21,V2104_007
22/09/2014 03:41,-57.03,-69.22,V2104_007
22/09/2014 15:42,-57.2,65.46,V2104_007
23/09/2014 03:34,-55.37,-71.41,V2104_007
23/09/2014 15:30,-54.29,-67.5,V2104_007
24/09/2014 03:40,-56.96,62.67,V2104_007
24/09/2014 15:36,-55.88,-42.51,V2104_007
25/09/2014 03:37,-56.17,57.88,V2104_007
25/09/2014 15:37,-56.34,61.79,V2104_007
26/09/2014 03:42,-57.51,52.4,V2104_007
26/09/2014 15:41,-57.3,52.46,V2104_007
27/09/2014 03:47,-59.09,90,V2104_007
27/09/2014 15:53,-60.51,56.4,V2104_007
28/09/2014 03:46,-58.93,-27,V2104_007
28/09/2014 15:28,-54.34,90,V2104_007
29/09/2014 03:32,-55.51,90,V2104_007
29/09/2014 15:44,-58.3,90,V2104_007
30/09/2014 03:40,-57.47,18.43,V2104_007
30/09/2014 15:36,-56.51,86.89,V2104_007
01/10/2014 03:43,-58.3,80.11,V2104_007
01/10/2014 15:44,-58.47,70.1,V2104_007
02/10/2014 03:48,-59.76,75.44,V2104_007
02/10/2014 15:40,-57.67,79.92,V2104_007
03/10/2014 03:45,-59.09,80.4,V2104_007
03/10/2014 15:46,-59.25,78.26,V2104_007
04/10/2014 03:39,-57.41,70.45,V2104_007
04/10/2014 15:39,-57.45,68.14,V2104_007
05/10/2014 03:34,-56.24,58.39,V2104_007
05/10/2014 15:24,-53.9,68.78,V2104_007
06/10/2014 03:34,-56.44,73.92,V2104_007
06/10/2014 15:38,-57.48,70.19,V2104_007
07/10/2014 03:37,-57.26,68.05,V2104_007
07/10/2014 15:37,-57.3,66.64,V2104_007
08/10/2014 03:51,-60.83,73.22,V2104_007
08/10/2014 15:48,-60.24,73.2,V2104_007
09/10/2014 03:47,-60.03,71.85,V2104_007
09/10/2014 15:41,-58.44,73.32,V2104_007
10/10/2014 03:46,-59.72,74.03,V2104_007
10/10/2014 15:48,-60.38,72.48,V2104_007
11/10/2014 03:40,-58.16,68.14,V2104_007
11/10/2014 15:29,-55.69,71.27,V2104_007
12/10/2014 03:24,-54.48,68.64,V2104_007
12/10/2014 15:34,-56.76,63.35,V2104_007
13/10/2014 03:39,-58.16,65.43,V2104_007
13/10/2014 15:35,-57.32,66.26,V2104_007
14/10/2014 03:44,-59.47,68.83,V2104_007
14/10/2014 15:43,-59.13,68.67,V2104_007
15/10/2014 03:38,-57.91,66.17,V2104_007
15/10/2014 15:34,-56.93,67.01,V2104_007
16/10/2014 03:43,-59.21,69.27,V2104_007
16/10/2014 15:41,-58.74,69.26,V2104_007
17/10/2014 03:40,-58.64,68.56,V2104_007
17/10/2014 15:40,-58.54,68.14,V2104_007
18/10/2014 03:37,-57.81,66.68,V2104_007
18/10/2014 15:39,-58.46,65.29,V2104_007
19/10/2014 03:39,-58.49,64.73,V2104_007
19/10/2014 15:35,-57.38,65.67,V2104_007
20/10/2014 03:40,-58.78,66.79,V2104_007
20/10/2014 15:42,-59.18,65.85,V2104_007
21/10/2014 03:44,-59.82,66.08,V2104_007
21/10/2014 15:40,-58.84,66.69,V2104_007
22/10/2014 03:42,-59.36,66.75,V2104_007
22/10/2014 15:35,-57.76,67.87,V2104_007
23/10/2014 03:35,-57.78,67.44,V2104_007
23/10/2014 15:39,-58.67,66.18,V2104_007
24/10/2014 03:43,-59.56,66.6,V2104_007
24/10/2014 15:47,-60.7,65.07,V2104_007
25/10/2014 03:43,-59.72,63.56,V2104_007
25/10/2014 15:30,-56.61,66.32,V2104_007
26/10/2014 03:35,-57.87,67.02,V2104_007
26/10/2014 15:37,-58.26,66.33,V2104_007
27/10/2014 03:33,-57.39,65.17,V2104_007
27/10/2014 15:37,-58.41,63.82,V2104_007
28/10/2014 03:44,-59.92,64.88,V2104_007
28/10/2014 15:36,-58.05,66.14,V2104_007
29/10/2014 03:37,-58.19,65.9,V2104_007
29/10/2014 15:38,-58.44,65.35,V2104_007
30/10/2014 03:42,-59.58,65.92,V2104_007
30/10/2014 15:42,-59.46,65.69,V2104_007
31/10/2014 03:42,-59.59,65.47,V2104_007
31/10/2014 15:43,-59.72,65.05,V2104_007
01/11/2014 03:34,-57.6,62.92,V2104_007
01/11/2014 15:28,-56.1,63.92,V2104_007
02/11/2014 03:42,-59.6,66.25,V2104_007
02/11/2014 15:44,-60.11,65.61,V2104_007
03/11/2014 03:37,-58.48,64.11,V2104_007
03/11/2014 15:39,-58.86,63.52,V2104_007
04/11/2014 03:47,-60.98,64.84,V2104_007
04/11/2014 15:45,-60.23,65.1,V2104_007
05/11/2014 03:36,-58.23,63.35,V2104_007
05/11/2014 15:35,-57.97,63.27,V2104_007
06/11/2014 03:42,-59.47,64.11,V2104_007
06/11/2014 15:41,-59.21,64.03,V2104_007
07/11/2014 03:41,-59.33,63.86,V2104_007
07/11/2014 15:38,-58.58,64.13,V2104_007
08/11/2014 03:46,-60.57,65.17,V2104_007
08/11/2014 15:51,-61.81,64.13,V2104_007
09/11/2014 03:55,-62.8,64.54,V2104_007
09/11/2014 15:46,-60.66,65.58,V2104_007
10/11/2014 03:37,-58.28,63.92,V2104_007
10/11/2014 15:41,-59.14,63.1,V2104_007
11/11/2014 03:51,-61.88,64.62,V2104_007
11/11/2014 15:51,-61.86,64.4,V2104_007
12/11/2014 03:48,-60.97,63.65,V2104_007
12/11/2014 15:40,-58.96,64.63,V2104_007
13/11/2014 03:39,-58.69,64.28,V2104_007
13/11/2014 15:45,-60.05,63.25,V2104_007
14/11/2014 03:46,-60.53,63.35,V2104_007
14/11/2014 15:44,-59.76,63.6,V2104_007
15/11/2014 03:48,-60.99,64.12,V2104_007
15/11/2014 15:45,-59.97,64.47,V2104_007
16/11/2014 03:36,-57.82,63.09,V2104_007
16/11/2014 15:29,-56.18,63.83,V2104_007
17/11/2014 03:33,-57.03,64.12,V2104_007
17/11/2014 15:30,-56.25,64.33,V2104_007
18/11/2014 03:26,-55.35,63.7,V2104_007
18/11/2014 15:35,-57.58,62.24,V2104_007
19/11/2014 03:49,-61.05,64.01,V2104_007
19/11/2014 15:50,-61.15,63.78,V2104_007
20/11/2014 03:38,-58.12,61.95,V2104_007
20/11/2014 15:34,-57.21,62.29,V2104_007
21/11/2014 03:45,-59.68,63.49,V2104_007
21/11/2014 15:43,-59.28,63.52,V2104_007
22/11/2014 03:43,-59.24,63.37,V2104_007
22/11/2014 15:47,-60.21,62.7,V2104_007
23/11/2014 03:45,-59.55,62.21,V2104_007
23/11/2014 15:42,-58.89,62.4,V2104_007
24/11/2014 03:43,-59.11,62.39,V2104_007
24/11/2014 15:33,-56.57,63.51,V2104_007
25/11/2014 03:32,-56.16,63.19,V2104_007
25/11/2014 15:36,-57.12,62.56,V2104_007
26/11/2014 03:42,-58.58,63.16,V2104_007
26/11/2014 15:45,-59.54,62.55,V2104_007
27/11/2014 03:41,-58.25,61.77,V2104_007
27/11/2014 15:43,-58.71,61.38,V2104_007
28/11/2014 03:50,-60.54,62.23,V2104_007
28/11/2014 15:44,-58.88,62.9,V2104_007
29/11/2014 03:45,-59.08,62.9,V2104_007
29/11/2014 15:28,-55.04,64.49,V2104_007
30/11/2014 03:26,-54.5,64.19,V2104_007
30/11/2014 15:46,-59.45,61.85,V2104_007
01/12/2014 03:53,-61.03,62.53,V2104_007
01/12/2014 15:53,-61.11,62.36,V2104_007
02/12/2014 03:54,-61.31,62.38,V2104_007
02/12/2014 15:45,-59.01,63.28,V2104_007
03/12/2014 03:49,-59.96,63.6,V2104_007
03/12/2014 15:52,-60.54,63.25,V2104_007
04/12/2014 03:57,-61.74,63.67,V2104_007
04/12/2014 15:53,-60.56,64.02,V2104_007
05/12/2014 03:46,-59.01,63.35,V2104_007
05/12/2014 15:45,-58.71,63.37,V2104_007
06/12/2014 03:40,-57.16,62.68,V2104_007
06/12/2014 15:44,-58.23,62.11,V2104_007
07/12/2014 03:53,-60.43,63,V2104_007
07/12/2014 15:51,-59.87,63.13,V2104_007
08/12/2014 03:38,-56.57,61.66,V2104_007
08/12/2014 15:18,-51.52,63.67,V2104_007
09/12/2014 03:20,-51.84,63.75,V2104_007
09/12/2014 15:46,-58.4,60.87,V2104_007
10/12/2014 03:51,-59.72,61.46,V2104_007
10/12/2014 15:49,-59.17,61.63,V2104_007
11/12/2014 03:43,-57.36,60.76,V2104_007
11/12/2014 15:46,-58.3,60.2,V2104_007
12/12/2014 03:59,-61.37,61.64,V2104_007
12/12/2014 15:47,-58.31,62.85,V2104_007
13/12/2014 03:43,-57.13,62.36,V2104_007
13/12/2014 15:48,-58.57,61.68,V2104_007
14/12/2014 03:58,-60.88,62.63,V2104_007
14/12/2014 15:54,-59.82,62.98,V2104_007
15/12/2014 03:44,-57.26,61.94,V2104_007
15/12/2014 15:51,-59.08,61.08,V2104_007
16/12/2014 03:42,-56.52,59.83,V2104_007
16/12/2014 15:40,-55.96,60.06,V2104_007
17/12/2014 03:44,-57.02,60.58,V2104_007
17/12/2014 15:42,-56.34,60.86,V2104_007
18/12/2014 03:45,-57.03,61.18,V2104_007
18/12/2014 15:41,-56.09,61.55,V2104_007
19/12/2014 03:29,-53.03,60.14,V2104_007
19/12/2014 15:37,-54.84,59.15,V2104_007
20/12/2014 03:41,-55.9,59.74,V2104_007
20/12/2014 15:38,-55.09,60.11,V2104_007
21/12/2014 03:43,-56.28,60.71,V2104_007
21/12/2014 15:49,-57.72,59.97,V2104_007
22/12/2014 03:47,-57.16,59.72,V2104_007
22/12/2014 15:37,-54.59,60.94,V2104_007
23/12/2014 03:35,-53.91,60.65,V2104_007
23/12/2014 15:36,-54.09,60.54,V2104_007
24/12/2014 03:34,-53.66,60.37,V2104_007
24/12/2014 15:38,-54.59,59.88,V2104_007
25/12/2014 03:44,-55.91,60.58,V2104_007
25/12/2014 15:35,-53.85,61.51,V2104_007
26/12/2014 03:40,-54.91,62.01,V2104_007
26/12/2014 15:46,-56.47,61.33,V2104_007
27/12/2014 03:40,-54.66,60.54,V2104_007
27/12/2014 15:40,-54.72,60.51,V2104_007
28/12/2014 03:34,-53.16,59.79,V2104_007
28/12/2014 15:36,-53.48,59.63,V2104_007
29/12/2014 03:40,-54.54,60.24,V2104_007
29/12/2014 15:43,-55.1,59.96,V2104_007
30/12/2014 03:51,-57.29,61.1,V2104_007
30/12/2014 15:45,-55.48,61.93,V2104_007
31/12/2014 03:34,-52.92,60.84,V2104_007
31/12/2014 15:44,-55.11,59.75,V2104_007
01/01/2015 03:47,-55.93,60.26,V2104_007
01/01/2015 15:44,-55,60.75,V2104_007
02/01/2015 03:43,-54.81,60.74,V2104_007
02/01/2015 15:43,-54.75,60.8,V2104_007
03/01/2015 03:43,-54.7,60.86,V2104_007
03/01/2015 15:45,-55.14,60.68,V2104_007
04/01/2015 03:48,-55.96,61.17,V2104_007
04/01/2015 15:49,-56.02,61.18,V2104_007
05/01/2015 03:37,-52.97,59.7,V2104_007
05/01/2015 15:38,-53.29,59.57,V2104_007
06/01/2015 03:43,-54.36,60.26,V2104_007
06/01/2015 15:45,-54.8,60.07,V2104_007
07/01/2015 03:48,-55.62,60.62,V2104_007
07/01/2015 15:45,-54.57,61.22,V2104_007
08/01/2015 03:40,-53.26,60.66,V2104_007
08/01/2015 15:40,-53.21,60.75,V2104_007
09/01/2015 03:34,-51.91,60.17,V2104_007
09/01/2015 15:36,-52.36,59.99,V2104_007
10/01/2015 03:38,-52.81,60.37,V2104_007
10/01/2015 15:34,-51.75,61.01,V2104_007
11/01/2015 03:45,-54.33,62.41,V2104_007
11/01/2015 15:48,-55.03,62.16,V2104_007
12/01/2015 03:34,-51.48,60.45,V2104_007
12/01/2015 15:38,-52.43,59.98,V2104_007
13/01/2015 03:50,-55.38,61.75,V2104_007
13/01/2015 15:50,-55.46,61.8,V2104_007
14/01/2015 03:35,-51.67,59.82,V2104_007
14/01/2015 15:36,-51.87,59.79,V2104_007
15/01/2015 03:44,-53.58,60.95,V2104_007
15/01/2015 15:49,-54.91,60.28,V2104_007
16/01/2015 03:42,-53.11,59.32,V2104_007
16/01/2015 15:37,-51.94,60.17,V2104_007
17/01/2015 03:41,-52.65,60.76,V2104_007
17/01/2015 15:34,-50.86,61.9,V2104_007
18/01/2015 03:30,-50.07,61.63,V2104_007
18/01/2015 15:32,-50.53,61.49,V2104_007
19/01/2015 03:38,-51.87,62.4,V2104_007
19/01/2015 15:43,-52.95,61.93,V2104_007
20/01/2015 03:37,-51.54,61.28,V2104_007
20/01/2015 15:36,-51.38,61.52,V2104_007
21/01/2015 03:40,-52.09,62.11,V2104_007
21/01/2015 15:45,-53.43,61.47,V2104_007
22/01/2015 03:33,-50.27,59.57,V2104_007
22/01/2015 15:31,-49.74,60.1,V2104_007
23/01/2015 03:30,-49.58,60.19,V2104_007
23/01/2015 15:21,-47.3,61.84,V2104_007
24/01/2015 03:20,-46.89,61.79,V2104_007
24/01/2015 15:30,-49.49,60.22,V2104_007
25/01/2015 03:23,-47.71,59.1,V2104_007
25/01/2015 15:07,-43.8,62.03,V2104_007
26/01/2015 03:15,-45.77,63.42,V2104_007
26/01/2015 15:30,-49.5,61.27,V2104_007
27/01/2015 03:15,-45.47,58.4,V2104_007
27/01/2015 15:14,-45.32,58.72,V2104_007
28/01/2015 03:16,-45.67,59.25,V2104_007
28/01/2015 15:15,-45.52,59.58,V2104_007
29/01/2015 03:11,-44.37,58.86,V2104_007
29/01/2015 15:01,-42.1,60.91,V2104_007
30/01/2015 02:59,-41.46,60.65,V2104_007
30/01/2015 15:02,-42.18,60.29,V2104_007
31/01/2015 03:27,-48.41,64.81,V2104_007
31/01/2015 15:34,-50.15,63.98,V2104_007
01/02/2015 03:04,-42.75,58.5,V2104_007
01/02/2015 14:58,-41.11,60.22,V2104_007
02/02/2015 03:02,-42.09,61.31,V2104_007
02/02/2015 15:00,-41.7,61.86,V2104_007
03/02/2015 02:54,-39.94,60.68,V2104_007
03/02/2015 14:51,-39.43,61.37,V2104_007
04/02/2015 02:57,-40.66,62.64,V2104_007
04/02/2015 14:52,-39.53,63.74,V2104_007
05/02/2015 02:52,-39.64,64.09,V2104_007
05/02/2015 14:49,-38.88,64.87,V2104_007
06/02/2015 02:37,-35.74,62.84,V2104_007
06/02/2015 14:42,-37.11,61.98,V2104_007
07/02/2015 02:41,-36.85,62.06,V2104_007
07/02/2015 14:34,-34.85,64,V2104_007
08/02/2015 02:31,-34.22,63.8,V2104_007
08/02/2015 14:39,-36.33,62.3,V2104_007
09/02/2015 02:55,-40.08,65.62,V2104_007
09/02/2015 14:56,-40.33,65.74,V2104_007
10/02/2015 02:40,-36.57,63.04,V2104_007
10/02/2015 14:38,-35.82,64.02,V2104_007
11/02/2015 02:34,-34.94,63.59,V2104_007
11/02/2015 14:38,-36.07,62.89,V2104_007
12/02/2015 02:38,-35.82,63,V2104_007
12/02/2015 14:43,-37.32,61.83,V2104_007
13/02/2015 02:52,-39.45,64.3,V2104_007
13/02/2015 14:43,-37.2,66.53,V2104_007
14/02/2015 02:31,-34.08,64.2,V2104_007
14/02/2015 14:32,-34.46,64.22,V2104_007
15/02/2015 02:46,-37.96,67.57,V2104_007
15/02/2015 14:52,-39.47,66.76,V2104_007
16/02/2015 02:38,-36.1,64.02,V2104_007
16/02/2015 14:42,-36.98,63.49,V2104_007
17/02/2015 02:56,-40.49,67.28,V2104_007
17/02/2015 14:58,-40.87,67.36,V2104_007
18/02/2015 02:54,-40.01,67,V2104_007
18/02/2015 15:00,-41.52,66,V2104_007
19/02/2015 02:43,-37.4,61.55,V2104_007
19/02/2015 14:45,-37.79,61.51,V2104_007
20/02/2015 02:51,-39.3,64.03,V2104_007
20/02/2015 14:50,-39.07,64.83,V2104_007
21/02/2015 02:52,-39.58,65.9,V2104_007
21/02/2015 14:45,-37.97,68.08,V2104_007
22/02/2015 02:49,-38.86,69.36,V2104_007
22/02/2015 14:54,-40,68.8,V2104_007
23/02/2015 02:35,-35.39,63.82,V2104_007
23/02/2015 14:45,-37.78,60.47,V2104_007
24/02/2015 02:44,-37.68,60.88,V2104_007
24/02/2015 14:40,-36.69,63.29,V2104_007
25/02/2015 02:43,-37.59,65.3,V2104_007
25/02/2015 14:50,-39.36,63.11,V2104_007
26/02/2015 02:45,-38.13,61.41,V2104_007
26/02/2015 14:43,-37.52,63.35,V2104_007
27/02/2015 02:42,-37.29,63.61,V2104_007
27/02/2015 14:43,-37.69,63.64,V2104_007
28/02/2015 02:47,-38.59,66.02,V2104_007
28/02/2015 14:49,-39.11,65.91,V2104_007
01/03/2015 02:54,-40.38,68.72,V2104_007
01/03/2015 14:57,-41.03,68.53,V2104_007
02/03/2015 02:43,-37.81,62.93,V2104_007
02/03/2015 14:34,-35.46,68.71,V2104_007
03/03/2015 02:34,-35.48,69.57,V2104_007
03/03/2015 14:44,-38.13,65.28,V2104_007
04/03/2015 02:40,-37.03,63.36,V2104_007
04/03/2015 14:39,-36.81,65.19,V2104_007
05/03/2015 02:41,-37.34,67.61,V2104_007
05/03/2015 14:42,-37.62,68.17,V2104_007
06/03/2015 02:47,-38.9,71.95,V2104_007
06/03/2015 14:49,-39.42,72.16,V2104_007
07/03/2015 02:43,-38.08,70.43,V2104_007
07/03/2015 14:47,-38.86,69.9,V2104_007
08/03/2015 02:41,-37.51,67.05,V2104_007
08/03/2015 14:38,-36.92,70.9,V2104_007
09/03/2015 02:43,-38.07,75.37,V2104_007
09/03/2015 14:44,-38.36,76.46,V2104_007
10/03/2015 02:35,-36.01,71.71,V2104_007
10/03/2015 14:30,-34.92,77.39,V2104_007
11/03/2015 02:24,-33.33,74.86,V2104_007
11/03/2015 14:27,-34.36,73.43,V2104_007
12/03/2015 02:24,-33.52,71.66,V2104_007
12/03/2015 14:28,-34.67,63.35,V2104_007
13/03/2015 02:39,-37.33,87.88,V2104_007
13/03/2015 14:39,-37.49,87.46,V2104_007
14/03/2015 02:35,-36.4,90,V2104_007
14/03/2015 14:39,-37.44,90,V2104_007
15/03/2015 02:26,-34.34,74.33,V2104_007
15/03/2015 14:27,-34.5,70.28,V2104_007
16/03/2015 02:31,-35.54,90,V2104_007
16/03/2015 14:30,-35.2,90,V2104_007
17/03/2015 02:32,-35.74,90,V2104_007
17/03/2015 14:39,-37.77,-4.9,V2104_007
18/03/2015 02:43,-38.81,90,V2104_007
18/03/2015 14:46,-39.47,90,V2104_007
19/03/2015 02:47,-39.76,90,V2104_007
19/03/2015 14:45,-39.29,90,V2104_007
20/03/2015 02:43,-38.95,90,V2104_007
20/03/2015 14:45,-39.24,90,V2104_007
21/03/2015 02:38,-37.78,42.41,V2104_007
21/03/2015 14:40,-38.32,46.34,V2104_007
22/03/2015 02:36,-37.23,-63.2,V2104_007
22/03/2015 14:41,-38.64,59.86,V2104_007
23/03/2015 02:39,-38.18,60.5,V2104_007
23/03/2015 14:31,-36.09,46.73,V2104_007
24/03/2015 02:34,-36.75,38.99,V2104_007
24/03/2015 14:44,-39.54,56.41,V2104_007
25/03/2015 02:45,-39.83,53.93,V2104_007
25/03/2015 14:45,-39.87,52.63,V2104_007
26/03/2015 02:39,-38.28,58.14,V2104_007
26/03/2015 14:38,-38.07,56.14,V2104_007
27/03/2015 02:29,-35.98,61.63,V2104_007
27/03/2015 14:32,-36.52,-88.08,V2104_007
28/03/2015 02:35,-37.43,58.76,V2104_007
28/03/2015 14:31,-36.34,54.26,V2104_007
29/03/2015 02:32,-36.63,52.37,V2104_007
29/03/2015 14:33,-37.04,52.79,V2104_007
30/03/2015 02:29,-36.08,55.18,V2104_007
30/03/2015 14:33,-37.12,57.15,V2104_007
31/03/2015 02:25,-35.15,60.95,V2104_007
31/03/2015 14:26,-35.32,60.48,V2104_007
01/04/2015 02:29,-36.23,57.9,V2104_007
01/04/2015 14:23,-34.77,53.32,V2104_007
02/04/2015 02:29,-36.18,48.12,V2104_007
02/04/2015 14:35,-37.84,52.52,V2104_007
03/04/2015 02:26,-35.63,57.33,V2104_007
03/04/2015 14:24,-35.16,55.57,V2104_007
04/04/2015 02:29,-36.33,52.13,V2104_007
04/04/2015 14:26,-35.86,50.06,V2104_007
05/04/2015 02:21,-34.65,52.73,V2104_007
05/04/2015 14:36,-38.18,59.19,V2104_007
06/04/2015 02:34,-37.72,59.45,V2104_007
06/04/2015 14:32,-37.38,58.3,V2104_007
07/04/2015 02:25,-35.67,60.47,V2104_007
07/04/2015 14:22,-34.95,58.85,V2104_007
08/04/2015 02:26,-35.99,56.7,V2104_007
08/04/2015 14:27,-36.4,56.81,V2104_007
09/04/2015 02:17,-33.93,60.07,V2104_007
09/04/2015 14:26,-36.21,62.35,V2104_007
10/04/2015 02:28,-36.5,61.64,V2104_007
10/04/2015 14:28,-36.53,61.2,V2104_007
11/04/2015 02:24,-35.69,61.77,V2104_007
11/04/2015 14:19,-34.6,60.06,V2104_007
12/04/2015 02:26,-36.13,57.68,V2104_007
12/04/2015 14:31,-37.41,58.9,V2104_007
13/04/2015 02:36,-38.82,56.63,V2104_007
13/04/2015 14:44,-40.85,58.84,V2104_007
14/04/2015 02:31,-37.51,62.08,V2104_007
14/04/2015 14:22,-35.42,59.52,V2104_007
15/04/2015 02:30,-37.32,56.85,V2104_007
15/04/2015 14:26,-36.35,55.08,V2104_007
16/04/2015 02:30,-37.38,53.19,V2104_007
16/04/2015 14:38,-39.54,55.83,V2104_007
17/04/2015 02:28,-36.94,58.62,V2104_007
17/04/2015 14:14,-33.47,53.87,V2104_007
18/04/2015 02:17,-34.37,52.19,V2104_007
18/04/2015 14:25,-36.4,54.66,V2104_007
19/04/2015 02:10,-32.55,58.81,V2104_007
19/04/2015 14:17,-34.58,60.38,V2104_007
20/04/2015 02:18,-34.73,59.94,V2104_007
20/04/2015 14:17,-34.63,59.51,V2104_007
21/04/2015 02:22,-35.79,58.12,V2104_007
21/04/2015 14:20,-35.44,57.42,V2104_007
22/04/2015 02:03,-31.09,61.05,V2104_007
22/04/2015 14:11,-33.11,62.24,V2104_007
23/04/2015 02:08,-32.38,62.48,V2104_007
23/04/2015 14:08,-32.28,62.12,V2104_007
24/04/2015 02:02,-30.81,62.85,V2104_007
24/04/2015 14:03,-31.2,62.82,V2104_007
25/04/2015 02:11,-33.23,61.23,V2104_007
25/04/2015 14:07,-32.25,60.24,V2104_007
26/04/2015 02:08,-32.52,59.79,V2104_007
26/04/2015 14:12,-33.54,60.27,V2104_007
27/04/2015 01:57,-29.94,62.41,V2104_007
27/04/2015 14:10,-33.08,63.9,V2104_007
28/04/2015 02:18,-35.1,62.59,V2104_007
28/04/2015 14:18,-35.24,62.43,V2104_007
29/04/2015 02:17,-34.89,62.41,V2104_007
29/04/2015 14:17,-34.9,62.18,V2104_007
30/04/2015 02:15,-34.42,62.24,V2104_007
30/04/2015 14:17,-35.06,62.36,V2104_007
01/05/2015 02:15,-34.33,62.54,V2104_007
01/05/2015 14:14,-34.22,62.26,V2104_007
02/05/2015 02:17,-34.98,61.64,V2104_007
02/05/2015 14:16,-34.75,61.29,V2104_007
03/05/2015 02:04,-31.76,62.66,V2104_007
03/05/2015 13:59,-30.52,61.82,V2104_007
04/05/2015 02:04,-31.91,60.87,V2104_007
04/05/2015 14:17,-35.17,62.36,V2104_007
05/05/2015 02:15,-34.44,62.52,V2104_007
05/05/2015 14:09,-33.07,61.67,V2104_007
06/05/2015 02:04,-31.71,62.14,V2104_007
06/05/2015 14:09,-33.09,62.58,V2104_007
07/05/2015 02:05,-32.1,62.84,V2104_007
07/05/2015 14:00,-30.98,62.17,V2104_007
08/05/2015 02:14,-34.24,60.4,V2104_007
08/05/2015 14:21,-36.12,61.16,V2104_007
09/05/2015 02:13,-34,61.97,V2104_007
09/05/2015 14:09,-33.14,61.4,V2104_007
10/05/2015 02:15,-34.77,60.45,V2104_007
10/05/2015 14:18,-35.4,60.58,V2104_007
11/05/2015 02:15,-34.65,60.77,V2104_007
11/05/2015 14:16,-35.03,60.78,V2104_007
12/05/2015 02:15,-34.53,60.85,V2104_007
12/05/2015 14:03,-31.53,59.21,V2104_007
13/05/2015 02:07,-32.66,58.44,V2104_007
13/05/2015 14:22,-36.41,60.19,V2104_007
14/05/2015 02:06,-32.41,61.76,V2104_007
14/05/2015 14:17,-35.29,62.67,V2104_007
15/05/2015 02:21,-36.29,62.17,V2104_007
15/05/2015 14:16,-34.91,61.51,V2104_007
16/05/2015 02:19,-35.66,61.07,V2104_007
16/05/2015 14:13,-34.03,60.25,V2104_007
17/05/2015 02:10,-33.41,60.37,V2104_007
17/05/2015 14:25,-37.15,61.7,V2104_007
18/05/2015 02:11,-33.65,62.74,V2104_007
18/05/2015 14:03,-31.64,61.96,V2104_007
19/05/2015 02:14,-34.39,60.84,V2104_007
03/09/2014 16:41,-70.3,76.26,V2104_008
04/09/2014 04:28,-67.21,77.08,V2104_008
04/09/2014 16:47,-71.88,78.02,V2104_008
05/09/2014 04:55,-74.04,77.94,V2104_008
05/09/2014 16:40,-70.34,77.57,V2104_008
06/09/2014 04:43,-71.25,77.65,V2104_008
06/09/2014 16:17,-64.79,76.53,V2104_008
07/09/2014 04:12,-63.59,77.09,V2104_008
07/09/2014 16:32,-68.51,78.31,V2104_008
08/09/2014 04:46,-71.92,77.94,V2104_008
08/09/2014 16:31,-68.47,77.44,V2104_008
09/09/2014 04:38,-70.26,77.29,V2104_008
09/09/2014 16:06,-62.18,75.01,V2104_008
10/09/2014 04:45,-71.97,69.91,V2104_008
10/09/2014 16:58,-75.39,72.67,V2104_008
11/09/2014 04:51,-73.56,74.09,V2104_008
11/09/2014 16:50,-73.23,74.29,V2104_008
12/09/2014 04:40,-70.77,75.82,V2104_008
12/09/2014 16:48,-72.82,76.95,V2104_008
13/09/2014 04:56,-74.99,76.51,V2104_008
13/09/2014 16:45,-72.28,75.7,V2104_008
14/09/2014 04:37,-70.45,76.91,V2104_008
14/09/2014 16:38,-70.74,77.39,V2104_008
15/09/2014 04:52,-74.16,76.35,V2104_008
15/09/2014 16:33,-69.58,74.15,V2104_008
16/09/2014 04:34,-69.75,74.57,V2104_008
16/09/2014 16:22,-66.8,72.78,V2104_008
17/09/2014 04:22,-66.72,73.47,V2104_008
17/09/2014 16:02,-61.88,68.61,V2104_008
18/09/2014 03:47,-58.3,73.56,V2104_008
18/09/2014 15:35,-55.22,-84.81,V2104_008
19/09/2014 03:46,-58.14,67.02,V2104_008
19/09/2014 15:41,-56.69,64.62,V2104_008
20/09/2014 03:42,-57.11,64.73,V2104_008
20/09/2014 15:41,-56.78,64.85,V2104_008
21/09/2014 03:40,-56.69,-75.77,V2104_008
21/09/2014 15:26,-53.24,53.02,V2104_008
22/09/2014 03:24,-52.78,57.89,V2104_008
22/09/2014 15:26,-53.33,-65.09,V2104_008
23/09/2014 03:26,-53.37,-63.43,V2104_008
23/09/2014 15:21,-52.04,-53.84,V2104_008
24/09/2014 03:28,-53.96,38.22,V2104_008
24/09/2014 15:30,-54.5,50.64,V2104_008
25/09/2014 03:24,-53.17,-48.03,V2104_008
25/09/2014 15:11,-49.71,90,V2104_008
26/09/2014 03:15,-50.76,90,V2104_008
26/09/2014 15:30,-54.67,-36.41,V2104_008
27/09/2014 03:29,-54.47,72.54,V2104_008
27/09/2014 15:21,-52.51,60.97,V2104_008
28/09/2014 03:23,-53.05,57.35,V2104_008
28/09/2014 15:22,-52.84,59.44,V2104_008
29/09/2014 03:23,-53.26,55.18,V2104_008
29/09/2014 15:20,-52.43,90,V2104_008
30/09/2014 03:28,-54.59,90,V2104_008
30/09/2014 15:28,-54.51,86.78,V2104_008
01/10/2014 03:22,-52.92,65.48,V2104_008
01/10/2014 15:26,-54.21,28.21,V2104_008
02/10/2014 03:33,-55.88,58.55,V2104_008
02/10/2014 15:19,-52.42,79.39,V2104_008
03/10/2014 03:23,-53.58,79.56,V2104_008
03/10/2014 15:26,-54.25,75.91,V2104_008
04/10/2014 03:24,-53.91,72.49,V2104_008
04/10/2014 15:30,-55.45,62.57,V2104_008
05/10/2014 03:28,-54.86,55.46,V2104_008
05/10/2014 15:23,-53.78,61.2,V2104_008
06/10/2014 03:28,-54.94,64.97,V2104_008
06/10/2014 15:24,-54.1,66.73,V2104_008
07/10/2014 03:33,-56.14,71.01,V2104_008
07/10/2014 15:34,-56.67,68.45,V2104_008
08/10/2014 03:40,-57.96,70.22,V2104_008
08/10/2014 15:30,-55.74,73.22,V2104_008
09/10/2014 03:31,-56.03,72.65,V2104_008
09/10/2014 15:28,-55.19,73,V2104_008
10/10/2014 03:31,-55.97,73.15,V2104_008
10/10/2014 15:33,-56.38,71.83,V2104_008
11/10/2014 03:31,-56.04,70.46,V2104_008
11/10/2014 15:32,-56.32,69.24,V2104_008
12/10/2014 03:30,-55.98,67.78,V2104_008
12/10/2014 15:32,-56.38,66.26,V2104_008
13/10/2014 03:29,-55.66,63.9,V2104_008
13/10/2014 15:23,-54.32,65.83,V2104_008
14/10/2014 03:27,-55.22,66.59,V2104_008
14/10/2014 15:24,-54.5,67.07,V2104_008
15/10/2014 03:34,-57.03,69.76,V2104_008
15/10/2014 15:25,-54.81,71.54,V2104_008
16/10/2014 03:27,-55.46,71.58,V2104_008
16/10/2014 15:34,-56.99,69.54,V2104_008
17/10/2014 03:30,-56.14,67.98,V2104_008
17/10/2014 15:28,-55.66,68.01,V2104_008
18/10/2014 03:23,-54.56,66.04,V2104_008
18/10/2014 15:21,-53.96,66.29,V2104_008
19/10/2014 03:24,-54.86,66.82,V2104_008
19/10/2014 15:05,-50.01,71.02,V2104_008
20/10/2014 03:13,-52.16,72.11,V2104_008
20/10/2014 15:29,-56.18,68.5,V2104_008
21/10/2014 03:32,-56.82,68.62,V2104_008
21/10/2014 15:30,-56.34,68.62,V2104_008
22/10/2014 03:47,-60.74,71.49,V2104_008
22/10/2014 15:19,-53.63,74.78,V2104_008
23/10/2014 03:13,-52.28,73.88,V2104_008
23/10/2014 15:44,-59.92,69.02,V2104_008
24/10/2014 03:42,-59.44,68.24,V2104_008
24/10/2014 15:39,-58.58,68.54,V2104_008
25/10/2014 03:45,-60.22,69.36,V2104_008
25/10/2014 15:43,-59.61,69.43,V2104_008
26/10/2014 03:33,-57.24,67.32,V2104_008
26/10/2014 15:30,-56.63,67.45,V2104_008
27/10/2014 03:23,-54.89,65.63,V2104_008
27/10/2014 15:19,-53.78,66.24,V2104_008
28/10/2014 03:29,-56.29,67.81,V2104_008
28/10/2014 15:23,-54.93,68.42,V2104_008
29/10/2014 03:34,-57.44,69.62,V2104_008
29/10/2014 15:29,-56.32,69.94,V2104_008
30/10/2014 03:25,-55.45,69.17,V2104_008
30/10/2014 15:28,-56.21,68.43,V2104_008
31/10/2014 03:24,-55.09,67.43,V2104_008
31/10/2014 15:33,-57.22,65.63,V2104_008
01/11/2014 03:38,-58.6,66.32,V2104_008
01/11/2014 15:26,-55.6,67.95,V2104_008
02/11/2014 03:26,-55.73,67.75,V2104_008
02/11/2014 15:25,-55.36,67.69,V2104_008
03/11/2014 03:31,-56.98,68.33,V2104_008
03/11/2014 15:35,-57.86,67.58,V2104_008
04/11/2014 03:27,-55.98,66.2,V2104_008
04/11/2014 15:27,-55.85,66.01,V2104_008
05/11/2014 03:35,-57.85,66.95,V2104_008
05/11/2014 15:28,-56.22,67.6,V2104_008
06/11/2014 03:28,-56.22,67.35,V2104_008
06/11/2014 15:28,-56.09,67.18,V2104_008
07/11/2014 03:31,-56.71,67.27,V2104_008
07/11/2014 15:30,-56.58,67.1,V2104_008
08/11/2014 03:28,-56.19,66.68,V2104_008
08/11/2014 15:27,-55.93,66.58,V2104_008
09/11/2014 03:22,-54.55,65.6,V2104_008
09/11/2014 15:22,-54.41,65.44,V2104_008
10/11/2014 03:00,-49.15,61.72,V2104_008
10/11/2014 14:57,-48.27,62.14,V2104_008
11/11/2014 02:56,-47.88,61.62,V2104_008
11/11/2014 14:53,-47.36,61.77,V2104_008
12/11/2014 02:53,-47.23,61.44,V2104_008
12/11/2014 14:45,-45.33,62.56,V2104_008
13/11/2014 02:32,-41.94,59.82,V2104_008
13/11/2014 14:37,-43.05,58.63,V2104_008
14/11/2014 02:40,-43.91,59.16,V2104_008
14/11/2014 14:36,-42.89,59.76,V2104_008
15/11/2014 02:29,-41.12,58.07,V2104_008
15/11/2014 14:19,-38.72,59.83,V2104_008
16/11/2014 02:25,-40.2,60.74,V2104_008
16/11/2014 14:25,-40.05,60.63,V2104_008
17/11/2014 02:23,-39.65,60.16,V2104_008
17/11/2014 14:21,-39.13,60.33,V2104_008
18/11/2014 02:19,-38.61,59.77,V2104_008
18/11/2014 14:19,-38.45,59.68,V2104_008
19/11/2014 02:21,-38.93,59.85,V2104_008
19/11/2014 14:13,-36.9,61.05,V2104_008
20/11/2014 02:15,-37.5,61.27,V2104_008
20/11/2014 14:19,-38.47,60.45,V2104_008
21/11/2014 02:20,-38.56,60.36,V2104_008
21/11/2014 14:18,-38.15,60.44,V2104_008
22/11/2014 02:24,-39.37,61.08,V2104_008
22/11/2014 14:06,-34.96,63.36,V2104_008
23/11/2014 02:03,-34.06,62.77,V2104_008
23/11/2014 14:19,-38.27,60.13,V2104_008
24/11/2014 02:20,-38.36,60.06,V2104_008
24/11/2014 14:16,-37.32,60.54,V2104_008
25/11/2014 02:15,-37.04,60.24,V2104_008
25/11/2014 14:14,-36.75,60.26,V2104_008
26/11/2014 02:20,-38.34,61.09,V2104_008
26/11/2014 14:17,-37.55,61.38,V2104_008
27/11/2014 02:33,-41.26,63.16,V2104_008
27/11/2014 14:11,-35.72,65.32,V2104_008
28/11/2014 01:58,-32.55,63.98,V2104_008
28/11/2014 13:55,-31.88,64.13,V2104_008
29/11/2014 01:43,-28.72,62.63,V2104_008
29/11/2014 13:07,-19.55,66.09,V2104_008
30/11/2014 01:14,-21.38,66.56,V2104_008
04/09/2014 16:48,-72.25,78.07,V2104_009
05/09/2014 04:51,-72.92,78.2,V2104_009
05/09/2014 16:36,-69.34,77.81,V2104_009
06/09/2014 04:46,-71.88,77.58,V2104_009
06/09/2014 16:52,-73.42,78.13,V2104_009
07/09/2014 04:43,-71.21,78.76,V2104_009
07/09/2014 16:38,-70.01,78.8,V2104_009
08/09/2014 04:47,-72.17,78.68,V2104_009
08/09/2014 16:44,-71.59,78.82,V2104_009
09/09/2014 04:49,-72.89,78.84,V2104_009
09/09/2014 16:23,-66.43,77.61,V2104_009
10/09/2014 04:35,-69.47,77.04,V2104_009
10/09/2014 16:27,-67.51,76.7,V2104_009
11/09/2014 04:24,-66.81,77.29,V2104_009
11/09/2014 16:26,-67.35,77.79,V2104_009
12/09/2014 04:41,-71.27,76.8,V2104_009
12/09/2014 16:36,-70.07,76.68,V2104_009
13/09/2014 04:33,-69.36,77.35,V2104_009
13/09/2014 16:43,-71.78,78.54,V2104_009
14/09/2014 04:45,-72.2,78.78,V2104_009
14/09/2014 16:37,-70.49,78.57,V2104_009
15/09/2014 04:45,-72.41,78.29,V2104_009
15/09/2014 16:19,-65.83,75.49,V2104_009
16/09/2014 04:26,-67.63,74.84,V2104_009
16/09/2014 16:09,-63.67,71.88,V2104_009
17/09/2014 04:17,-65.59,70.32,V2104_009
17/09/2014 16:05,-62.51,65.83,V2104_009
18/09/2014 03:59,-61.18,69.31,V2104_009
18/09/2014 15:47,-58.35,64.24,V2104_009
19/09/2014 03:45,-57.64,67.14,V2104_009
19/09/2014 15:46,-58.06,68.95,V2104_009
20/09/2014 03:46,-58.23,69.73,V2104_009
20/09/2014 15:47,-58.4,71,V2104_009
21/09/2014 03:51,-59.45,70.15,V2104_009
21/09/2014 15:43,-57.49,-74.84,V2104_009
22/09/2014 03:48,-58.78,-69.8,V2104_009
22/09/2014 15:36,-55.95,39.28,V2104_009
23/09/2014 03:26,-53.37,65.48,V2104_009
23/09/2014 15:28,-54.04,69.62,V2104_009
24/09/2014 03:32,-54.83,-60.88,V2104_009
24/09/2014 15:29,-54.25,-55.2,V2104_009
25/09/2014 03:29,-54.3,-53.25,V2104_009
25/09/2014 15:24,-53.21,-40.37,V2104_009
26/09/2014 03:30,-54.63,56.69,V2104_009
26/09/2014 15:31,-54.8,64,V2104_009
27/09/2014 03:31,-54.84,68.99,V2104_009
27/09/2014 15:35,-56.01,-31.22,V2104_009
28/09/2014 03:48,-59.43,90,V2104_009
28/09/2014 15:44,-58.22,90,V2104_009
29/09/2014 04:02,-62.76,88.43,V2104_009
29/09/2014 15:56,-61.43,89.53,V2104_009
30/09/2014 03:30,-54.97,65.81,V2104_009
30/09/2014 15:30,-55.01,58.42,V2104_009
01/10/2014 03:41,-57.8,78.14,V2104_009
01/10/2014 15:40,-57.59,75.98,V2104_009
02/10/2014 03:25,-54,34.39,V2104_009
02/10/2014 15:19,-52.29,57.07,V2104_009
03/10/2014 03:33,-55.83,74.21,V2104_009
03/10/2014 15:35,-56.5,70.17,V2104_009
04/10/2014 03:27,-54.54,56.88,V2104_009
04/10/2014 15:19,-52.57,66.33,V2104_009
05/10/2014 03:21,-52.99,66.07,V2104_009
05/10/2014 15:25,-54.15,59,V2104_009
06/10/2014 03:26,-54.56,59.28,V2104_009
06/10/2014 15:30,-55.35,53.36,V2104_009
07/10/2014 03:40,-57.89,63.64,V2104_009
07/10/2014 15:29,-55.3,69.56,V2104_009
08/10/2014 03:37,-57.33,72.13,V2104_009
08/10/2014 15:41,-58.24,69.7,V2104_009
09/10/2014 03:32,-56.15,63.84,V2104_009
09/10/2014 15:22,-53.81,68.3,V2104_009
10/10/2014 03:30,-55.6,70.37,V2104_009
10/10/2014 15:30,-55.75,69.37,V2104_009
11/10/2014 03:32,-56.29,69.34,V2104_009
11/10/2014 15:29,-55.69,69.5,V2104_009
12/10/2014 03:27,-55.1,67.82,V2104_009
12/10/2014 15:34,-56.88,63.85,V2104_009
13/10/2014 03:34,-56.79,62.78,V2104_009
13/10/2014 15:23,-54.32,66.63,V2104_009
14/10/2014 03:27,-55.22,67.25,V2104_009
14/10/2014 15:23,-54.38,67.82,V2104_009
15/10/2014 03:29,-55.9,69.05,V2104_009
15/10/2014 15:28,-55.68,68.76,V2104_009
16/10/2014 03:32,-56.59,69.16,V2104_009
16/10/2014 15:36,-57.49,67.63,V2104_009
17/10/2014 03:32,-56.51,65.81,V2104_009
17/10/2014 15:32,-56.66,65.06,V2104_009
18/10/2014 03:34,-57.06,65.01,V2104_009
18/10/2014 15:34,-57.21,64.29,V2104_009
19/10/2014 03:38,-58.11,64.92,V2104_009
19/10/2014 15:34,-57.13,65.64,V2104_009
20/10/2014 03:37,-58.03,66.14,V2104_009
20/10/2014 15:33,-56.93,66.87,V2104_009
21/10/2014 03:28,-55.82,65.19,V2104_009
21/10/2014 15:28,-55.84,64.73,V2104_009
22/10/2014 03:31,-56.74,65.24,V2104_009
22/10/2014 15:28,-56.01,65.59,V2104_009
23/10/2014 03:40,-58.78,67.72,V2104_009
23/10/2014 15:44,-59.79,66.44,V2104_009
24/10/2014 03:34,-57.56,63.76,V2104_009
24/10/2014 15:30,-56.33,64.67,V2104_009
25/10/2014 03:41,-59.22,66.9,V2104_009
25/10/2014 15:41,-59.23,66.53,V2104_009
26/10/2014 03:32,-56.87,63.98,V2104_009
26/10/2014 15:33,-57.26,63.21,V2104_009
27/10/2014 03:37,-58.27,63.83,V2104_009
27/10/2014 15:37,-58.28,63.46,V2104_009
28/10/2014 03:38,-58.42,63.21,V2104_009
28/10/2014 15:33,-57.3,63.93,V2104_009
29/10/2014 03:27,-55.81,62.12,V2104_009
29/10/2014 15:25,-55.32,62.27,V2104_009
30/10/2014 03:35,-57.83,64.23,V2104_009
30/10/2014 15:31,-56.71,64.83,V2104_009
31/10/2014 03:30,-56.59,64.41,V2104_009
31/10/2014 15:36,-58.22,62.7,V2104_009
01/11/2014 03:42,-59.47,63.47,V2104_009
01/11/2014 15:38,-58.73,63.78,V2104_009
02/11/2014 03:38,-58.73,63.48,V2104_009
02/11/2014 15:36,-58.23,63.58,V2104_009
03/11/2014 03:34,-57.73,62.88,V2104_009
03/11/2014 15:33,-57.23,63,V2104_009
04/11/2014 03:34,-57.73,63.11,V2104_009
04/11/2014 15:34,-57.73,62.83,V2104_009
05/11/2014 03:42,-59.48,63.87,V2104_009
05/11/2014 15:39,-58.72,64.13,V2104_009
06/11/2014 03:36,-58.22,63.52,V2104_009
06/11/2014 15:39,-58.84,62.8,V2104_009
07/11/2014 03:45,-60.46,63.71,V2104_009
07/11/2014 15:45,-60.45,63.46,V2104_009
08/11/2014 03:42,-59.57,62.59,V2104_009
08/11/2014 15:43,-59.68,62.25,V2104_009
09/11/2014 03:45,-60.17,62.37,V2104_009
09/11/2014 15:41,-59.29,62.75,V2104_009
10/11/2014 03:46,-60.65,63.43,V2104_009
10/11/2014 15:47,-60.77,63.13,V2104_009
11/11/2014 03:49,-61.25,63.22,V2104_009
11/11/2014 15:47,-60.74,63.32,V2104_009
12/11/2014 03:44,-59.85,62.54,V2104_009
12/11/2014 15:39,-58.71,63.05,V2104_009
13/11/2014 03:44,-59.94,63.6,V2104_009
13/11/2014 15:41,-59.05,63.9,V2104_009
14/11/2014 03:35,-57.66,62.9,V2104_009
14/11/2014 15:40,-58.89,61.91,V2104_009
15/11/2014 03:51,-61.74,63.45,V2104_009
15/11/2014 15:51,-61.72,63.26,V2104_009
16/11/2014 03:44,-59.7,61.88,V2104_009
16/11/2014 15:46,-60.43,61.2,V2104_009
17/11/2014 03:44,-59.65,60.51,V2104_009
17/11/2014 15:38,-58.13,61.31,V2104_009
18/11/2014 03:40,-58.73,61.52,V2104_009
18/11/2014 15:36,-57.83,61.88,V2104_009
19/11/2014 03:45,-59.8,62.84,V2104_009
19/11/2014 15:53,-61.77,61.53,V2104_009
20/11/2014 03:52,-61.49,61.21,V2104_009
20/11/2014 15:50,-61.09,61.27,V2104_009
21/11/2014 03:45,-59.93,60.41,V2104_009
21/11/2014 15:44,-59.4,60.56,V2104_009
22/11/2014 03:43,-59.24,60.33,V2104_009
22/11/2014 15:40,-58.34,60.71,V2104_009
23/11/2014 03:46,-59.93,61.5,V2104_009
23/11/2014 15:48,-60.39,61.07,V2104_009
24/11/2014 03:45,-59.48,60.41,V2104_009
24/11/2014 15:41,-58.57,60.78,V2104_009
25/11/2014 03:46,-59.78,61.35,V2104_009
25/11/2014 15:44,-59.25,61.48,V2104_009
26/11/2014 03:44,-59.08,61.28,V2104_009
26/11/2014 15:49,-60.54,60.31,V2104_009
27/11/2014 03:48,-60.25,60.03,V2104_009
27/11/2014 15:45,-59.34,60.41,V2104_009
28/11/2014 04:02,-63.42,62.42,V2104_009
28/11/2014 15:57,-62.38,62.77,V2104_009
29/11/2014 03:43,-58.71,60.87,V2104_009
29/11/2014 15:45,-59.16,60.48,V2104_009
30/11/2014 03:47,-59.75,60.71,V2104_009
30/11/2014 15:46,-59.45,60.73,V2104_009
01/12/2014 04:00,-62.65,62.22,V2104_009
01/12/2014 16:01,-62.98,61.95,V2104_009
02/12/2014 04:16,-66.68,63.46,V2104_009
02/12/2014 16:19,-67.26,63.11,V2104_009
03/12/2014 03:52,-60.71,59.95,V2104_009
03/12/2014 15:43,-58.29,61.09,V2104_009
04/12/2014 03:47,-59.36,61.54,V2104_009
04/12/2014 15:38,-56.81,62.56,V2104_009
05/12/2014 03:35,-56.26,62.26,V2104_009
05/12/2014 15:39,-57.09,61.8,V2104_009
06/12/2014 03:39,-56.91,61.66,V2104_009
06/12/2014 15:45,-58.48,60.82,V2104_009
07/12/2014 03:45,-58.55,60.81,V2104_009
07/12/2014 15:46,-58.75,60.61,V2104_009
08/12/2014 03:48,-59.19,60.79,V2104_009
08/12/2014 15:45,-58.39,61.07,V2104_009
09/12/2014 03:46,-58.59,61.12,V2104_009
09/12/2014 15:43,-57.53,61.51,V2104_009
10/12/2014 03:43,-57.47,61.45,V2104_009
10/12/2014 15:48,-58.79,60.77,V2104_009
11/12/2014 03:45,-57.98,60.36,V2104_009
11/12/2014 15:44,-57.55,60.48,V2104_009
12/12/2014 03:48,-58.62,60.96,V2104_009
12/12/2014 15:41,-56.69,61.73,V2104_009
13/12/2014 03:51,-59.38,62.78,V2104_009
13/12/2014 15:55,-60.19,62.4,V2104_009
14/12/2014 03:55,-60.13,62.36,V2104_009
14/12/2014 15:53,-59.57,62.52,V2104_009
15/12/2014 03:40,-56.14,61.1,V2104_009
15/12/2014 15:41,-56.45,60.91,V2104_009
16/12/2014 03:47,-57.89,61.53,V2104_009
16/12/2014 15:51,-58.96,61.01,V2104_009
17/12/2014 03:49,-58.27,60.71,V2104_009
17/12/2014 15:47,-57.84,60.86,V2104_009
18/12/2014 04:06,-62.4,62.71,V2104_009
18/12/2014 16:02,-61.21,63.09,V2104_009
19/12/2014 03:47,-57.65,61.76,V2104_009
19/12/2014 15:56,-59.71,60.85,V2104_009
20/12/2014 03:48,-57.65,59.91,V2104_009
20/12/2014 15:45,-56.97,60.2,V2104_009
21/12/2014 03:54,-59.03,61.15,V2104_009
21/12/2014 15:56,-59.47,60.93,V2104_009
22/12/2014 03:45,-56.66,59.64,V2104_009
22/12/2014 15:39,-54.97,60.43,V2104_009
23/12/2014 03:39,-55.03,60.49,V2104_009
23/12/2014 15:45,-56.47,59.78,V2104_009
24/12/2014 03:53,-58.28,60.68,V2104_009
24/12/2014 15:45,-56.22,61.55,V2104_009
25/12/2014 03:44,-55.91,61.46,V2104_009
25/12/2014 15:56,-59.09,60.02,V2104_009
26/12/2014 04:06,-61.41,61.13,V2104_009
26/12/2014 16:02,-60.22,61.63,V2104_009
27/12/2014 03:51,-57.53,60.5,V2104_009
27/12/2014 15:50,-57.22,60.64,V2104_009
28/12/2014 03:42,-55.04,59.65,V2104_009
28/12/2014 15:46,-56.23,59.04,V2104_009
29/12/2014 03:46,-56.04,59.01,V2104_009
29/12/2014 15:49,-56.73,58.64,V2104_009
30/12/2014 03:51,-57.29,59.02,V2104_009
30/12/2014 15:46,-55.98,59.72,V2104_009
31/12/2014 03:57,-58.55,61.02,V2104_009
31/12/2014 15:59,-58.99,60.84,V2104_009
01/01/2015 03:55,-57.93,60.42,V2104_009
01/01/2015 15:48,-56.12,61.28,V2104_009
02/01/2015 03:46,-55.69,61.16,V2104_009
02/01/2015 15:50,-56.5,60.82,V2104_009
03/01/2015 03:49,-56.32,60.82,V2104_009
03/01/2015 15:53,-57.26,60.4,V2104_009
04/01/2015 03:48,-55.83,59.77,V2104_009
04/01/2015 15:38,-53.15,61.13,V2104_009
05/01/2015 03:39,-53.47,61.37,V2104_009
05/01/2015 15:46,-55.29,60.55,V2104_009
06/01/2015 03:50,-56.23,61.11,V2104_009
06/01/2015 15:55,-57.3,60.65,V2104_009
07/01/2015 03:51,-56.37,60.29,V2104_009
07/01/2015 15:53,-56.82,60.11,V2104_009
08/01/2015 03:50,-56.01,59.8,V2104_009
08/01/2015 15:43,-54.09,60.86,V2104_009
09/01/2015 03:36,-52.28,60.05,V2104_009
09/01/2015 15:39,-52.98,59.73,V2104_009
10/01/2015 03:40,-53.06,59.9,V2104_009
10/01/2015 15:40,-53.13,59.93,V2104_009
11/01/2015 03:43,-53.83,60.44,V2104_009
11/01/2015 15:49,-55.28,59.72,V2104_009
12/01/2015 03:41,-53.11,58.56,V2104_009
12/01/2015 15:18,-47.31,61.84,V2104_009
13/01/2015 03:18,-47.39,62.01,V2104_009
13/01/2015 15:37,-52.09,59.59,V2104_009
14/01/2015 03:40,-52.67,60.08,V2104_009
14/01/2015 15:35,-51.62,60.76,V2104_009
15/01/2015 03:33,-50.95,60.54,V2104_009
15/01/2015 15:43,-53.41,59.18,V2104_009
16/01/2015 03:39,-52.36,58.67,V2104_009
16/01/2015 15:38,-52.07,58.97,V2104_009
17/01/2015 03:46,-54.03,60.35,V2104_009
17/01/2015 15:36,-51.49,61.88,V2104_009
18/01/2015 03:22,-48.07,60.11,V2104_009
18/01/2015 15:34,-51.03,58.28,V2104_009
19/01/2015 03:33,-50.49,58.08,V2104_009
19/01/2015 15:31,-49.95,58.59,V2104_009
20/01/2015 03:42,-52.79,60.64,V2104_009
20/01/2015 15:37,-51.5,61.53,V2104_009
21/01/2015 03:26,-48.72,60.01,V2104_009
21/01/2015 15:34,-50.56,58.9,V2104_009
22/01/2015 03:29,-49.4,58.24,V2104_009
22/01/2015 15:26,-48.74,58.88,V2104_009
23/01/2015 03:34,-50.7,60.44,V2104_009
23/01/2015 15:44,-53.05,58.97,V2104_009
24/01/2015 03:50,-54.52,60.22,V2104_009
24/01/2015 15:50,-54.48,60.41,V2104_009
25/01/2015 03:42,-52.46,59.17,V2104_009
25/01/2015 15:30,-49.43,61.43,V2104_009
26/01/2015 03:30,-49.4,61.62,V2104_009
26/01/2015 15:45,-53,59.29,V2104_009
27/01/2015 03:40,-51.84,58.61,V2104_009
27/01/2015 15:39,-51.44,59.12,V2104_009
28/01/2015 03:45,-53.17,60.65,V2104_009
28/01/2015 15:45,-53.15,60.87,V2104_009
29/01/2015 03:37,-51,59.47,V2104_009
29/01/2015 15:44,-52.73,58.23,V2104_009
30/01/2015 03:47,-53.58,59.22,V2104_009
30/01/2015 15:40,-51.56,61.02,V2104_009
31/01/2015 03:35,-50.41,60.39,V2104_009
31/01/2015 15:01,-41.9,65.94,V2104_009
01/02/2015 02:57,-40.88,65.64,V2104_009
01/02/2015 15:31,-49.49,60.2,V2104_009
02/02/2015 03:38,-51.09,61.73,V2104_009
02/02/2015 15:40,-51.58,61.6,V2104_009
03/02/2015 03:30,-49.06,59.79,V2104_009
03/02/2015 15:29,-48.8,60.27,V2104_009
04/02/2015 03:37,-50.66,62.07,V2104_009
04/02/2015 15:44,-52.4,60.92,V2104_009
05/02/2015 03:38,-51.01,59.98,V2104_009
05/02/2015 15:36,-50.5,60.71,V2104_009
06/02/2015 03:36,-50.49,60.99,V2104_009
06/02/2015 15:31,-49.24,62.34,V2104_009
07/02/2015 03:28,-48.6,62.11,V2104_009
07/02/2015 15:33,-49.85,61.31,V2104_009
08/02/2015 03:26,-48.09,59.95,V2104_009
08/02/2015 15:26,-48.08,60.26,V2104_009
09/02/2015 03:25,-47.83,60.33,V2104_009
09/02/2015 15:32,-49.33,59.07,V2104_009
10/02/2015 03:27,-48.32,58.26,V2104_009
10/02/2015 15:25,-47.82,59.19,V2104_009
11/02/2015 03:23,-47.32,58.96,V2104_009
11/02/2015 15:21,-46.57,60.17,V2104_009
12/02/2015 03:16,-45.32,59.09,V2104_009
12/02/2015 15:17,-45.7,59,V2104_009
13/02/2015 03:17,-45.57,59.23,V2104_009
13/02/2015 15:16,-45.33,59.92,V2104_009
14/02/2015 03:18,-45.83,60.89,V2104_009
14/02/2015 15:15,-45.33,61.84,V2104_009
15/02/2015 03:02,-42.09,58.19,V2104_009
15/02/2015 15:02,-42.09,58.61,V2104_009
16/02/2015 03:02,-41.98,58.87,V2104_009
16/02/2015 15:03,-42.36,58.78,V2104_009
17/02/2015 03:02,-41.99,58.68,V2104_009
17/02/2015 15:02,-42.12,58.95,V2104_009
18/02/2015 03:00,-41.38,58.27,V2104_009
18/02/2015 14:55,-40.14,60.59,V2104_009
19/02/2015 02:56,-40.53,61.57,V2104_009
19/02/2015 15:01,-41.79,60.3,V2104_009
20/02/2015 02:53,-39.8,57.56,V2104_009
20/02/2015 14:54,-39.94,57.87,V2104_009
21/02/2015 03:01,-41.83,61.45,V2104_009
21/02/2015 15:03,-42.47,61.03,V2104_009
22/02/2015 03:00,-41.48,59.96,V2104_009
22/02/2015 14:56,-40.5,62.11,V2104_009
23/02/2015 02:49,-38.89,60.01,V2104_009
23/02/2015 14:55,-40.28,58.01,V2104_009
24/02/2015 02:56,-40.68,59.38,V2104_009
24/02/2015 14:56,-40.69,60.02,V2104_009
25/02/2015 03:09,-43.84,65.66,V2104_009
25/02/2015 15:13,-44.98,64.67,V2104_009
26/02/2015 02:52,-39.88,54.95,V2104_009
26/02/2015 14:46,-38.27,59.65,V2104_009
27/02/2015 02:49,-39.17,62.18,V2104_009
27/02/2015 14:57,-40.94,59.15,V2104_009
28/02/2015 02:53,-40.21,58.06,V2104_009
28/02/2015 14:53,-40.24,58.88,V2104_009
01/03/2015 02:59,-41.51,62.67,V2104_009
01/03/2015 14:57,-41.03,64.5,V2104_009
02/03/2015 02:50,-39.56,62.08,V2104_009
02/03/2015 14:54,-40.46,60.77,V2104_009
03/03/2015 02:53,-40.23,61.04,V2104_009
03/03/2015 14:49,-39.38,64.23,V2104_009
04/03/2015 02:49,-39.29,64.9,V2104_009
04/03/2015 14:58,-41.56,59.59,V2104_009
05/03/2015 02:55,-40.84,58.02,V2104_009
05/03/2015 14:52,-40.24,61.51,V2104_009
06/03/2015 02:51,-40.02,61.89,V2104_009
06/03/2015 14:38,-36.8,71.23,V2104_009
07/03/2015 02:33,-35.45,69.59,V2104_009
07/03/2015 14:44,-38.36,62.28,V2104_009
08/03/2015 02:43,-38.01,62.27,V2104_009
08/03/2015 14:48,-39.29,57.65,V2104_009
09/03/2015 02:45,-38.57,54.62,V2104_009
09/03/2015 14:46,-38.98,53.83,V2104_009
10/03/2015 02:43,-38.14,47.92,V2104_009
10/03/2015 14:41,-37.79,54.17,V2104_009
11/03/2015 02:50,-40.08,71.15,V2104_009
11/03/2015 14:33,-35.73,81.72,V2104_009
12/03/2015 02:20,-32.52,78.74,V2104_009
12/03/2015 14:14,-30.92,83.01,V2104_009
13/03/2015 02:14,-30.96,84.69,V2104_009
13/03/2015 14:40,-37.62,54.36,V2104_009
14/03/2015 02:37,-36.9,39.94,V2104_009
14/03/2015 14:39,-37.56,23.95,V2104_009
15/03/2015 02:40,-37.85,80.55,V2104_009
15/03/2015 14:40,-37.76,90,V2104_009
16/03/2015 02:42,-38.29,90,V2104_009
16/03/2015 14:40,-37.95,90,V2104_009
17/03/2015 02:46,-39.36,90,V2104_009
17/03/2015 14:50,-40.4,90,V2104_009
18/03/2015 02:42,-38.56,90,V2104_009
18/03/2015 14:43,-38.84,90,V2104_009
19/03/2015 02:43,-38.76,90,V2104_009
19/03/2015 14:34,-36.54,90,V2104_009
20/03/2015 02:34,-36.58,90,V2104_009
20/03/2015 14:57,-42.24,64.88,V2104_009
21/03/2015 03:00,-43.15,-59.08,V2104_009
21/03/2015 14:57,-42.32,-53.87,V2104_009
22/03/2015 02:46,-39.73,-71.48,V2104_009
22/03/2015 14:52,-41.27,67.05,V2104_009
23/03/2015 03:02,-43.93,53.5,V2104_009
23/03/2015 14:56,-42.22,-64.79,V2104_009
24/03/2015 02:52,-41.38,42.03,V2104_009
24/03/2015 14:58,-42.92,52.44,V2104_009
25/03/2015 02:49,-40.83,60.89,V2104_009
25/03/2015 14:55,-42.24,63.92,V2104_009
26/03/2015 02:59,-43.28,59.76,V2104_009
26/03/2015 14:58,-43.07,57.7,V2104_009
27/03/2015 02:59,-43.23,56.05,V2104_009
27/03/2015 14:57,-42.77,52.79,V2104_009
28/03/2015 02:47,-40.43,60.15,V2104_009
28/03/2015 14:51,-41.59,62.1,V2104_009
29/03/2015 02:55,-42.51,58.94,V2104_009
29/03/2015 14:56,-42.67,58.37,V2104_009
30/03/2015 03:00,-43.96,53.49,V2104_009
30/03/2015 14:54,-42.24,45.04,V2104_009
31/03/2015 02:39,-38.66,57.5,V2104_009
31/03/2015 14:41,-39.32,58.28,V2104_009
01/04/2015 02:43,-39.86,56.2,V2104_009
01/04/2015 14:43,-39.77,55.06,V2104_009
02/04/2015 02:46,-40.55,52.03,V2104_009
02/04/2015 14:46,-40.72,51.64,V2104_009
03/04/2015 02:49,-41.38,48.79,V2104_009
03/04/2015 14:48,-41.17,47.12,V2104_009
04/04/2015 02:37,-38.33,54.95,V2104_009
04/04/2015 14:34,-37.74,52.68,V2104_009
05/04/2015 02:31,-36.9,54.22,V2104_009
05/04/2015 14:41,-39.69,59.22,V2104_009
06/04/2015 02:52,-42.35,53.2,V2104_009
06/04/2015 14:52,-42.38,52.57,V2104_009
07/04/2015 02:44,-40.42,56.32,V2104_009
07/04/2015 14:49,-41.58,57.81,V2104_009
08/04/2015 02:37,-38.74,61.64,V2104_009
08/04/2015 14:34,-37.9,59.94,V2104_009
09/04/2015 02:37,-38.81,58.1,V2104_009
09/04/2015 14:44,-40.59,60.18,V2104_009
10/04/2015 02:40,-39.75,60.87,V2104_009
10/04/2015 14:35,-38.28,58.34,V2104_009
11/04/2015 02:23,-35.57,61.5,V2104_009
11/04/2015 14:23,-35.47,60.92,V2104_009
12/04/2015 02:26,-36.38,59.39,V2104_009
12/04/2015 14:32,-37.66,60.51,V2104_009
13/04/2015 02:34,-38.2,59.48,V2104_009
13/04/2015 14:38,-39.48,60.55,V2104_009
14/04/2015 02:42,-40.51,58.95,V2104_009
14/04/2015 14:46,-41.42,59.59,V2104_009
15/04/2015 02:45,-41.2,59.49,V2104_009
15/04/2015 14:40,-40.1,57.74,V2104_009
16/04/2015 02:45,-41.13,56.01,V2104_009
16/04/2015 14:46,-41.41,55.95,V2104_009
17/04/2015 02:25,-36.19,61.51,V2104_009
17/04/2015 14:37,-39.22,63.7,V2104_009
18/04/2015 02:41,-40.5,62.37,V2104_009
18/04/2015 14:38,-39.53,61.17,V2104_009
19/04/2015 02:33,-38.43,61.83,V2104_009
19/04/2015 14:39,-39.96,62.72,V2104_009
20/04/2015 02:39,-39.98,62.41,V2104_009
20/04/2015 14:45,-41.51,63.23,V2104_009
21/04/2015 02:35,-38.91,64.7,V2104_009
21/04/2015 14:36,-39.31,64.65,V2104_009
22/04/2015 02:37,-39.59,64.22,V2104_009
22/04/2015 14:38,-39.74,64.02,V2104_009
23/04/2015 02:36,-39.39,63.99,V2104_009
23/04/2015 14:39,-40.16,64.18,V2104_009
24/04/2015 02:41,-40.68,63.61,V2104_009
24/04/2015 14:39,-40.21,63.03,V2104_009
25/04/2015 02:41,-40.73,62.44,V2104_009
25/04/2015 14:40,-40.5,62.01,V2104_009
26/04/2015 02:47,-42.15,60.59,V2104_009
26/04/2015 14:43,-41.29,59.65,V2104_009
27/04/2015 02:37,-39.81,60.53,V2104_009
27/04/2015 14:44,-41.71,61.57,V2104_009
28/04/2015 02:39,-40.48,62.13,V2104_009
28/04/2015 14:46,-42.12,62.86,V2104_009
29/04/2015 02:36,-39.51,64.04,V2104_009
29/04/2015 14:36,-39.53,63.82,V2104_009
30/04/2015 02:39,-40.42,63.14,V2104_009
30/04/2015 14:35,-39.31,62.3,V2104_009
01/05/2015 02:32,-38.7,62.43,V2104_009
01/05/2015 14:33,-38.84,62.28,V2104_009
02/05/2015 02:42,-41.36,60.57,V2104_009
02/05/2015 14:44,-41.75,60.59,V2104_009
03/05/2015 02:34,-39.14,61.91,V2104_009
03/05/2015 14:26,-37.15,60.54,V2104_009
04/05/2015 02:38,-40.16,58.34,V2104_009
04/05/2015 14:50,-43.42,60.26,V2104_009
05/05/2015 02:36,-39.69,62.15,V2104_009
05/05/2015 14:40,-40.95,62.57,V2104_009
06/05/2015 02:43,-41.71,62,V2104_009
06/05/2015 14:49,-42.97,62.42,V2104_009
07/05/2015 02:35,-39.6,63.72,V2104_009
07/05/2015 14:33,-39.11,63.33,V2104_009
08/05/2015 02:38,-40.24,62.67,V2104_009
08/05/2015 14:49,-43.12,63.68,V2104_009
09/05/2015 02:45,-42.13,63.9,V2104_009
09/05/2015 14:34,-39.39,62.64,V2104_009
10/05/2015 02:29,-38.02,63.03,V2104_009
10/05/2015 14:35,-39.65,63.5,V2104_009
11/05/2015 02:32,-38.9,63.61,V2104_009
11/05/2015 14:39,-40.78,64.1,V2104_009
12/05/2015 02:50,-43.53,62.97,V2104_009
12/05/2015 14:34,-39.28,61.02,V2104_009
13/05/2015 02:25,-37.16,61.8,V2104_009
13/05/2015 14:45,-42.04,63.5,V2104_009
14/05/2015 02:32,-38.91,64.35,V2104_009
14/05/2015 14:24,-37.04,63.62,V2104_009
15/05/2015 02:36,-39.91,62.48,V2104_009
15/05/2015 14:43,-41.66,62.96,V2104_009
16/05/2015 02:37,-40.16,63.32,V2104_009
16/05/2015 14:38,-40.53,63.3,V2104_009
17/05/2015 02:29,-38.03,63.92,V2104_009
17/05/2015 14:26,-37.4,63.61,V2104_009
18/05/2015 02:26,-37.4,63.48,V2104_009
18/05/2015 14:31,-38.64,63.72,V2104_009
19/05/2015 02:42,-41.39,62.77,V2104_009
19/05/2015 14:40,-41.01,62.52,V2104_009
20/05/2015 02:36,-39.75,62.79,V2104_009
20/05/2015 14:30,-38.37,62.23,V2104_009
21/05/2015 02:39,-40.61,61.33,V2104_009
21/05/2015 14:28,-37.98,60.2,V2104_009
22/05/2015 02:41,-41.22,58.64,V2104_009
22/05/2015 15:17,-50.09,62,V2104_009
23/05/2015 03:20,-50.7,61.68,V2104_009
23/05/2015 15:45,-57.07,63.41,V2104_009
02/09/2013 05:02,-75.57,77.34,V1282_006
02/09/2013 16:43,-70.86,76.85,V1282_006
03/09/2013 04:52,-73.15,76.69,V1282_006
03/09/2013 16:42,-70.69,76.45,V1282_006
04/09/2013 04:18,-64.73,77.7,V1282_006
04/09/2013 15:42,-55.64,76.26,V1282_006
05/09/2013 04:10,-62.94,74.57,V1282_006
05/09/2013 16:52,-73.23,77.39,V1282_006
06/09/2013 04:46,-71.9,77.88,V1282_006
06/09/2013 16:28,-67.44,77.26,V1282_006
07/09/2013 04:30,-68.11,77.39,V1282_006
07/09/2013 16:30,-68.02,77.62,V1282_006
08/09/2013 04:54,-74.19,76.39,V1282_006
08/09/2013 16:45,-71.86,75.97,V1282_006
09/09/2013 04:35,-69.4,77.01,V1282_006
09/09/2013 16:15,-64.45,75.74,V1282_006
10/09/2013 04:23,-66.49,75.32,V1282_006
10/09/2013 15:44,-56.78,70.15,V1282_006
11/09/2013 03:56,-59.95,67.76,V1282_006
11/09/2013 15:51,-58.62,66.76,V1282_006
12/09/2013 03:45,-57.16,68.94,V1282_006
12/09/2013 15:37,-55.21,67.29,V1282_006
13/09/2013 03:42,-56.38,66.46,V1282_006
13/09/2013 15:39,-55.8,66.23,V1282_006
14/09/2013 03:40,-56.09,66.53,V1282_006
14/09/2013 15:39,-55.76,66.65,V1282_006
15/09/2013 03:39,-55.93,67.15,V1282_006
15/09/2013 15:39,-55.85,67.67,V1282_006
16/09/2013 03:48,-58.27,64.45,V1282_006
16/09/2013 15:35,-55.06,56.95,V1282_006
17/09/2013 03:31,-54.23,-85.51,V1282_006
17/09/2013 15:32,-54.4,61.99,V1282_006
18/09/2013 03:30,-54.07,63.92,V1282_006
18/09/2013 15:40,-56.37,69.22,V1282_006
19/09/2013 03:38,-55.91,70.79,V1282_006
19/09/2013 15:29,-53.83,68.15,V1282_006
20/09/2013 03:36,-55.5,-78.15,V1282_006
20/09/2013 15:39,-56.42,68.66,V1282_006
21/09/2013 03:39,-56.47,-76.98,V1282_006
21/09/2013 15:39,-56.38,70.51,V1282_006
22/09/2013 03:46,-58.43,-70.83,V1282_006
22/09/2013 15:35,-55.6,56.05,V1282_006
23/09/2013 03:34,-55.39,59.64,V1282_006
23/09/2013 15:41,-57.19,68.75,V1282_006
24/09/2013 03:45,-58.35,66.51,V1282_006
24/09/2013 15:45,-58.15,67.36,V1282_006
25/09/2013 03:42,-57.57,71.36,V1282_006
25/09/2013 15:41,-57.23,72.01,V1282_006
26/09/2013 03:42,-57.53,73.15,V1282_006
26/09/2013 15:33,-55.44,-24.98,V1282_006
27/09/2013 03:41,-57.49,90,V1282_006
27/09/2013 15:40,-57.15,90,V1282_006
28/09/2013 03:43,-57.95,90,V1282_006
28/09/2013 15:40,-57.24,90,V1282_006
29/09/2013 03:39,-57.15,90,V1282_006
29/09/2013 15:37,-56.82,90,V1282_006
30/09/2013 03:40,-57.49,90,V1282_006
30/09/2013 15:39,-57.15,88.44,V1282_006
01/10/2013 03:37,-56.82,78.05,V1282_006
01/10/2013 15:34,-55.98,77.86,V1282_006
02/10/2013 03:30,-55.27,67.47,V1282_006
02/10/2013 15:30,-55.31,63.18,V1282_006
03/10/2013 03:31,-55.48,60.76,V1282_006
03/10/2013 15:34,-56.27,49.03,V1282_006
04/10/2013 03:40,-57.81,61.19,V1282_006
04/10/2013 15:35,-56.59,66.46,V1282_006
05/10/2013 03:39,-57.51,68.27,V1282_006
05/10/2013 15:36,-56.79,69.2,V1282_006
06/10/2013 03:37,-57.21,68.78,V1282_006
06/10/2013 15:30,-55.49,71.97,V1282_006
07/10/2013 03:27,-54.9,69.15,V1282_006
07/10/2013 15:34,-56.44,62.92,V1282_006
08/10/2013 03:45,-59.47,70.19,V1282_006
08/10/2013 15:43,-58.88,70.37,V1282_006
09/10/2013 03:42,-58.54,68.54,V1282_006
09/10/2013 15:38,-57.83,69.07,V1282_006
10/10/2013 03:41,-58.36,69.06,V1282_006
10/10/2013 15:40,-58.27,68.36,V1282_006
11/10/2013 03:44,-59.18,69.04,V1282_006
11/10/2013 15:45,-59.58,67.52,V1282_006
12/10/2013 03:45,-59.74,66.91,V1282_006
12/10/2013 15:50,-60.9,63.76,V1282_006
13/10/2013 03:45,-59.68,59.78,V1282_006
13/10/2013 15:38,-57.96,63.19,V1282_006
14/10/2013 03:36,-57.49,61.26,V1282_006
14/10/2013 15:35,-57.26,61.04,V1282_006
15/10/2013 03:41,-58.67,63.17,V1282_006
15/10/2013 15:43,-59.2,61.43,V1282_006
16/10/2013 03:43,-59.22,60.7,V1282_006
16/10/2013 15:42,-59.12,60.26,V1282_006
17/10/2013 03:44,-59.65,60.6,V1282_006
17/10/2013 15:37,-57.8,63.38,V1282_006
18/10/2013 03:41,-58.82,64.33,V1282_006
18/10/2013 15:41,-58.97,63.56,V1282_006
19/10/2013 03:50,-61.37,66.24,V1282_006
19/10/2013 15:48,-60.77,66.47,V1282_006
20/10/2013 03:43,-59.54,64.39,V1282_006
20/10/2013 15:43,-59.56,63.87,V1282_006
21/10/2013 03:39,-58.58,61.91,V1282_006
21/10/2013 15:41,-59.1,60.6,V1282_006
22/10/2013 03:45,-60.25,61.79,V1282_006
22/10/2013 15:47,-60.64,60.73,V1282_006
23/10/2013 03:52,-62.03,62.2,V1282_006
23/10/2013 15:49,-61.18,62.88,V1282_006
24/10/2013 03:51,-61.69,63.04,V1282_006
24/10/2013 15:49,-61.33,63.05,V1282_006
25/10/2013 03:54,-62.6,64.04,V1282_006
25/10/2013 15:46,-60.49,65.78,V1282_006
26/10/2013 03:41,-59.25,64.16,V1282_006
26/10/2013 15:40,-59.01,64.02,V1282_006
27/10/2013 03:41,-59.15,63.76,V1282_006
27/10/2013 15:40,-59.03,63.5,V1282_006
28/10/2013 03:35,-57.92,61.91,V1282_006
28/10/2013 15:34,-57.55,61.94,V1282_006
29/10/2013 03:44,-60.06,64.1,V1282_006
29/10/2013 15:45,-60.32,63.51,V1282_006
30/10/2013 03:48,-61.08,63.86,V1282_006
30/10/2013 15:40,-59.08,65.24,V1282_006
31/10/2013 03:42,-59.46,65.21,V1282_006
31/10/2013 15:34,-57.72,66.21,V1282_006
01/11/2013 03:34,-57.72,65.91,V1282_006
01/11/2013 15:44,-60.1,63.76,V1282_006
02/11/2013 03:41,-59.23,62.68,V1282_006
02/11/2013 15:39,-58.85,62.71,V1282_006
03/11/2013 03:49,-61.36,64.45,V1282_006
03/11/2013 15:49,-61.35,64.16,V1282_006
04/11/2013 03:47,-60.98,63.58,V1282_006
04/11/2013 15:44,-59.98,64.07,V1282_006
05/11/2013 03:48,-61.1,64.6,V1282_006
05/11/2013 15:50,-61.72,63.89,V1282_006
06/11/2013 03:48,-61.21,63.25,V1282_006
06/11/2013 15:46,-60.71,63.36,V1282_006
07/11/2013 03:46,-60.7,63.09,V1282_006
07/11/2013 15:46,-60.7,62.84,V1282_006
08/11/2013 03:51,-61.81,63.4,V1282_006
08/11/2013 15:44,-59.93,64.42,V1282_006
09/11/2013 03:40,-59.04,63.61,V1282_006
09/11/2013 15:41,-59.28,63.2,V1282_006
10/11/2013 03:44,-60.02,63.47,V1282_006
10/11/2013 15:43,-59.63,63.49,V1282_006
11/11/2013 03:42,-59.37,63.1,V1282_006
11/11/2013 15:42,-59.36,62.87,V1282_006
12/11/2013 03:41,-59.09,62.48,V1282_006
12/11/2013 15:43,-59.7,61.82,V1282_006
13/11/2013 03:51,-61.68,62.96,V1282_006
13/11/2013 15:49,-61.16,63.07,V1282_006
14/11/2013 03:49,-61.14,62.86,V1282_006
14/11/2013 15:45,-60.13,63.28,V1282_006
15/11/2013 03:47,-60.6,63.38,V1282_006
15/11/2013 15:52,-61.96,62.34,V1282_006
16/11/2013 03:50,-61.31,61.74,V1282_006
16/11/2013 15:47,-60.66,61.95,V1282_006
17/11/2013 03:53,-62.01,62.62,V1282_006
17/11/2013 15:48,-60.74,63.17,V1282_006
18/11/2013 03:50,-61.34,63.34,V1282_006
18/11/2013 15:51,-61.56,63.02,V1282_006
19/11/2013 03:54,-62.16,63.2,V1282_006
19/11/2013 15:56,-62.5,62.82,V1282_006
20/11/2013 03:54,-62.1,62.44,V1282_006
20/11/2013 15:50,-61.2,62.77,V1282_006
21/11/2013 03:51,-61.29,62.68,V1282_006
21/11/2013 15:50,-61.01,62.66,V1282_006
22/11/2013 03:46,-60.1,62.02,V1282_006
22/11/2013 15:48,-60.44,61.65,V1282_006
23/11/2013 03:51,-61.16,61.92,V1282_006
23/11/2013 15:47,-60.12,62.33,V1282_006
24/11/2013 03:56,-62.34,63.33,V1282_006
24/11/2013 15:51,-61.05,63.79,V1282_006
25/11/2013 03:43,-59.01,62.69,V1282_006
25/11/2013 15:41,-58.35,62.87,V1282_006
26/11/2013 03:44,-59.19,63.16,V1282_006
26/11/2013 15:56,-62.27,61.43,V1282_006
27/11/2013 03:47,-59.98,59.99,V1282_006
27/11/2013 15:41,-58.31,60.83,V1282_006
28/11/2013 03:56,-62.02,62.67,V1282_006
28/11/2013 15:55,-61.6,62.73,V1282_006
29/11/2013 03:48,-59.94,61.81,V1282_006
29/11/2013 15:49,-60.27,61.51,V1282_006
30/11/2013 03:49,-60.22,61.39,V1282_006
30/11/2013 15:43,-58.43,62.17,V1282_006
01/12/2013 03:42,-58.13,61.94,V1282_006
01/12/2013 15:47,-59.46,61.14,V1282_006
02/12/2013 03:46,-59.16,60.91,V1282_006
02/12/2013 15:38,-57.24,61.76,V1282_006
03/12/2013 03:46,-59.06,62.54,V1282_006
03/12/2013 15:52,-60.51,61.75,V1282_006
04/12/2013 03:52,-60.46,61.66,V1282_006
04/12/2013 15:52,-60.41,61.58,V1282_006
05/12/2013 03:57,-61.61,62.08,V1282_006
05/12/2013 15:52,-60.31,62.56,V1282_006
06/12/2013 03:49,-59.63,62.2,V1282_006
06/12/2013 15:44,-58.08,62.78,V1282_006
07/12/2013 03:44,-58.03,62.7,V1282_006
07/12/2013 15:49,-59.47,61.98,V1282_006
08/12/2013 03:58,-61.42,62.77,V1282_006
08/12/2013 15:57,-61.24,62.76,V1282_006
09/12/2013 03:54,-60.43,62.38,V1282_006
09/12/2013 15:55,-60.5,62.27,V1282_006
10/12/2013 03:54,-60.32,62.16,V1282_006
10/12/2013 15:49,-59.01,62.63,V1282_006
11/12/2013 03:52,-59.7,62.87,V1282_006
11/12/2013 15:51,-59.4,62.92,V1282_006
12/12/2013 03:57,-60.71,63.4,V1282_006
12/12/2013 15:54,-60.03,63.58,V1282_006
13/12/2013 04:01,-61.6,64.1,V1282_006
13/12/2013 16:03,-62.16,63.85,V1282_006
14/12/2013 03:57,-60.48,63.23,V1282_006
14/12/2013 15:52,-59.17,63.65,V1282_006
15/12/2013 03:49,-58.61,63.44,V1282_006
15/12/2013 15:47,-58.05,63.59,V1282_006
16/12/2013 03:51,-58.99,63.9,V1282_006
16/12/2013 15:51,-58.93,63.88,V1282_006
17/12/2013 03:52,-58.99,63.9,V1282_006
17/12/2013 15:51,-58.68,63.96,V1282_006
18/12/2013 03:36,-54.99,62.64,V1282_006
18/12/2013 15:41,-56.06,62.18,V1282_006
19/12/2013 03:50,-58.37,63.08,V1282_006
19/12/2013 15:43,-56.43,63.74,V1282_006
20/12/2013 03:44,-56.5,63.77,V1282_006
20/12/2013 15:57,-59.93,62.49,V1282_006
21/12/2013 03:56,-59.37,62.28,V1282_006
21/12/2013 15:45,-56.69,63.28,V1282_006
22/12/2013 03:46,-57,63.41,V1282_006
22/12/2013 15:55,-58.93,62.68,V1282_006
23/12/2013 03:48,-57.37,62.09,V1282_006
23/12/2013 15:48,-57.19,62.15,V1282_006
24/12/2013 03:41,-55.37,61.42,V1282_006
24/12/2013 15:39,-54.69,61.7,V1282_006
25/12/2013 03:42,-55.38,62.03,V1282_006
25/12/2013 15:41,-55.06,62.16,V1282_006
26/12/2013 03:40,-54.88,62.12,V1282_006
26/12/2013 15:35,-53.57,62.65,V1282_006
27/12/2013 03:29,-52,62.07,V1282_006
27/12/2013 15:38,-54.07,61.17,V1282_006
28/12/2013 03:43,-55.38,61.81,V1282_006
28/12/2013 15:33,-52.82,62.86,V1282_006
29/12/2013 03:28,-51.63,62.45,V1282_006
29/12/2013 15:36,-53.45,61.7,V1282_006
30/12/2013 03:27,-51.26,60.77,V1282_006
30/12/2013 15:26,-50.83,60.99,V1282_006
31/12/2013 03:28,-51.27,61.27,V1282_006
31/12/2013 15:27,-50.96,61.43,V1282_006
01/01/2014 03:44,-55.15,63.25,V1282_006
01/01/2014 15:34,-52.47,64.24,V1282_006
02/01/2014 03:11,-46.78,62.15,V1282_006
02/01/2014 15:21,-49.22,61.07,V1282_006
03/01/2014 03:22,-49.42,61.25,V1282_006
03/01/2014 15:20,-48.86,61.55,V1282_006
04/01/2014 03:18,-48.18,61.32,V1282_006
04/01/2014 15:19,-48.37,61.27,V1282_006
05/01/2014 03:22,-49.06,61.7,V1282_006
05/01/2014 15:20,-48.63,61.94,V1282_006
06/01/2014 03:19,-48.2,61.85,V1282_006
06/01/2014 15:24,-49.65,61.21,V1282_006
07/01/2014 03:31,-51.22,62.07,V1282_006
07/01/2014 15:17,-47.67,63.63,V1282_006
08/01/2014 03:31,-50.99,64.94,V1282_006
08/01/2014 15:42,-53.68,64.04,V1282_006
09/01/2014 03:24,-49.26,62.3,V1282_006
09/01/2014 15:28,-50.33,61.87,V1282_006
10/01/2014 03:30,-50.65,62.14,V1282_006
10/01/2014 15:22,-48.6,63.14,V1282_006
11/01/2014 03:19,-47.68,62.86,V1282_006
11/01/2014 15:27,-49.88,61.91,V1282_006
12/01/2014 03:31,-50.58,62.38,V1282_006
12/01/2014 15:33,-51.03,62.25,V1282_006
13/01/2014 03:29,-50.24,61.99,V1282_006
13/01/2014 15:40,-52.81,60.71,V1282_006
14/01/2014 03:42,-53.27,61.11,V1282_006
14/01/2014 15:36,-51.6,62.1,V1282_006
15/01/2014 03:40,-52.55,62.72,V1282_006
15/01/2014 15:32,-50.76,63.66,V1282_006
16/01/2014 03:39,-52.34,64.48,V1282_006
16/01/2014 15:43,-53.3,64.19,V1282_006
17/01/2014 03:31,-50.26,62.93,V1282_006
17/01/2014 15:26,-49.09,63.61,V1282_006
18/01/2014 03:29,-49.67,64.03,V1282_006
18/01/2014 15:36,-51.38,63.35,V1282_006
19/01/2014 03:21,-47.6,61.49,V1282_006
19/01/2014 15:23,-48.06,61.35,V1282_006
20/01/2014 03:34,-50.89,63.1,V1282_006
20/01/2014 15:35,-50.98,63.19,V1282_006
21/01/2014 03:40,-52.07,63.91,V1282_006
21/01/2014 15:40,-52.16,64.01,V1282_006
22/01/2014 03:42,-52.63,64.41,V1282_006
22/01/2014 15:40,-51.97,64.86,V1282_006
23/01/2014 03:28,-49.06,63.61,V1282_006
23/01/2014 15:33,-50.28,63.1,V1282_006
24/01/2014 03:18,-46.5,60.99,V1282_006
24/01/2014 15:15,-45.59,61.74,V1282_006
25/01/2014 03:15,-45.57,61.93,V1282_006
25/01/2014 15:22,-47.41,60.88,V1282_006
26/01/2014 03:17,-46.13,60.17,V1282_006
26/01/2014 15:12,-44.98,61.19,V1282_006
27/01/2014 03:17,-46.08,62.15,V1282_006
27/01/2014 15:18,-46.18,62.27,V1282_006
28/01/2014 03:08,-43.78,60.83,V1282_006
28/01/2014 14:59,-41.51,62.6,V1282_006
29/01/2014 03:09,-43.99,64.35,V1282_006
29/01/2014 15:26,-48.21,61.85,V1282_006
30/01/2014 03:20,-46.57,60.87,V1282_006
30/01/2014 15:19,-46.42,61.2,V1282_006
31/01/2014 03:20,-46.65,61.63,V1282_006
31/01/2014 15:20,-46.63,61.86,V1282_006
01/02/2014 03:25,-47.99,63.09,V1282_006
01/02/2014 15:28,-48.73,62.81,V1282_006
02/02/2014 03:26,-48.08,62.6,V1282_006
02/02/2014 15:27,-48.44,62.57,V1282_006
03/02/2014 03:34,-50.18,64.07,V1282_006
03/02/2014 15:42,-52.04,63,V1282_006
04/02/2014 03:43,-52.28,63.44,V1282_006
04/02/2014 15:42,-52.02,63.89,V1282_006
05/02/2014 03:35,-50.26,62.84,V1282_006
05/02/2014 15:42,-52,61.67,V1282_006
06/02/2014 03:41,-51.74,61.74,V1282_006
06/02/2014 15:37,-50.85,62.78,V1282_006
07/02/2014 03:40,-51.47,63.58,V1282_006
07/02/2014 15:40,-51.47,63.87,V1282_006
08/02/2014 03:33,-49.83,62.83,V1282_006
08/02/2014 15:36,-50.58,62.48,V1282_006
09/02/2014 03:35,-50.33,62.57,V1282_006
09/02/2014 15:35,-50.32,62.9,V1282_006
10/02/2014 03:35,-50.2,63.11,V1282_006
10/02/2014 15:38,-50.94,62.75,V1282_006
11/02/2014 03:40,-51.44,63.56,V1282_006
11/02/2014 15:41,-51.57,63.79,V1282_006
12/02/2014 03:34,-50.07,62.71,V1282_006
12/02/2014 15:35,-50.32,62.82,V1282_006
13/02/2014 03:44,-52.45,65.16,V1282_006
13/02/2014 15:47,-53.2,64.86,V1282_006
14/02/2014 03:47,-53.33,65.34,V1282_006
14/02/2014 15:47,-53.33,65.71,V1282_006
15/02/2014 03:44,-52.34,65.18,V1282_006
15/02/2014 15:53,-54.85,63.04,V1282_006
16/02/2014 03:50,-53.98,62.45,V1282_006
16/02/2014 15:45,-52.86,64.14,V1282_006
17/02/2014 03:42,-51.99,63.6,V1282_006
17/02/2014 15:45,-52.75,63.17,V1282_006
18/02/2014 03:43,-52.14,62.86,V1282_006
18/02/2014 15:40,-51.4,64.22,V1282_006
19/02/2014 03:42,-51.91,65.25,V1282_006
19/02/2014 15:48,-53.67,63.66,V1282_006
20/02/2014 03:47,-53.31,63.67,V1282_006
20/02/2014 15:46,-53.07,64.49,V1282_006
21/02/2014 03:37,-50.84,61.89,V1282_006
21/02/2014 15:39,-51.23,61.86,V1282_006
22/02/2014 03:39,-51.37,62.63,V1282_006
22/02/2014 15:42,-52.13,62.02,V1282_006
23/02/2014 03:39,-51.4,61.34,V1282_006
23/02/2014 15:38,-51.17,62.39,V1282_006
24/02/2014 03:36,-50.68,62.15,V1282_006
24/02/2014 15:36,-50.83,62.58,V1282_006
25/02/2014 03:29,-49.1,59.84,V1282_006
25/02/2014 15:26,-48.37,62.08,V1282_006
26/02/2014 03:28,-48.76,63.5,V1282_006
26/02/2014 15:21,-47.03,67.03,V1282_006
27/02/2014 03:18,-46.3,66.59,V1282_006
27/02/2014 15:16,-45.82,68.03,V1282_006
28/02/2014 03:04,-42.85,63.58,V1282_006
28/02/2014 15:06,-43.37,63.34,V1282_006
01/03/2014 03:03,-42.64,62.48,V1282_006
01/03/2014 15:04,-42.92,62.79,V1282_006
02/03/2014 02:57,-41.19,58.81,V1282_006
02/03/2014 14:53,-40.09,63.11,V1282_006
03/03/2014 02:49,-39.37,62.07,V1282_006
03/03/2014 14:46,-38.64,65.17,V1282_006
04/03/2014 02:43,-37.92,64.27,V1282_006
04/03/2014 14:46,-38.45,63.99,V1282_006
05/03/2014 02:46,-38.6,65.58,V1282_006
05/03/2014 14:47,-38.75,66.48,V1282_006
06/03/2014 02:42,-37.78,64.69,V1282_006
06/03/2014 14:44,-38.19,64.83,V1282_006
07/03/2014 02:44,-38.22,66.37,V1282_006
07/03/2014 14:46,-38.75,66.18,V1282_006
08/03/2014 02:41,-37.53,62.33,V1282_006
08/03/2014 14:43,-38.06,61.58,V1282_006
09/03/2014 02:46,-38.84,67.78,V1282_006
09/03/2014 14:49,-39.62,66.33,V1282_006
10/03/2014 02:45,-38.78,63.29,V1282_006
10/03/2014 14:46,-39.06,64.51,V1282_006
11/03/2014 02:45,-38.84,66.03,V1282_006
11/03/2014 14:49,-39.75,60.57,V1282_006
12/03/2014 02:43,-38.28,35.92,V1282_006
12/03/2014 14:43,-38.31,39.67,V1282_006
13/03/2014 02:53,-40.72,89.73,V1282_006
13/03/2014 14:56,-41.51,90,V1282_006
14/03/2014 02:55,-41.29,90,V1282_006
14/03/2014 14:43,-38.45,77.45,V1282_006
15/03/2014 02:33,-35.86,90,V1282_006
15/03/2014 14:49,-39.9,72.62,V1282_006
16/03/2014 02:46,-39.31,72.6,V1282_006
16/03/2014 14:42,-38.34,60.69,V1282_006
17/03/2014 02:46,-39.25,90,V1282_006
17/03/2014 14:40,-37.91,90,V1282_006
18/03/2014 02:47,-39.57,90,V1282_006
18/03/2014 14:54,-41.36,90,V1282_006
19/03/2014 02:47,-39.65,90,V1282_006
19/03/2014 14:55,-41.68,57.16,V1282_006
20/03/2014 02:55,-41.72,-49.34,V1282_006
20/03/2014 14:54,-41.51,49.92,V1282_006
21/03/2014 02:48,-40.05,59.1,V1282_006
21/03/2014 14:53,-41.33,63.14,V1282_006
22/03/2014 02:50,-40.87,-71.68,V1282_006
22/03/2014 14:45,-39.66,56.68,V1282_006
23/03/2014 02:44,-39.44,56.42,V1282_006
23/03/2014 14:50,-40.98,61.28,V1282_006
24/03/2014 02:49,-40.64,61.32,V1282_006
24/03/2014 14:50,-40.93,60.96,V1282_006
25/03/2014 02:49,-40.85,60.22,V1282_006
25/03/2014 14:49,-40.88,59.11,V1282_006
26/03/2014 02:49,-40.67,58.85,V1282_006
26/03/2014 14:51,-41.21,59.36,V1282_006
27/03/2014 02:45,-39.87,62.08,V1282_006
27/03/2014 14:42,-39.28,59.57,V1282_006
28/03/2014 02:55,-42.32,47.34,V1282_006
28/03/2014 14:58,-43.24,50.35,V1282_006
29/03/2014 02:52,-41.77,54.94,V1282_006
29/03/2014 14:48,-40.81,50.44,V1282_006
30/03/2014 02:46,-40.35,51.41,V1282_006
30/03/2014 14:49,-41.14,53.09,V1282_006
31/03/2014 02:45,-40.05,55.61,V1282_006
31/03/2014 14:45,-40.21,55.16,V1282_006
01/04/2014 02:46,-40.5,53.69,V1282_006
01/04/2014 14:54,-42.41,57.66,V1282_006
02/04/2014 02:49,-41.32,59.31,V1282_006
02/04/2014 14:44,-40.23,56.29,V1282_006
03/04/2014 02:44,-40.14,55.9,V1282_006
03/04/2014 14:43,-39.93,54.65,V1282_006
04/04/2014 02:38,-38.84,56.5,V1282_006
04/04/2014 14:42,-39.75,57.62,V1282_006
05/04/2014 02:38,-38.91,58.63,V1282_006
05/04/2014 14:40,-39.33,58.7,V1282_006
06/04/2014 02:44,-40.49,56.1,V1282_006
06/04/2014 14:44,-40.52,55.53,V1282_006
07/04/2014 02:38,-39.06,57.7,V1282_006
07/04/2014 14:45,-40.84,59.89,V1282_006
08/04/2014 02:49,-41.63,58.27,V1282_006
08/04/2014 14:56,-43.54,60.45,V1282_006
09/04/2014 02:51,-42.32,61.56,V1282_006
09/04/2014 14:48,-41.48,60.02,V1282_006
10/04/2014 02:54,-43.01,57.46,V1282_006
10/04/2014 14:55,-43.3,57.36,V1282_006
11/04/2014 02:48,-41.58,59.33,V1282_006
11/04/2014 14:49,-41.99,59.37,V1282_006
12/04/2014 02:46,-41.4,59.72,V1282_006
12/04/2014 14:44,-40.8,58.53,V1282_006
13/04/2014 02:37,-38.96,60.35,V1282_006
13/04/2014 14:38,-39.37,60.37,V1282_006
14/04/2014 02:43,-40.65,58.54,V1282_006
14/04/2014 14:46,-41.31,58.89,V1282_006
15/04/2014 02:35,-38.71,61.29,V1282_006
15/04/2014 14:38,-39.49,61.64,V1282_006
16/04/2014 02:38,-39.4,61.4,V1282_006
16/04/2014 14:36,-39.05,60.71,V1282_006
17/04/2014 02:38,-39.58,59.87,V1282_006
17/04/2014 14:41,-40.36,60.26,V1282_006
18/04/2014 02:33,-38.26,61.82,V1282_006
18/04/2014 14:35,-38.91,62.01,V1282_006
19/04/2014 02:34,-38.69,61.9,V1282_006
19/04/2014 14:33,-38.34,61.29,V1282_006
20/04/2014 02:31,-37.87,61.39,V1282_006
20/04/2014 14:35,-38.9,61.87,V1282_006
21/04/2014 02:39,-40.17,60.57,V1282_006
21/04/2014 14:35,-38.95,59.19,V1282_006
22/04/2014 02:37,-39.47,58.42,V1282_006
22/04/2014 14:32,-38.37,57.02,V1282_006
23/04/2014 02:32,-38.27,56.84,V1282_006
23/04/2014 14:33,-38.54,56.79,V1282_006
24/04/2014 02:27,-37.19,57.82,V1282_006
24/04/2014 14:35,-39.09,59.17,V1282_006
25/04/2014 02:39,-40.36,57.81,V1282_006
25/04/2014 14:40,-40.63,57.75,V1282_006
26/04/2014 02:27,-37.4,60.12,V1282_006
26/04/2014 14:32,-38.55,60.67,V1282_006
27/04/2014 02:25,-36.69,61.67,V1282_006
27/04/2014 14:29,-37.71,62.04,V1282_006
28/04/2014 02:33,-38.73,61.18,V1282_006
28/04/2014 14:29,-38,60.45,V1282_006
29/04/2014 02:28,-37.64,60.46,V1282_006
29/04/2014 14:25,-36.79,59.63,V1282_006
30/04/2014 02:29,-37.93,58.58,V1282_006
30/04/2014 14:29,-37.82,58.24,V1282_006
01/05/2014 02:35,-39.33,56.82,V1282_006
01/05/2014 14:30,-38.1,55.52,V1282_006
02/05/2014 02:26,-37.36,55.93,V1282_006
02/05/2014 14:40,-40.88,58.41,V1282_006
03/05/2014 02:35,-39.39,59.21,V1282_006
03/05/2014 14:30,-38.28,58.23,V1282_006
04/05/2014 02:25,-37.04,58.87,V1282_006
04/05/2014 14:46,-42.3,61.7,V1282_006
05/05/2014 02:35,-39.44,62.88,V1282_006
05/05/2014 14:16,-34.82,60.38,V1282_006
06/05/2014 02:24,-36.83,59,V1282_006
06/05/2014 14:34,-39.34,60.26,V1282_006
07/05/2014 02:30,-38.35,60.61,V1282_006
07/05/2014 14:30,-38.24,60.36,V1282_006
08/05/2014 02:33,-38.99,59.76,V1282_006
08/05/2014 14:37,-40.13,60.18,V1282_006
09/05/2014 02:35,-39.51,60.33,V1282_006
09/05/2014 14:47,-42.64,61.65,V1282_006
10/05/2014 02:41,-41.14,62.13,V1282_006
10/05/2014 14:36,-39.9,61.42,V1282_006
11/05/2014 02:29,-38.03,62.06,V1282_006
11/05/2014 14:33,-39.03,62.3,V1282_006
12/05/2014 02:43,-41.66,61.04,V1282_006
12/05/2014 14:42,-41.53,60.83,V1282_006
13/05/2014 02:32,-38.91,61.78,V1282_006
13/05/2014 14:28,-37.91,61.22,V1282_006
14/05/2014 02:27,-37.66,61.17,V1282_006
14/05/2014 14:33,-39.04,61.58,V1282_006
15/05/2014 02:28,-37.79,61.91,V1282_006
15/05/2014 14:30,-38.41,62,V1282_006
16/05/2014 02:37,-40.16,61.19,V1282_006
16/05/2014 14:32,-38.91,60.55,V1282_006
17/05/2014 02:22,-36.53,61.35,V1282_006
17/05/2014 14:40,-40.9,62.72,V1282_006
18/05/2014 02:24,-37.02,63.7,V1282_006
18/05/2014 14:26,-37.51,63.71,V1282_006
19/05/2014 02:29,-38.01,63.46,V1282_006
19/05/2014 14:35,-39.5,63.72,V1282_006
20/05/2014 02:27,-37.62,64.05,V1282_006
20/05/2014 14:22,-36.49,63.67,V1282_006
21/05/2014 02:37,-39.98,62.64,V1282_006
21/05/2014 14:32,-38.85,62.2,V1282_006
22/05/2014 02:25,-36.97,62.62,V1282_006
22/05/2014 14:26,-37.33,62.61,V1282_006
03/09/2014 15:11,-48.04,68.19,V1282_006
04/09/2014 03:11,-47.96,68.63,V1282_006
04/09/2014 16:41,-70.5,77.05,V1282_006
05/09/2014 04:31,-68.17,77.69,V1282_006
05/09/2014 16:43,-71.09,78.34,V1282_006
06/09/2014 04:36,-69.38,78.79,V1282_006
06/09/2014 16:24,-66.42,78.61,V1282_006
07/09/2014 04:32,-68.46,78.55,V1282_006
07/09/2014 16:28,-67.5,78.63,V1282_006
08/09/2014 04:38,-70.05,78.47,V1282_006
08/09/2014 16:32,-68.59,78.45,V1282_006
09/09/2014 04:46,-72.14,78.02,V1282_006
09/09/2014 16:22,-66.18,76.8,V1282_006
10/09/2014 04:39,-70.35,75.78,V1282_006
10/09/2014 16:31,-68.51,75.4,V1282_006
11/09/2014 04:35,-69.68,75.3,V1282_006
11/09/2014 16:43,-71.6,76.39,V1282_006
12/09/2014 04:48,-72.9,76.27,V1282_006
12/09/2014 16:21,-66.32,73.43,V1282_006
13/09/2014 04:16,-64.98,74.64,V1282_006
13/09/2014 16:02,-61.53,72.94,V1282_006
14/09/2014 03:58,-60.57,74.07,V1282_006
14/09/2014 15:50,-58.62,73.2,V1282_006
15/09/2014 03:54,-59.66,72.96,V1282_006
15/09/2014 15:48,-58.33,72.38,V1282_006
16/09/2014 03:52,-59.25,72.17,V1282_006
16/09/2014 15:41,-56.54,69.87,V1282_006
17/09/2014 03:33,-54.46,72.77,V1282_006
17/09/2014 15:24,-52.51,71.36,V1282_006
18/09/2014 03:40,-56.43,66.43,V1282_006
18/09/2014 15:34,-54.97,64.12,V1282_006
19/09/2014 03:35,-55.27,64.51,V1282_006
19/09/2014 15:37,-55.94,66.94,V1282_006
20/09/2014 03:41,-56.73,66.29,V1282_006
20/09/2014 15:37,-55.9,65.19,V1282_006
21/09/2014 03:35,-55.44,67.57,V1282_006
21/09/2014 15:34,-55.11,67.82,V1282_006
22/09/2014 03:33,-55.03,69.28,V1282_006
22/09/2014 15:32,-54.83,-72.11,V1282_006
23/09/2014 03:34,-55.37,-69.76,V1282_006
23/09/2014 15:34,-55.41,71.28,V1282_006
24/09/2014 03:43,-57.58,66.62,V1282_006
24/09/2014 15:32,-55.13,52.25,V1282_006
25/09/2014 03:35,-55.8,46.11,V1282_006
25/09/2014 15:40,-56.96,-38.48,V1282_006
26/09/2014 03:43,-57.88,57.87,V1282_006
26/09/2014 15:35,-56.05,90,V1282_006
27/09/2014 03:31,-54.84,57.71,V1282_006
27/09/2014 15:34,-55.76,-22.77,V1282_006
28/09/2014 03:35,-56.18,-14.8,V1282_006
28/09/2014 15:27,-54.22,90,V1282_006
29/09/2014 03:28,-54.51,90,V1282_006
29/09/2014 15:34,-55.93,6.03,V1282_006
30/09/2014 03:38,-56.97,80.24,V1282_006
30/09/2014 15:30,-55.01,90,V1282_006
01/10/2014 03:30,-54.92,75.64,V1282_006
01/10/2014 15:28,-54.59,71.81,V1282_006
02/10/2014 03:30,-55.26,72.08,V1282_006
02/10/2014 15:25,-54.04,75.56,V1282_006
03/10/2014 03:45,-59.09,83.13,V1282_006
03/10/2014 15:51,-60.5,80,V1282_006
04/10/2014 03:42,-58.16,72.44,V1282_006
04/10/2014 15:45,-59.08,66.25,V1282_006
05/10/2014 03:42,-58.36,59.27,V1282_006
05/10/2014 15:34,-56.4,67.81,V1282_006
06/10/2014 03:41,-58.06,71.33,V1282_006
06/10/2014 15:38,-57.35,71.76,V1282_006
07/10/2014 03:44,-58.89,73.53,V1282_006
07/10/2014 15:37,-57.3,75,V1282_006
08/10/2014 03:37,-57.33,74,V1282_006
08/10/2014 15:42,-58.49,71.12,V1282_006
09/10/2014 03:39,-57.9,68.8,V1282_006
09/10/2014 15:28,-55.31,72.48,V1282_006
10/10/2014 03:37,-57.35,74.18,V1282_006
10/10/2014 15:34,-56.75,74.12,V1282_006
11/10/2014 03:32,-56.29,72.81,V1282_006
11/10/2014 15:31,-56.19,72.22,V1282_006
12/10/2014 03:19,-53.1,66.64,V1282_006
12/10/2014 15:24,-54.38,63.07,V1282_006
13/10/2014 03:34,-57.04,67.46,V1282_006
13/10/2014 15:37,-57.57,65.81,V1282_006
14/10/2014 03:37,-57.6,65.04,V1282_006
14/10/2014 15:24,-54.5,69.17,V1282_006
15/10/2014 03:30,-56.03,70.33,V1282_006
15/10/2014 15:26,-55.06,70.81,V1282_006
16/10/2014 03:28,-55.59,70.75,V1282_006
16/10/2014 15:36,-57.61,67.94,V1282_006
17/10/2014 03:40,-58.64,68.56,V1282_006
17/10/2014 15:30,-56.16,70.59,V1282_006
18/10/2014 03:25,-54.94,68.85,V1282_006
18/10/2014 15:29,-55.96,67.2,V1282_006
19/10/2014 03:33,-56.99,67.81,V1282_006
19/10/2014 15:33,-57.01,67.3,V1282_006
20/10/2014 03:38,-58.16,67.99,V1282_006
20/10/2014 15:40,-58.68,66.98,V1282_006
21/10/2014 03:38,-58.32,66.08,V1282_006
21/10/2014 15:29,-56.09,67.94,V1282_006
22/10/2014 03:25,-55.11,66.5,V1282_006
22/10/2014 15:20,-53.88,67.3,V1282_006
23/10/2014 03:29,-56.15,68.84,V1282_006
23/10/2014 15:35,-57.79,67.02,V1282_006
24/10/2014 03:34,-57.56,66.37,V1282_006
24/10/2014 15:38,-58.45,65.08,V1282_006
25/10/2014 03:39,-58.59,64.79,V1282_006
25/10/2014 15:36,-57.98,65.02,V1282_006
26/10/2014 03:34,-57.49,64.1,V1282_006
26/10/2014 15:39,-58.76,62.3,V1282_006
27/10/2014 03:46,-60.52,63.82,V1282_006
27/10/2014 15:39,-58.78,65.14,V1282_006
28/10/2014 03:40,-59.04,65,V1282_006
28/10/2014 15:32,-57.05,66.34,V1282_006
29/10/2014 03:26,-55.69,64.85,V1282_006
29/10/2014 15:34,-57.57,62.71,V1282_006
30/10/2014 03:39,-58.83,63.57,V1282_006
30/10/2014 15:36,-58.08,63.92,V1282_006
31/10/2014 03:42,-59.46,64.77,V1282_006
31/10/2014 15:45,-60.34,63.69,V1282_006
01/11/2014 03:43,-59.72,62.8,V1282_006
01/11/2014 15:38,-58.48,63.59,V1282_006
02/11/2014 03:42,-59.48,64.12,V1282_006
02/11/2014 15:41,-59.36,63.91,V1282_006
03/11/2014 03:37,-58.23,62.66,V1282_006
03/11/2014 15:35,-57.86,62.68,V1282_006
04/11/2014 03:41,-59.23,63.53,V1282_006
04/11/2014 15:40,-59.1,63.34,V1282_006
05/11/2014 03:38,-58.73,62.75,V1282_006
05/11/2014 15:36,-58.1,62.98,V1282_006
06/11/2014 03:36,-58.22,62.8,V1282_006
06/11/2014 15:39,-58.84,62.02,V1282_006
07/11/2014 03:40,-58.96,61.85,V1282_006
07/11/2014 15:38,-58.58,61.89,V1282_006
08/11/2014 03:45,-60.44,63.08,V1282_006
08/11/2014 15:44,-59.93,63.19,V1282_006
09/11/2014 03:39,-58.67,62.01,V1282_006
09/11/2014 15:33,-57.29,62.79,V1282_006
10/11/2014 03:41,-59.28,63.91,V1282_006
10/11/2014 15:35,-57.89,64.55,V1282_006
11/11/2014 03:38,-58.5,64.7,V1282_006
11/11/2014 15:43,-59.61,63.79,V1282_006
12/11/2014 03:40,-58.97,63.17,V1282_006
12/11/2014 15:36,-57.96,63.6,V1282_006
13/11/2014 03:37,-58.19,63.54,V1282_006
13/11/2014 15:38,-58.42,63.17,V1282_006
14/11/2014 03:38,-58.41,62.97,V1282_006
14/11/2014 15:43,-59.51,62.02,V1282_006
15/11/2014 03:44,-59.87,62.07,V1282_006
15/11/2014 15:39,-58.47,62.75,V1282_006
16/11/2014 03:42,-59.2,63.01,V1282_006
16/11/2014 15:41,-59.05,62.9,V1282_006
17/11/2014 03:39,-58.53,62.41,V1282_006
17/11/2014 15:39,-58.5,62.22,V1282_006
18/11/2014 03:39,-58.35,61.96,V1282_006
18/11/2014 15:40,-58.7,61.54,V1282_006
19/11/2014 03:54,-62.17,63.42,V1282_006
19/11/2014 15:50,-61.27,63.71,V1282_006
20/11/2014 03:38,-58.12,61.79,V1282_006
20/11/2014 15:40,-58.59,61.32,V1282_006
21/11/2014 03:47,-60.43,62.27,V1282_006
21/11/2014 15:42,-59.03,62.87,V1282_006
22/11/2014 03:40,-58.37,62.38,V1282_006
22/11/2014 15:43,-59.09,61.8,V1282_006
23/11/2014 03:46,-59.93,62.14,V1282_006
23/11/2014 15:48,-60.39,61.71,V1282_006
24/11/2014 03:50,-60.98,61.91,V1282_006
24/11/2014 15:46,-59.82,62.38,V1282_006
25/11/2014 03:41,-58.41,61.49,V1282_006
25/11/2014 15:41,-58.5,61.28,V1282_006
26/11/2014 03:44,-59.21,61.56,V1282_006
26/11/2014 15:48,-60.29,60.79,V1282_006
27/11/2014 03:55,-61.88,61.57,V1282_006
27/11/2014 15:50,-60.59,62.1,V1282_006
28/11/2014 03:48,-60.04,61.72,V1282_006
28/11/2014 15:48,-60.13,61.53,V1282_006
29/11/2014 03:56,-61.83,62.31,V1282_006
29/11/2014 15:50,-60.54,62.79,V1282_006
30/11/2014 03:43,-58.62,61.77,V1282_006
30/11/2014 15:45,-59.2,61.34,V1282_006
01/12/2014 03:54,-61.15,62.23,V1282_006
01/12/2014 15:55,-61.36,62.01,V1282_006
02/12/2014 03:49,-60.06,61.28,V1282_006
02/12/2014 15:49,-60.01,61.18,V1282_006
03/12/2014 03:48,-59.59,60.89,V1282_006
03/12/2014 15:42,-57.91,61.62,V1282_006
04/12/2014 03:44,-58.49,61.83,V1282_006
04/12/2014 15:35,-56.31,62.71,V1282_006
05/12/2014 03:31,-55.14,62.12,V1282_006
05/12/2014 15:36,-56.46,61.39,V1282_006
06/12/2014 03:41,-57.41,61.79,V1282_006
06/12/2014 15:42,-57.61,61.59,V1282_006
07/12/2014 03:39,-56.8,61.15,V1282_006
07/12/2014 15:38,-56.63,61.14,V1282_006
08/12/2014 03:42,-57.45,61.49,V1282_006
08/12/2014 15:42,-57.39,61.42,V1282_006
09/12/2014 03:47,-58.71,61.98,V1282_006
09/12/2014 15:44,-57.78,62.3,V1282_006
10/12/2014 03:43,-57.47,62.13,V1282_006
10/12/2014 15:48,-58.92,61.41,V1282_006
11/12/2014 03:48,-58.86,61.35,V1282_006
11/12/2014 15:45,-57.8,61.75,V1282_006
12/12/2014 03:49,-58.87,62.19,V1282_006
12/12/2014 15:38,-55.94,63.28,V1282_006
13/12/2014 03:39,-56.13,63.33,V1282_006
13/12/2014 15:39,-56.19,63.24,V1282_006
14/12/2014 03:36,-55.38,62.92,V1282_006
14/12/2014 15:36,-55.45,62.84,V1282_006
15/12/2014 03:34,-54.89,62.61,V1282_006
15/12/2014 15:47,-57.95,61.25,V1282_006
16/12/2014 03:56,-60.14,62.19,V1282_006
16/12/2014 15:53,-59.21,62.52,V1282_006
17/12/2014 03:49,-58.27,62.14,V1282_006
17/12/2014 15:46,-57.46,62.42,V1282_006
18/12/2014 03:46,-57.4,62.4,V1282_006
18/12/2014 15:42,-56.34,62.78,V1282_006
19/12/2014 03:54,-59.4,63.88,V1282_006
19/12/2014 15:58,-60.21,63.57,V1282_006
20/12/2014 03:48,-57.78,62.69,V1282_006
20/12/2014 15:48,-57.72,62.68,V1282_006
21/12/2014 03:44,-56.53,62.24,V1282_006
21/12/2014 15:47,-57.34,61.87,V1282_006
22/12/2014 03:48,-57.53,61.98,V1282_006
22/12/2014 15:39,-55.09,62.92,V1282_006
23/12/2014 03:45,-56.66,63.51,V1282_006
23/12/2014 15:46,-56.84,63.43,V1282_006
24/12/2014 03:41,-55.28,62.89,V1282_006
24/12/2014 15:47,-56.97,62.22,V1282_006
25/12/2014 03:44,-56.03,61.87,V1282_006
25/12/2014 15:49,-57.34,61.29,V1282_006
26/12/2014 04:12,-63.03,63.59,V1282_006
26/12/2014 16:02,-60.35,64.47,V1282_006
27/12/2014 03:44,-55.79,62.95,V1282_006
27/12/2014 15:56,-58.6,61.82,V1282_006
28/12/2014 04:00,-59.54,62.27,V1282_006
28/12/2014 15:56,-58.6,62.65,V1282_006
29/12/2014 03:53,-57.79,62.39,V1282_006
29/12/2014 15:59,-59.35,61.74,V1282_006
30/12/2014 03:59,-59.29,61.78,V1282_006
30/12/2014 15:56,-58.48,62.14,V1282_006
31/12/2014 03:58,-58.67,62.29,V1282_006
31/12/2014 15:54,-57.74,62.69,V1282_006
01/01/2015 03:45,-55.55,61.85,V1282_006
01/01/2015 15:49,-56.5,61.46,V1282_006
02/01/2015 03:48,-56.06,61.34,V1282_006
02/01/2015 15:46,-55.63,61.57,V1282_006
03/01/2015 03:48,-55.94,61.8,V1282_006
03/01/2015 15:50,-56.51,61.58,V1282_006
04/01/2015 03:54,-57.2,61.98,V1282_006
04/01/2015 16:00,-58.65,61.36,V1282_006
05/01/2015 03:48,-55.84,60.04,V1282_006
05/01/2015 15:45,-54.79,60.64,V1282_006
06/01/2015 03:45,-54.98,60.85,V1282_006
06/01/2015 15:52,-56.55,60.07,V1282_006
07/01/2015 03:50,-56,59.88,V1282_006
07/01/2015 15:46,-54.94,60.51,V1282_006
08/01/2015 03:50,-55.89,61.12,V1282_006
08/01/2015 15:47,-55.21,61.52,V1282_006
09/01/2015 03:51,-56.16,62.09,V1282_006
09/01/2015 15:54,-56.61,61.94,V1282_006
10/01/2015 03:43,-53.8,60.64,V1282_006
10/01/2015 15:48,-55.13,59.98,V1282_006
11/01/2015 03:47,-54.95,60.01,V1282_006
11/01/2015 15:47,-54.9,60.12,V1282_006
12/01/2015 03:53,-56.23,61,V1282_006
12/01/2015 15:49,-55.31,61.57,V1282_006
13/01/2015 03:42,-53.26,60.61,V1282_006
13/01/2015 15:47,-54.71,59.85,V1282_006
14/01/2015 03:40,-52.79,58.79,V1282_006
14/01/2015 15:38,-52.12,59.32,V1282_006
15/01/2015 03:40,-52.58,59.77,V1282_006
15/01/2015 15:41,-52.91,59.66,V1282_006
16/01/2015 03:37,-51.74,59.07,V1282_006
16/01/2015 15:31,-50.19,60.17,V1282_006
17/01/2015 03:31,-50.15,60.31,V1282_006
17/01/2015 15:27,-49.36,60.9,V1282_006
18/01/2015 03:27,-49.32,61.05,V1282_006
18/01/2015 15:34,-51.03,60.12,V1282_006
19/01/2015 03:30,-49.99,59.62,V1282_006
19/01/2015 15:24,-48.33,60.82,V1282_006
20/01/2015 03:25,-48.54,61.13,V1282_006
20/01/2015 15:26,-48.88,61.06,V1282_006
21/01/2015 03:21,-47.47,60.34,V1282_006
21/01/2015 15:29,-49.56,59.03,V1282_006
22/01/2015 03:29,-49.4,59.12,V1282_006
22/01/2015 15:28,-49.11,59.48,V1282_006
23/01/2015 03:19,-46.83,57.93,V1282_006
23/01/2015 15:21,-47.3,57.71,V1282_006
24/01/2015 03:22,-47.39,58.01,V1282_006
24/01/2015 15:19,-46.74,58.71,V1282_006
25/01/2015 03:20,-46.96,59.1,V1282_006
25/01/2015 15:16,-45.93,60.06,V1282_006
26/01/2015 03:21,-47.15,61.15,V1282_006
26/01/2015 15:28,-49,60,V1282_006
27/01/2015 03:25,-48.22,59.63,V1282_006
27/01/2015 15:27,-48.57,59.55,V1282_006
28/01/2015 03:26,-48.29,59.56,V1282_006
28/01/2015 15:24,-47.9,60.08,V1282_006
29/01/2015 03:27,-48.5,60.79,V1282_006
29/01/2015 15:32,-49.73,60.04,V1282_006
30/01/2015 03:28,-48.7,59.44,V1282_006
30/01/2015 15:25,-47.93,60.3,V1282_006
31/01/2015 03:24,-47.66,60.33,V1282_006
31/01/2015 15:24,-47.77,60.47,V1282_006
01/02/2015 03:17,-45.88,59.09,V1282_006
01/02/2015 15:13,-44.86,60.23,V1282_006
02/02/2015 03:18,-45.97,61.42,V1282_006
02/02/2015 15:18,-46.08,61.57,V1282_006
03/02/2015 03:18,-46.06,61.83,V1282_006
03/02/2015 15:15,-45.18,62.77,V1282_006
04/02/2015 03:01,-41.79,60.22,V1282_006
04/02/2015 15:00,-41.4,60.84,V1282_006
05/02/2015 02:56,-40.51,60.32,V1282_006
05/02/2015 15:00,-41.38,59.77,V1282_006
06/02/2015 03:05,-42.74,61.36,V1282_006
06/02/2015 15:04,-42.61,61.77,V1282_006
07/02/2015 02:53,-39.73,59.28,V1282_006
07/02/2015 14:47,-38.22,61.1,V1282_006
08/02/2015 02:43,-37.34,60.56,V1282_006
08/02/2015 14:50,-38.96,59.16,V1282_006
09/02/2015 02:49,-38.58,59.07,V1282_006
09/02/2015 14:48,-38.33,59.7,V1282_006
10/02/2015 02:42,-37.07,58.59,V1282_006
10/02/2015 14:41,-36.82,59.25,V1282_006
11/02/2015 02:42,-36.94,59.75,V1282_006
11/02/2015 14:43,-37.32,59.68,V1282_006
12/02/2015 02:41,-36.82,59.45,V1282_006
12/02/2015 14:39,-36.32,60.43,V1282_006
13/02/2015 02:41,-36.7,61.24,V1282_006
13/02/2015 14:38,-35.95,62.45,V1282_006
14/02/2015 02:32,-34.33,61,V1282_006
14/02/2015 14:37,-35.71,59.68,V1282_006
15/02/2015 02:38,-35.96,60.43,V1282_006
15/02/2015 14:48,-38.34,57.5,V1282_006
16/02/2015 02:45,-37.72,56.96,V1282_006
16/02/2015 14:44,-37.48,57.83,V1282_006
17/02/2015 02:46,-37.87,58.89,V1282_006
17/02/2015 14:46,-38,59.17,V1282_006
18/02/2015 02:47,-38.26,60.03,V1282_006
18/02/2015 14:57,-40.64,56.6,V1282_006
19/02/2015 02:58,-40.9,57.58,V1282_006
19/02/2015 14:54,-39.92,59.8,V1282_006
20/02/2015 02:45,-37.8,56.55,V1282_006
20/02/2015 14:44,-37.57,57.59,V1282_006
21/02/2015 02:49,-38.83,60.39,V1282_006
21/02/2015 14:46,-38.09,62.13,V1282_006
22/02/2015 02:44,-37.73,62.11,V1282_006
22/02/2015 14:41,-37,63.8,V1282_006
23/02/2015 02:40,-36.64,63.82,V1282_006
23/02/2015 14:50,-39.16,60.24,V1282_006
24/02/2015 02:43,-37.55,57.5,V1282_006
24/02/2015 14:38,-36.07,61.29,V1282_006
25/02/2015 02:34,-35.09,59.97,V1282_006
25/02/2015 14:40,-36.73,56.93,V1282_006
26/02/2015 02:38,-36.25,56.37,V1282_006
26/02/2015 14:30,-34.27,61.87,V1282_006
27/02/2015 02:38,-36.17,66.01,V1282_006
27/02/2015 14:46,-38.44,62.63,V1282_006
28/02/2015 02:40,-36.96,59.96,V1282_006
28/02/2015 14:37,-35.98,63.17,V1282_006
01/03/2015 02:37,-36.01,64.01,V1282_006
01/03/2015 14:39,-36.66,63.5,V1282_006
02/03/2015 02:45,-38.18,67.44,V1282_006
02/03/2015 14:49,-39.21,66.41,V1282_006
03/03/2015 02:46,-38.48,65.74,V1282_006
03/03/2015 14:48,-38.88,65.88,V1282_006
04/03/2015 02:43,-37.91,64.41,V1282_006
04/03/2015 14:47,-38.81,63.02,V1282_006
05/03/2015 02:43,-37.96,61.3,V1282_006
05/03/2015 14:49,-39.49,56.27,V1282_006
06/03/2015 02:57,-41.4,65.28,V1282_006
06/03/2015 14:51,-39.92,70.61,V1282_006
07/03/2015 02:56,-41.08,74,V1282_006
07/03/2015 15:00,-42.11,73.42,V1282_006
08/03/2015 02:55,-41.01,72.36,V1282_006
08/03/2015 14:57,-41.54,72.67,V1282_006
09/03/2015 02:54,-40.82,72.32,V1282_006
09/03/2015 14:58,-41.73,71.44,V1282_006
10/03/2015 02:50,-39.89,64.61,V1282_006
10/03/2015 14:35,-36.17,79.82,V1282_006
11/03/2015 02:36,-36.45,81.9,V1282_006
11/03/2015 14:53,-40.73,72.83,V1282_006
12/03/2015 02:46,-38.89,57.28,V1282_006
12/03/2015 14:48,-39.55,49.97,V1282_006
13/03/2015 02:50,-40.21,73.54,V1282_006
13/03/2015 14:50,-40.12,90,V1282_006
14/03/2015 02:49,-39.9,90,V1282_006
14/03/2015 14:53,-40.81,90,V1282_006
15/03/2015 02:51,-40.47,90,V1282_006
15/03/2015 14:48,-39.63,90,V1282_006
16/03/2015 02:55,-41.54,90,V1282_006
16/03/2015 14:56,-41.7,90,V1282_006
17/03/2015 02:46,-39.49,90,V1282_006
17/03/2015 14:55,-41.52,50.55,V1282_006
18/03/2015 02:57,-42.06,90,V1282_006
18/03/2015 14:52,-40.97,90,V1282_006
19/03/2015 02:46,-39.38,33.75,V1282_006
19/03/2015 14:38,-37.42,90,V1282_006
20/03/2015 02:36,-37.08,90,V1282_006
20/03/2015 14:52,-41.24,59.05,V1282_006
21/03/2015 02:49,-40.53,61.26,V1282_006
21/03/2015 14:57,-42.32,66.38,V1282_006
22/03/2015 02:54,-41.73,66.85,V1282_006
22/03/2015 14:48,-40.27,60.39,V1282_006
23/03/2015 02:42,-38.93,63.99,V1282_006
23/03/2015 14:38,-37.71,58.05,V1282_006
24/03/2015 02:45,-39.5,-71.14,V1282_006
24/03/2015 14:50,-40.92,53.4,V1282_006
25/03/2015 02:40,-38.58,61.56,V1282_006
25/03/2015 14:40,-38.62,-82.77,V1282_006
26/03/2015 02:38,-37.9,61.59,V1282_006
26/03/2015 14:44,-39.57,-86.21,V1282_006
27/03/2015 02:43,-39.35,64.17,V1282_006
27/03/2015 14:45,-39.89,64.34,V1282_006
28/03/2015 02:48,-40.68,61.91,V1282_006
28/03/2015 14:51,-41.34,62.44,V1282_006
29/03/2015 02:42,-39.38,65.38,V1282_006
29/03/2015 14:40,-38.79,63.59,V1282_006
30/03/2015 02:42,-39.33,61.9,V1282_006
30/03/2015 14:47,-40.62,63.47,V1282_006
31/03/2015 02:38,-38.41,66.21,V1282_006
31/03/2015 14:37,-38.07,65.08,V1282_006
01/04/2015 02:41,-39.36,62.52,V1282_006
01/04/2015 14:42,-39.64,62.29,V1282_006
02/04/2015 02:47,-40.8,59.64,V1282_006
02/04/2015 14:41,-39.34,55.76,V1282_006
03/04/2015 02:43,-39.88,53.82,V1282_006
03/04/2015 14:51,-41.92,57.69,V1282_006
04/04/2015 02:39,-38.95,62.22,V1282_006
04/04/2015 14:41,-39.49,62.38,V1282_006
05/04/2015 02:53,-42.4,57.07,V1282_006
05/04/2015 14:53,-42.44,56.47,V1282_006
06/04/2015 02:41,-39.6,60.77,V1282_006
06/04/2015 14:43,-40.13,60.97,V1282_006
07/04/2015 02:42,-39.92,60.81,V1282_006
07/04/2015 14:43,-40.33,60.82,V1282_006
08/04/2015 02:41,-39.86,61,V1282_006
08/04/2015 14:44,-40.52,61.33,V1282_006
09/04/2015 02:43,-40.43,61.02,V1282_006
09/04/2015 14:41,-39.97,59.92,V1282_006
10/04/2015 02:38,-39,60.74,V1282_006
10/04/2015 14:43,-40.53,62.04,V1282_006
11/04/2015 02:34,-38.19,64.01,V1282_006
11/04/2015 14:36,-38.72,64.07,V1282_006
12/04/2015 02:40,-39.88,62.63,V1282_006
12/04/2015 14:35,-38.54,60.81,V1282_006
13/04/2015 02:37,-39.07,59.84,V1282_006
13/04/2015 14:42,-40.35,60.82,V1282_006
14/04/2015 02:31,-37.63,63.11,V1282_006
14/04/2015 14:36,-38.92,63.8,V1282_006
15/04/2015 02:39,-39.82,62.72,V1282_006
15/04/2015 14:32,-37.98,60.62,V1282_006
16/04/2015 02:28,-37.13,61.11,V1282_006
16/04/2015 14:33,-38.16,61.68,V1282_006
17/04/2015 02:30,-37.44,62,V1282_006
17/04/2015 14:31,-37.72,61.88,V1282_006
18/04/2015 02:31,-37.75,61.56,V1282_006
18/04/2015 14:33,-38.28,61.66,V1282_006
19/04/2015 02:31,-37.93,61.65,V1282_006
19/04/2015 14:39,-39.96,62.89,V1282_006
20/04/2015 02:33,-38.48,63.65,V1282_006
20/04/2015 14:38,-39.64,64.1,V1282_006
21/04/2015 02:36,-39.16,64.13,V1282_006
21/04/2015 14:41,-40.69,64.76,V1282_006
22/04/2015 02:44,-41.46,64.05,V1282_006
22/04/2015 14:38,-39.99,62.82,V1282_006
23/04/2015 02:25,-36.64,64.61,V1282_006
23/04/2015 14:21,-35.66,63.79,V1282_006
24/04/2015 02:27,-37.31,62.51,V1282_006
24/04/2015 14:32,-38.33,62.89,V1282_006
25/04/2015 02:30,-37.98,62.86,V1282_006
25/04/2015 14:30,-37.87,62.53,V1282_006
26/04/2015 02:30,-38.02,62.2,V1282_006
26/04/2015 14:32,-38.54,62.27,V1282_006
27/04/2015 02:34,-38.94,61.79,V1282_006
27/04/2015 14:38,-40.08,62.23,V1282_006
28/04/2015 02:42,-41.23,61.29,V1282_006
28/04/2015 14:47,-42.37,61.75,V1282_006
29/04/2015 02:38,-40.14,62.82,V1282_006
29/04/2015 14:34,-39.15,62.03,V1282_006
30/04/2015 02:31,-38.3,62.3,V1282_006
30/04/2015 14:36,-39.69,62.81,V1282_006
01/05/2015 02:33,-38.95,62.98,V1282_006
01/05/2015 14:27,-37.47,61.99,V1282_006
02/05/2015 02:34,-39.11,60.85,V1282_006
02/05/2015 14:35,-39.37,60.78,V1282_006
03/05/2015 02:25,-37.01,61.89,V1282_006
03/05/2015 14:36,-39.65,62.98,V1282_006
04/05/2015 02:37,-40.04,62.61,V1282_006
04/05/2015 14:36,-39.8,62.29,V1282_006
05/05/2015 02:36,-39.69,62.16,V1282_006
05/05/2015 14:45,-42.07,63.05,V1282_006
06/05/2015 02:35,-39.58,63.9,V1282_006
06/05/2015 14:34,-39.22,63.57,V1282_006
07/05/2015 02:35,-39.47,63.3,V1282_006
07/05/2015 14:38,-40.36,63.47,V1282_006
08/05/2015 02:41,-41.12,62.99,V1282_006
08/05/2015 14:36,-39.75,62.25,V1282_006
09/05/2015 02:41,-41.13,61.45,V1282_006
09/05/2015 14:41,-41.26,61.34,V1282_006
10/05/2015 02:35,-39.64,61.89,V1282_006
10/05/2015 14:40,-40.9,62.25,V1282_006
11/05/2015 02:36,-39.9,62.49,V1282_006
11/05/2015 14:32,-38.9,61.93,V1282_006
12/05/2015 02:34,-39.41,61.56,V1282_006
12/05/2015 14:38,-40.53,61.86,V1282_006
13/05/2015 02:39,-40.66,61.66,V1282_006
13/05/2015 14:41,-41.29,61.75,V1282_006
14/05/2015 02:23,-36.79,63.23,V1282_006
14/05/2015 14:11,-33.66,61.99,V1282_006
15/05/2015 02:18,-35.54,61.11,V1282_006
15/05/2015 14:26,-37.54,61.75,V1282_006
16/05/2015 02:28,-38.04,61.41,V1282_006
16/05/2015 14:34,-39.41,61.79,V1282_006
17/05/2015 02:18,-35.53,62.96,V1282_006
